sr_no,date,startup_name,industry_vertical,subvertical,city_location,investors_name,investment_type,amount_in_usd,remarks,city_clean,industry_clean,amount_clean,date_clean
1,9/1/2020,BYJU’S,E-Tech,E-learning,Bengaluru,Tiger Global Management,Private Equity Round,"20,00,00,000",,Bengaluru,E-Tech,200000000,1/9/2020
2,13/01/2020,Shuttl,Transportation,App based shuttle service,Gurugram,Susquehanna Growth Equity,Series C,"80,48,394",,Gurugram,Transportation,8048394,1/13/2020
3,9/1/2020,Mamaearth,E-commerce,Retailer of baby and toddler products,Bengaluru,Sequoia Capital India,Series B,"1,83,58,860",,Bengaluru,E-Commerce,18358860,1/9/2020
4,2/1/2020,https://www.wealthbucket.in/,FinTech,Online Investment,New Delhi,Vinod Khatumal,Pre-series A,"30,00,000",,New Delhi,FinTech,3000000,1/2/2020
5,2/1/2020,Fashor,Fashion and Apparel,Embroiled Clothes For Women,Mumbai,Sprout Venture Partners,Seed Round,"18,00,000",,Mumbai,Fashion and Apparel,1800000,1/2/2020
6,13/01/2020,Pando,Logistics,"Open-market, freight management platform",Chennai,Chiratae Ventures,Series A,"90,00,000",,Chennai,Logistics,9000000,1/13/2020
7,10/1/2020,Zomato,Hospitality,Online Food Delivery Platform,Gurugram,Ant Financial,Private Equity Round,"15,00,00,000",,Gurugram,Hospitality,150000000,1/10/2020
8,12/12/2019,Ecozen,Technology,Agritech,Pune,Sathguru Catalyzer Advisors,Series A,"60,00,000",,Pune,Technology,6000000,12/12/2019
9,6/12/2019,CarDekho,E-Commerce,Automobile,Gurugram,Ping An Global Voyager Fund,Series D,"7,00,00,000",,Gurugram,E-Commerce,70000000,12/6/2019
10,3/12/2019,Dhruva Space,Aerospace,Satellite Communication,Bengaluru,"Mumbai Angels, Ravikanth Reddy",Seed,"5,00,00,000",,Bengaluru,Aerospace,50000000,12/3/2019
11,13/12/2019,Rivigo,Technology,Logistics Services and Solutions,Gurugram,"SAIF Partners, Spring Canter Investment Ltd.",Series F,"2,00,00,000",,Gurugram,Technology,20000000,12/13/2019
12,17/12/2019,Healthians,B2B-focused foodtech startup,Food Solutions For Corporate,Bengaluru,"Paytm, NPTK, Sabre Partners and Neoplux",Series C,"1,20,00,000",,Bengaluru,B2B-focused foodtech startup,12000000,12/17/2019
13,16/12/2019,Licious,E-Commerce,Online Meat And Seafood Ordering Startup,Bengaluru,Vertex Growth Fund,Series E,"3,00,00,000",,Bengaluru,E-Commerce,30000000,12/16/2019
14,16/12/2019,InCred,Finance,Non-Banking Financial Company,Mumbai,Unknown,Debt Funding,"59,00,000",,Mumbai,Finance,5900000,12/16/2019
15,14/12/2019,Trell,Video,Experience Discovery Platform,Bengaluru,Ruizheng Investment,Seed Round,"20,00,000",,Bengaluru,Video,2000000,12/14/2019
16,11/12/2019,Rein Games,Gaming,Real money based gaming startup,Noida,Manipal Education and Medical Group (MEMG),Seed Round,"5,00,00,000",,Noida,Gaming,50000000,12/11/2019
17,20/12/2019,Lenskart.com,E-Commerce,Online Eyewear Shopping Portal,Faridabad,SoftBank Vision Fund,Series G,"23,10,00,000",,Faridabad,E-Commerce,231000000,12/20/2019
18,13/11/2019,Freshworks,Software,Business and customer engagement tools,San Francisco,"Sequoia, CapitalG, Accel",Series H,"15,00,00,000",,San Francisco,Software,150000000,11/13/2019
19,14/11/2019,Misters,Health and wellness,Men's Health and Wellness brand,Gurugram,"Sauce.vc, Rainforest Ventures",Series B,"4,86,000",,Gurugram,Health and wellness,486000,11/14/2019
20,13/11/2019,Sunstone Eduversity Pvt. Ltd,Education,Elearning,Gurugram,"Prime Venture Partners, LetsVenture, PS1 Venture and GlobalLogic co-founder Rajul Garg",Seed,"15,00,000",,Gurugram,Education,1500000,11/13/2019
21,17/11/2019,Burger Singh,Food and Beverage,Indian Burger Brand,Gurugram,RB Investments,Venture,undisclosed,,Gurugram,Food & Beverage,,11/17/2019
22,18/11/2019,Healthians,Health and Wellness,Healthcare services,Gurugram,"DG Daiwa Ventures, DG Incubation",Series B,"1,20,00,000",,Gurugram,Health and Wellness,12000000,11/18/2019
23,15/11/2019,Ninjacart,B2B Marketing,Agritech,Bengaluru,Trifecta Capital Advisors,Debt Funding,"2,60,00,000",,Bengaluru,B2B Marketing,26000000,11/15/2019
24,20/11/2019,Aye Finance,FinTech,Financial Services To MSMEs,Gurugram,FinTech,Debt Funding,"1,74,11,265",,Gurugram,FinTech,17411265,11/20/2019
25,12/11/2019,SuperGaming,Video Games,Social gaming platform,Pune,Dream Incubator,Seed Funding,"13,00,000",,Pune,Video Games,1300000,11/12/2019
26,20/11/2019,Clumio,SaaS,Recovery software,"San Jose,","Altimeter Capital, Sutter Hill Ventures",Series C,"13,50,00,000",,"San Jose,",SaaS,135000000,11/20/2019
27,11/11/2019,eBikeGo,Last Mile Transportation,Electric bike rental,Amritsar,Startup Buddy,Seed,"3,00,000",,Amritsar,Last Mile Transportation,300000,11/11/2019
28,19/11/2019,Digital Mall Asia,E-Commerce,Virtual e-commerce platform,New Delhi,Amour Infrastructure,Seed Funding,"22,00,00,000",,New Delhi,E-Commerce,220000000,11/19/2019
29,18/11/2019,Medikabazaar,Healthcare,B2B platform for medical supplies,Mumbai,"Ackermans & van Haaren, HealthQuad, Rebright Partners, Toppan Printing",Series B,"1,58,00,000",,Mumbai,Healthcare,15800000,11/18/2019
30,15/11/2019,Vogo Automotive,Last Mile Transportation,Scooter sharing app,Bengaluru,"Matrix Partners, Stellaris Venture Partners, Kalaari Capital",Series B,"28,30,00,000",,Bengaluru,Last Mile Transportation,283000000,11/15/2019
31,19/11/2019,Furtados School of Music,Education,Music Education,Tulangan,IAN Fund and DSG Consumer Partners,Unknown,"20,00,00,000",,Tulangan,Education,200000000,11/19/2019
32,25/11/2019,Paytm,FinTech,Mobile Wallet,Noida,Vijay Shekhar Sharma,Funding Round,"1,00,00,00,000",,Noida,FinTech,1000000000,11/25/2019
33,4/10/2019,Dunzo,Customer Service,Delivery Service,Bengaluru,Lightbox,Series D,"4,50,00,000",,Bengaluru,Customer Service,45000000,10/4/2019
34,2/10/2019,Udaan,B2B,Business development,Bengaluru,"Altimeter Capital, DST Global",Series D,"58,50,00,000",,Bengaluru,B2B,585000000,10/2/2019
35,21/10/2019,The Man Company,Consumer Goods,Beauty and Grooming,Gurugram,Ayushmann Khurana,Corporate Round,unknown,,Gurugram,Consumer Goods,,10/21/2019
36,5/9/2019,FPL Technologies,FinTech,Financial Services,Pune,"Matrix Partners India, Sequoia India",Maiden Round,"45,00,000",,Pune,FinTech,4500000,9/5/2019
37,4/9/2019,Cashflo,FinTech,Invoice discounting platform and SME lending marketplace,Mumbai,SAIF Partners,Series A,"33,00,000",,Mumbai,FinTech,3300000,9/4/2019
38,4/9/2019,Digital F5,"Advertising, Marketing",Digital marketing firm,Mumbai,TIW Private Equity,Private Equity Round,"60,00,000",,Mumbai,"Advertising, Marketing",6000000,9/4/2019
39,4/9/2019,3rdFlix,SaaS,Education Technology,Hyderabad,Exfinity Venture Partners,pre-series A,"50,00,000",,Hyderabad,SaaS,5000000,9/4/2019
40,4/9/2019,75F,IoT,Building automation system,Burnsville,Breakthrough Energy Ventures,Series A,"1,80,00,000",,Burnsville,IoT,18000000,9/4/2019
41,4/9/2019,Myelin Foundry,Information Technology,Deep-technology,Bengaluru,Endiya Partners,Seed,"10,00,000",,Bengaluru,Information Technology,1000000,9/4/2019
42,4/9/2019,Atomberg Technology,Consumer Technology,"Consumer Electronics, Home Appliances",Mumbai,A91 Partners,Series A,"1,00,00,000",,Mumbai,Consumer Technology,10000000,9/4/2019
43,4/9/2019,GOQii,Health and Wellness,Wearable Fitness Bands,Menlo Park,Bennett Coleman and Company Ltd (BCCL),Series C,"45,00,00,000",,Menlo Park,Health and Wellness,450000000,9/4/2019
44,3/9/2019,Vyapar App,Accounting,Mobile-based Accounting Software,Bengaluru,"India Quotient, Axilor Ventures",Series A,"50,00,000",,Bengaluru,Accounting,5000000,9/3/2019
45,1/8/2019,CarDekho,E-Commerce,Automotive,Gurugram,SC GG India Mobility Holdings LLC,Series C,"2,00,00,000",,Gurugram,E-Commerce,20000000,8/1/2019
46,1/8/2019,Progcap,Finance,Supply Chain Management,New Delhi,Sequoia India,Series A,"50,00,000",,New Delhi,Finance,5000000,8/1/2019
47,1/8/2019,MyPetrolPump,Retail,Fuel Delivery,Bengaluru,Unknown,Seed Funding Round,"16,00,000",,Bengaluru,Retail,1600000,8/1/2019
48,1/8/2019,Alteria Capital,Finance,VC Funds,Mumbai,"Azim Premji, Binny Bansal",Single Venture,"14,00,00,000",,Mumbai,Finance,140000000,8/1/2019
49,1/8/2019,Pine Labs,Information Technology,Last-mile retail transaction technology,Noida,Pine Labs Pte Ltd,Corporate Round,"3,80,80,000",,Noida,Information Technology,38080000,8/1/2019
50,12/8/2019,Meesho,E-Commerce,Social Commerce,Bengaluru,Naspers,Series D,"12,50,00,000",,Bengaluru,E-Commerce,125000000,8/12/2019
51,13/08/2019,Cars24,E-Commerce,Car Retail,Gurugram,MS Dhoni,Series D,"1,10,00,000",,Gurugram,E-Commerce,11000000,8/13/2019
52,13/08/2019,Uniphore,Customer Service Platform,Conversational AI,Palo Alto,March Capital Partners,Series C,"5,10,00,000",,Palo Alto,Customer Service Platform,51000000,8/13/2019
53,23/08/2019,Zendrive,Automotive,Road Safety Analytics,San Francisco,XL Innovate,Series B,"3,70,00,000",,San Francisco,Automobile,37000000,8/23/2019
54,23/08/2019,Lo! Foods,Consumer Goods,Low carb food for Diabetics,Bengaluru,"Rashmi Daga (founder, FreshMenu), Raveen Sastry (co-founder, Myntra) and Mitesh Shah (finance chief, BookMyShow)",Seed Round,"5,00,000",,Bengaluru,Consumer Goods,500000,8/23/2019
55,23/08/2019,Tala,FinTech,Digital Lending Platform,Santa Monica,RPS Ventures,Series D,"11,00,00,000",,Santa Monica,FinTech,110000000,8/23/2019
56,22/08/2019,INDwealth,FinTech,Wealth Management,Gurugram,Tiger Global Management,Venture Round,"1,50,00,000",,Gurugram,FinTech,15000000,8/22/2019
57,21/08/2019,HungerBox,Food and Beverage,B2B Foodtech,Bengaluru,One97 Communications Ltd.,Series C,"65,90,000",,Bengaluru,Food & Beverage,6590000,8/21/2019
58,23/08/2019,AdmitKard,EdTech,University Admissions,Noida,Growth DNA,Seed Round,"10,00,000",,Noida,EdTech,1000000,8/23/2019
59,19/08/2019,Mishry Reviews,Services,Product Review,Gurugram,Vir Sanghvi,Series A,Undisclosed,,Gurugram,Services,,8/19/2019
60,19/08/2019,Grofers,E-Commerce,Grocery Delivery,Gurugram,Softbank Vision Fund,Series F,"7,00,00,000",,Gurugram,E-Commerce,70000000,8/19/2019
61,27/08/2019,Rapido Bike Taxi,Transportation,Bike Taxi,Bengaluru,Westbridge Capital,Series B,"3,90,00,00,000",,Bengaluru,Transportation,3900000000,8/27/2019
62,2/7/2019,RenewBuy,Finance,Auto Insurance,Gurugram,"Lok Capital, IIFL Wealth",Series B,"1,90,00,000",,Gurugram,Finance,19000000,7/2/2019
63,2/7/2019,Atlan,Information Technology,Big Data,Singapore,WaterBridge Ventures,Pre-Series A,"25,00,000",,Singapore,Information Technology,2500000,7/2/2019
64,1/7/2019,WizCounsel,Compliance,Consulting,New Delhi,Kapil Dev,Angel,"1,45,000",,New Delhi,Compliance,145000,7/1/2019
65,3/7/2019,Ola Cabs,Transport,Cabs,Bengaluru,"DIG Investment Ab, Deshe Holdings, Samih Toukan and Hussam Khoury",Series J,"10,00,000",,Bengaluru,Transportation,1000000,7/3/2019
66,1/7/2019,Uniphore,Artificial Intelligence,Speech Recognition,Chennai,March Capital Partners,Series C,"3,80,80,000",,Chennai,Artificial Intelligence,38080000,7/1/2019
67,4/7/2019,Daalchini Technologies,Food and Beverage,Digital Vending Machine,New Delhi,Artha Venture,Seed Round,"5,00,000",,New Delhi,Food & Beverage,500000,7/4/2019
68,10/7/2019,"""BYJU\\'S""",EdTech,Education,Bengaluru,Qatar Investment Authority,Private Equity Round,"15,00,00,000",,Bengaluru,EdTech,150000000,7/10/2019
69,11/7/2019,Moglix,E-Commerce,Industrial Tools and Equipments,Singapore,"Composite Capital Management, Sequoia Capital India, Tiger Global Management",Series D,"6,00,00,000",,Singapore,E-Commerce,60000000,7/11/2019
70,10/7/2019,Ezyhaul,Tech,Logistics,Singapore,Undisclosed,Series B,"1,60,00,000",,Singapore,Tech,16000000,7/10/2019
71,10/7/2019,Indus OS,Tech,Smartphone Operating System,Mumbai,Ventureast,Series B,"57,50,000",,Mumbai,Tech,5750000,7/10/2019
72,10/7/2019,HealthAssure,Health Care,Primary care medical network,Mumbai,Blume Ventures,Series A,"25,00,000",,Mumbai,Healthcare,2500000,7/10/2019
73,9/7/2019,House of Msasaba,Luxury Label,Clothes and Apparel,Mumbai,Binny Bansal,Series A,"10,00,000",,Mumbai,Luxury Label,1000000,7/9/2019
74,8/7/2019,Board Infinity,EdTech,Full-stack career platform,Mumbai,Multiple Angel Investors,Angel Round,"3,19,605",,Mumbai,EdTech,319605,7/8/2019
75,5/6/2019,NoBroker,E-Commerce,Real Estate,Bengaluru,General Atlantic,Series C,"5,10,00,000",,Bengaluru,E-Commerce,51000000,6/5/2019
76,4/6/2019,Bira91,Food and Beverage,Brewery,New Delhi,Anicut Capital,Debt Funding,"1,00,00,000",,New Delhi,Food & Beverage,10000000,6/4/2019
77,3/6/2019,FabHotels,E-Commerce,Hospitality,Gurugram,"Goldman Sachs, Accel Partners and Qualcomm",Unknown,"48,89,975.54",,Gurugram,E-Commerce,4889975.54,6/3/2019
78,3/6/2019,Avail Finance,Finance,FinTech,Bengaluru,Matrix Partners,Series A,"90,00,000",,Bengaluru,Finance,9000000,6/3/2019
79,4/6/2019,BharatPe,Finance,FinTech,New Delhi,Insight Partners,Series B,"7,50,00,000",,New Delhi,Finance,75000000,6/4/2019
80,4/6/2019,Recykal,Waste Management Service,Optimization,Hyderabad,"Triton Investment Advisors, Pidilite Industries director Ajay Parekh",pre-Series A,"2,60,00,000",,Hyderabad,Waste Management Service,26000000,6/4/2019
81,3/6/2019,Agara Labs,Deep-Tech,Artificial Intelligence,Bengaluru,Blume Ventures and RTP Global,pre-Series A,"25,00,000",,Bengaluru,Deep-Tech,2500000,6/3/2019
82,6/6/2019,Sistema.bio,Agriculture,Hybrid Reactor Biodigestor,Nairobi,"Shell Foundation, DILA CAPITAL, Engie RDE Fund, EcoEnterprise Fund, EDFIMC (ElectriFI), Endeavor Catalyst Fund, CoCapital, Triodos, Alpha Mundi, and Lendahand",Unknown,"27,39,034.68",,Nairobi,Agriculture,2739034.68,6/6/2019
83,6/6/2019,Chakr Innovation,Energy,Renewable Energy,New Delhi,IAN Fund,Series A,"2,60,00,000",,New Delhi,Energy,26000000,6/6/2019
84,6/6/2019,Pratilipi,Digital Media,E-Books,Bengaluru,Qiming Venture Partners,Series B,"1,51,09,500.00",,Bengaluru,Digital Media,15109500,6/6/2019
85,10/6/2019,Bolo App,Digital Media,Video Platform,Bengaluru,Nexus Venture Partners,Seed Funding,"4,30,200",,Bengaluru,Digital Media,430200,6/10/2019
86,10/6/2019,OkCredit,FinTech,Financial Services,Haryana,Tiger Global Management,Series A,"1,55,00,000",,Unknown,FinTech,15500000,6/10/2019
87,6/6/2019,Biz2Credit,FinTech,Online Lending Platform,New York,WestBridge Capital,Series B,"5,20,00,000",,New York,FinTech,52000000,6/6/2019
88,8/6/2019,Vogo Automotive Pvt. Ltd.,Transportation,Dockless Scooter Rental Company,Karnataka,Alteria Capital,Debt Funding,"35,84,000",,Unknown,Transportation,3584000,6/8/2019
89,4/6/2019,Leegality,Services,Digital Documentation,Mumbai/Bengaluru,Mumbai Angels,Series A,"34,00,000",,Mumbai,Services,3400000,6/4/2019
90,6/5/2019,Ola Electric,Transport,Cabs,Bengaluru,Tata Sons,Series A,undisclosed,,Bengaluru,Transportation,,5/6/2019
91,6/5/2019,Saahas Zero Waste,Waste Management Service,Optimization,Bengaluru,C4D Partners,Venture - Series Unknown,"8,68,600",,Bengaluru,Waste Management Service,868600,5/6/2019
92,5/5/2019,StyleDotMe,E-commerce,Fashion and Shopping,New Delhi,"Indian Angel Network and other angel investors, Innov8 founder Ritesh Malik, Josh Talks founders Supriya Paul and Shobha Banga, and former Hero Corporate president Rohit Chanana",Bridge Round,undisclosed,,New Delhi,E-Commerce,,5/5/2019
93,1/5/2019,BlackBuck,Transport,Logistics,Bengaluru,"Goldman Sachs Investment Partners and Silicon Valley-based Accel, Wellington, Sequoia Capital, B Capital, LightStreet, Sands Capital and International Finance Corporation,",Series D,"15,00,00,000",,Bengaluru,Transportation,150000000,5/1/2019
94,2/5/2019,Zenoti,Saas,Beauty and Wellness Industry,Hyderabad,Tiger Global Management,Series C,"5,00,00,000",,Hyderabad,SaaS,50000000,5/2/2019
95,28/05/2019,Ather Energy,Automobile,Electric Vehicle,Bengaluru,Sachin Bansal,Series C,"5,10,00,000",,Bengaluru,Automobile,51000000,5/28/2019
96,28/05/2019,FreshVnF,Agtech,Fresh Agriculture Produces,Mumbai,Equanimity Ventures,Seed Round,"14,00,00,000",,Mumbai,Agtech,140000000,5/28/2019
97,30/05/2019,GlowRoad,E-commerce,Retail,Bengaluru,"Korea Investment Partners, Vertex Ventures",Series B,"1,15,00,000",,Bengaluru,E-Commerce,11500000,5/30/2019
98,31/05/2019,Bira91,Food and Beverage,Brewery,New Delhi,Sixth Sense Ventures,Series B,"56,00,000",,New Delhi,Food & Beverage,5600000,5/31/2019
99,16/04/2019,Kuvera,Finance,Wealth Management,Bengaluru,Eight Roads,Series A,"4,50,00,000",,Bengaluru,Finance,45000000,4/16/2019
100,12/4/2019,Medlife,E-commerce,Online Medicine,Bengaluru,Prasid Uno Family Trust,Private Equity,"1,70,00,000",,Bengaluru,E-Commerce,17000000,4/12/2019
101,10/4/2019,Kabadiwala,E-commerce,Waste Management,Bhopal,"Unilever, Beehive Capital Advisor, ABCOM Investments, Parekh Marine Transport,",Private Equity,"4,30,665",,Bhopal,E-Commerce,430665,4/10/2019
102,13/04/2019,Tripoto,Social Media,Travel,New Delhi,"Orchid India, Hornbill Orchid India Fund, Chiratae Ventures (formerly IDG Ventures), 3one4 Capital, Lasmer NV",Series B,"35,91,375",,New Delhi,Social Media,3591375,4/13/2019
103,12/4/2019,Azah,Health and Wellness,Organic wellness,Gurugram,Unnamed angel investors,Seed Funding,"2,00,000",,Gurugram,Health and Wellness,200000,4/12/2019
104,11/4/2019,Setu,Fintech,Banking,Bengaluru,Lightspeed India Partners,Seed Funding,"35,00,000",,Bengaluru,FinTech,3500000,4/11/2019
105,10/4/2019,Toppr,Edtech,E-learning,Mumbai,Milestone,Debt and Preference capital,"63,20,820",,Mumbai,EdTech,6320820,4/10/2019
106,10/4/2019,Craftsvilla,E-commerce,Fashion and Apparel,Mumbai,Supera Pte Ltd,Inhouse Funding,"24,43,495",,Mumbai,E-Commerce,2443495,4/10/2019
107,10/4/2019,Unacademy,Edtech,E-learning,Bengaluru,Kalyan Krishnamurthy,Seed/ Angel Funding,"3,07,000",,Bengaluru,EdTech,307000,4/10/2019
108,11/4/2019,CleverTap,SaaS,Mobile analytics and marketing,Mumbai,"Sequoia India, Tiger Global Management, Accel Partners",Series B,"2,60,00,000",,Mumbai,SaaS,26000000,4/11/2019
109,19/04/2019,My Healthcare,E-commerce,Software Solutions,Bengaluru and Gurugram,Sixth Sense Ventures,Series A,"30,00,000",,Bengaluru,E-Commerce,3000000,4/19/2019
110,19/04/2019,KrazyBee,E-commerce,Lending Platform,Bengaluru,"BAC Acquisitions, Unifi AIF, BRD Securities, Northern R Capital",Debt,"14,342,000+",,Bengaluru,E-Commerce,14342000,4/19/2019
111,17/04/2019,Shuttl,Transportation,Bus Aggregation,Gurugram,New Atlantic Ventures,Venture Round,"50,00,000",,Gurugram,Transportation,5000000,4/17/2019
112,17/04/2019,Increff,Technology,Supply-chain technology solutions,Bengaluru,"021 Capita, Binny Bansal",Series A,"30,00,000",,Bengaluru,Technology,3000000,4/17/2019
113,1/2/2019,FleetX,AI,Logistics,Gurugram,India Quotient and LetsVenture\\xe2\\x80\\x99s Angel Fund,Pre Series A,Undisclosed,,Gurugram,AI,,2/1/2019
114,8/2/2019,Zilingo,Ecommerce,Fashion & Apparel,India/Singapore,"Sequoia Capital and Temasek Holdings, EDBI, Burda Principal Investments, and Sofina",Series D,"22,60,00,000",,Unknown,E-Commerce,226000000,2/8/2019
115,13/02/2019,NanoClean Global,Nanotechnology,Anti-Pollution,New Delhi,"LetsVenture, PitchRight Venture, 91SpringBoard, AL Nour International Holdings and Mark V Investments",Series A,"6,00,000",,New Delhi,Nanotechnology,600000,2/13/2019
116,14/02/2018,OyoRooms,Hospitality,Budget Rooms,Gurugram,DiDi Chuxing,Equity,"10,00,00,000",,Gurugram,Hospitality,100000000,2/14/2018
117,3/1/2019,CarDekho,Automobile,Online Marketplace,Jaipur,"Sequoia India, Hillhouse Capital, Alphabet\\xe2\\x80\\x99s growth investment arm Capital G and Axis Bank",Series C,"11,00,00,000",,Jaipur,Automobile,110000000,1/3/2019
118,4/1/2019,Vyome Therapeutics Inc.,Health and Wellness,Specialty pharmaceutical,India/US,"Iron Pillar, Perceptive Advisors, Romulus Capital and Kalaari Capital",Series D,"2,20,00,000",,Unknown,Health and Wellness,22000000,1/4/2019
119,4/1/2019,Samunnati Financial Intermediation & Services Pvt. Ltd,Finance,Non-banking financial company,Chennai,"MASSIF, a Dutch government fund",Debt-Funding,"50,00,000",,Chennai,Finance,5000000,1/4/2019
120,4/12/2018,Manch,Social Media,Hyperlocal Content,New Delhi,Stellaris Venture Partners,Seed Funding,"7,00,000",,New Delhi,Social Media,700000,12/4/2018
121,1/12/2018,UrbanClap Technologies Pvt. Ltd,Services Platform,Home services marketplace,New Delhi,Steadview Capital and Vy Capital.,Series D,"5,00,00,000",,New Delhi,Services Platform,50000000,12/1/2018
122,2/12/2018,Guiddoo,Travel Tech,Platform for travel agents,Mumbai,Individual Investors,Pre-Series A,"8,00,000",,Mumbai,Travel Tech,800000,12/2/2018
123,2/12/2018,Career Anna,Online Education,"Video-based certification, trainings",Gurugram,Individual Investors,Pre-Series A,"5,72,000",,Gurugram,Online Education,572000,12/2/2018
124,4/12/2018,Nagpur Wholesale,Online Marketplace,eCommerce,Nagpur,Omphalos Ventures India LLP,Seed Funding,"1,43,000",,Nagpur,Online Marketplace,143000,12/4/2018
125,6/12/2018,ShopKirana,B2B,eCommerce,Indore,"Info Edge, AET Fund, Akatsuki and Incubate Fund from Japan and Better Capital AngelList syndicate.",Seed Funding,"20,00,000",,Indore,B2B,2000000,12/6/2018
126,6/12/2018,BuildSupply,"SaaS, Ecommerce","Real Estate, ERP",Gurugram,"Venture Highway, GREE Ventures, Space Matrix, Individual Investors",Series A,"35,00,000",,Gurugram,"SaaS, Ecommerce",3500000,12/6/2018
127,1/11/2018,GoDesi,Food and Beverage,Regional Flavours,Bengaluru,Lead Angels Network,Seed/ Angel Funding,"1,38,995",,Bengaluru,Food & Beverage,138995,11/1/2018
128,3/11/2018,Veritas Finance Ltd.,NBFC,MSME Finance,Chennai,"Norwest Venture Partners, CDC Group, the UK\\xe2\\x80\\x99s Development Finance Institution and P Surendra Pai",Series D,"2,77,99,000",,Chennai,NBFC,27799000,11/3/2018
129,6/11/2018,Meesho,Ecommerce,Social Commerce,Bengaluru,"Shunwei Capital, DST Partners and RPS Ventures",Series C,"5,00,00,000",,Bengaluru,E-Commerce,50000000,11/6/2018
130,8/11/2018,Mobile Premier League,Gaming,Mobile e-Sports,Bengaluru,Undisclosed,Series A,"5,00,000",,Bengaluru,Gaming,500000,11/8/2018
131,8/11/2018,A&R Bon Vivants,Food,Meat Retail Chain,Jaipur,"RB Investments, Singapore",Equity,"10,00,000",,Jaipur,Food,1000000,11/8/2018
132,12/11/2018,Blackbuck,Food Tech,POS For Online Ordering,"New York, Bengaluru",Tiger Global,Series A,"10,00,000",,Bengaluru,Food Tech,1000000,11/12/2018
133,12/11/2018,MilkBAsket,Food,Micro-delivery grocery service,New Delhi,Mayfield Fund,Series B,"13,00,000",,New Delhi,Food,1300000,11/12/2018
134,13/11/2018,DriveU,Transport,On-Demand Drivers,Bengaluru,Stevens Creek Ventures,Mezzanine,"10,00,000",,Bengaluru,Transportation,1000000,11/13/2018
135,14/11/2018,CleanseCar,Services,Car Wash,Bengaluru,Venture Catalysts,Seed/ Angel Funding,"5,00,000",,Bengaluru,Services,500000,11/14/2018
136,19/11/2018,Automation Anywhere,Automation,Robotics,California,SoftBank Vision Fund,Series B,"30,00,00,000",,Unknown,Automation,300000000,11/19/2018
137,20/11/2018,HealthifyMe,Health and Wellness,Wellness Coach,Bengaluru,"Sistema Asia Fund, VC Samsung NEXT, Chiratae Ventures, Inventus Capital, Blume Ventures and Innoven Capital.",Series B (Extension),"60,00,000",,Bengaluru,Health and Wellness,6000000,11/20/2018
138,21/11/2018,Genius Corner,Education,Personalized Learning,Noida,Individual investors,Seed Funding,"2,78,000",,Noida,Education,278000,11/21/2018
139,22/11/2018,Aavishkaar-Intellecap Group,Investment,SME Funding,Mumbai,Teachers Insurance and Annuity Association (TIAA),Equity Based Funding,"3,10,00,000",,Mumbai,Investment,31000000,11/22/2018
140,22/11/2018,Skillbox,Social Network,Art,Gurugram,Individual investors,Seed Funding,Undisclosed,,Gurugram,Social Network,,11/22/2018
141,23/11/2018,Signzy,Financial Tech,Digital Onboarding Solution,Mumbai/Bengaluru,"Stellaris Venture Partners and Kalaari Capital, Rajan Anandan from Google, Dilip Khandwelwal from SAP Labs India, and Amrish Rau from PayU India",Series A,"34,00,000",,Mumbai,FinTech,3400000,11/23/2018
142,24/11/2018,Engineer.ai,Software,AI Platform,India/US,"Lakestar and Jungle Ventures, Softbank\\xe2\\x80\\x99s DeepCore.",Series A,"2,95,00,000",,Unknown,Software,29500000,11/24/2018
143,25/11/2018,InCred Finance,Finance,SME Lending,India,"Paragon Partners, Individual Investors",Private Equity,"4,20,00,000",,Unknown,Finance,42000000,11/25/2018
144,25/11/2018,Roposo,Social Media,Video Sharing,New Delhi,Bertelsmann India Investments,Series B,"17,00,000",,New Delhi,Social Media,1700000,11/25/2018
145,1/10/2018,Northmist,Fashion,Mens Wear,New Delhi,Prashant Jaiswal,Seed/ Angel Funding,,,New Delhi,Fashion,,10/1/2018
146,2/10/2018,Origo Commodities India Pvt. Ltd,Logistics,Supply Chain,Hyderabad,"Cooperative Oikocredit, Caspian and Hivos-Triodos Fund",Seed/ Angel Funding,"1,10,00,000",,Hyderabad,Logistics,11000000,10/2/2018
147,4/10/2018,Grover Zampa,Food,Wine,Mumbai,Ravi Viswanathan,Private Equity,"82,00,000",,Mumbai,Food,8200000,10/4/2018
148,5/10/2018,Droom,Automobile,New and Used Cars Platform,Gurugram,ZigExN,Series E,"30,00,000",,Gurugram,Automobile,3000000,10/5/2018
149,11/10/2018,Innov8,Real Estate,Co-Working,New Delhi,Credence Family Office,Pre-Series A,"40,00,000",,New Delhi,Real Estate,4000000,10/11/2018
150,12/10/2018,Blackbuck,Logistics Tech,Largest Trucking Platform,Bengaluru,Sequoia Capital India,Private Funding,"1,46,80,000",,Bengaluru,Logistics Tech,14680000,10/12/2018
151,12/10/2018,LetsTransport,Logistics Tech,Book Trucks Online,Bengaluru,Fosun International,Series C,"1,20,00,000",,Bengaluru,Logistics Tech,12000000,10/12/2018
152,1/9/2018,Netmeds,Consumer Internet,Online Pharmacy Chain,Chennai,"Sistema Asia Fund, Sistema JSFC and Tanncam Investment",Private Equity,"3,50,00,000",,Chennai,Consumer Internet,35000000,9/1/2018
153,3/9/2018,Udaan,B2B Platform,Logistics and Shipping,Bengaluru,DST Global and Lightspeed Venture Partners\\xe2\\x80\\x99 global fund.,Private Equity,"22,50,00,000",,Bengaluru,B2B Platform,225000000,9/3/2018
154,3/9/2018,Daily hunt,Consumer Internet,News and ebooks Mobile App\\xc2\\xa0,Bengaluru,Falcon Edge,Private Equity,"63,90,000",,Bengaluru,Consumer Internet,6390000,9/3/2018
155,4/9/2018,3HCare,Healthcare,Healthcare Service Provider,New Delhi,Unknown,Seed / Angel Funding,"10,00,000",,New Delhi,Healthcare,1000000,9/4/2018
156,4/9/2018,HappyGoEasy,Consumer Internet,Online Travel Agecy,Gurugram,"Korea Investment Partners (KIP), Samsung and China-based CITIC Capital and others",Private Equity,,,Gurugram,Consumer Internet,,9/4/2018
157,5/9/2018,Nykaa,Consumer Internet,Online Marketplace For Multi-brand Beauty Cosmetic and Wellness Products,Mumbai,Lighthouse,Private Equity,"15,72,00,000",,Mumbai,Consumer Internet,157200000,9/5/2018
158,5/9/2018,Mad Street Den,Technology,Computer Vision And Artificial Intelligence (Ai) Platform,Chennai,KDDI\\xc2\\xa0,Private Equity,,,Chennai,Technology,,9/5/2018
159,6/9/2018,Dream11,Consumer Internet,Online Gaming Platform,Mumbai,"Tencent, Kalaari Capital and Private equity firm Multiples Alternate Asset Management",Private Equity,"10,00,00,000",,Mumbai,Consumer Internet,100000000,9/6/2018
160,10/9/2018,MamaEarth,Healthcare,Online Marketplace For Mother and Babycare Products,Gurugram,Stellaris Ventures & Others,Private Equity,"40,00,000",,Gurugram,Healthcare,4000000,9/10/2018
161,11/9/2018,AutoGrid,Technology,AI-Based Energy Optimisation and Control Provider,Bengaluru,"CLP Holdings Group, Innogy, \\xc3\\x98rstead, and Tenaska",Private Equity,"3,20,00,000",,Bengaluru,Technology,32000000,9/11/2018
162,11/9/2018,Pharmeasy,Consumer Internet,Online Marketplace For Pharmaceutical Products,Mumbai,InnoVen Capital,Debt Funding,"55,00,000",,Mumbai,Consumer Internet,5500000,9/11/2018
163,11/9/2018,Upwards,Fin-Tech,Online Micro Lending Marketplace,Mumbai,"Shunwei Capital,Quotient, Mayfield & Others",Private Equity,"50,00,000",,Mumbai,FinTech,5000000,9/11/2018
164,12/9/2018,Kissht,Fin-Tech,Online lending Platform,Mumbai,"Vertex Ventures Southeast Asia (SEA) and India and Sistema Asia Fund, Fosun RZ Capital, Ventureast, and Endiya Partners.\\n\\n",Private Equity,"3,00,00,000",,Mumbai,FinTech,30000000,9/12/2018
165,1/8/2018,dishq,Food-Tech,Personalisation Technology Firm Focusing On The Food And Beverage Industry,Bengaluru,"Farm To Fork, Arts Alliance, The Syndicate Fund, Sven Hensen, Zeroth and Artesian Venture Partners",Seed/ Angel Funding,"4,00,000",,Bengaluru,Food-Tech,400000,8/1/2018
166,1/8/2018,HealthFin,Finance,Patient Financing Platform,Pune,"Axilor, Sprout Venture Partners and others",Seed/ Angel Funding,,,Pune,Finance,,8/1/2018
167,2/8/2018,Samosa Labs,Consumer Internet,Social Media and Chat Entertainment Platform,Hyderabad,Xiaomi and Sequoia Capital India,Private Equity,"70,00,000",,Hyderabad,Consumer Internet,7000000,8/2/2018
168,3/8/2018,ZiffyHomes,Consumer Internet,Online Home Rental Marketplace,Gurugram,Y Combinator,Private Equity,"1,20,000",,Gurugram,Consumer Internet,120000,8/3/2018
169,7/8/2018,My OmNamo,Consumer Internet,Holy Platform Offering Customised Puja Packages To Individuals and Corporates,Mumbai,Unknown,Seed/ Angel Funding,"10,00,000",,Mumbai,Consumer Internet,1000000,8/7/2018
170,7/8/2018,ShopX,Consumer Internet,Assisted E-commerce Platform,Bengaluru,Fung Strategic Holdings,Private Equity,"3,50,00,000",,Bengaluru,Consumer Internet,35000000,8/7/2018
171,7/8/2018,MakeMyTrip,Consumer Internet,Online Travel Aggregator,Gurugram,MakeMyTrip Limited,Private Equity,"1,00,00,000",,Gurugram,Consumer Internet,10000000,8/7/2018
172,8/8/2018,Hansel io,Consumer Internet,Real-time Mobile App Management,Bengaluru,Vertex Ventures,Seed/ Angel Funding,"40,00,000",,Bengaluru,Consumer Internet,4000000,8/8/2018
173,8/8/2018,Metro Bikes,Consumer Internet,Online Bike Rental Marketplace,Bengaluru,"Sequoia Capital India Advisors, Accel Partners and G Raghunandan",Private Equity,"1,22,00,000",,Bengaluru,Consumer Internet,12200000,8/8/2018
174,8/8/2018,Phone Pe,Consumer Internet,UPI Payments App,Bengaluru,Flipkart,Private Equity,"6,60,00,000",,Bengaluru,Consumer Internet,66000000,8/8/2018
175,9/8/2018,quizizz,Ed-Tech,e-learning Platform,Bengaluru,"Nexus Venture Partners, Prime Venture Partners and Others",Seed/ Angel Funding,"30,00,000",,Bengaluru,EdTech,3000000,8/9/2018
176,9/8/2018,Happy EMI,Fin-Tech,Consumer Financing Platform,Bengaluru,AJ Ventures and Jain International Trade Organisation (JITO),Seed/ Angel Funding,"10,00,000",,Bengaluru,FinTech,1000000,8/9/2018
177,13/08/2018,Inthree,Consumer Internet,Rural E-commerce Platform,Chennai,"Ventureast, Orios Venture Partners and the IAN Fund",Seed/ Angel Funding,"40,00,000",,Chennai,Consumer Internet,4000000,8/13/2018
178,13/08/2018,Observe AI,Technology,AI Based Solutions Platform,Bengaluru,"Nexus Venture Partners, MGV, Liquid 2 Ventures, Hack VC, Emergent Ventures and Y Combinator",Private Equity,"80,00,000",,Bengaluru,Technology,8000000,8/13/2018
179,16/08/2018,Enakshi,Consumer Internet,AI Based Solutions Platform,Ahmedabad,Unknown,Seed/ Angel Funding,"1,14,811",,Ahmedabad,Consumer Internet,114811,8/16/2018
180,17/08/2018,EazyDiner,Consumer Internet,Online Restaurant Table Reservation Platform,Gurugram,Denlow Investment Trust and Beenext,Private Equity,"58,50,000",,Gurugram,Consumer Internet,5850000,8/17/2018
181,20/08/2018,Finzy,Finance,Online Loan Matchmaking Platform,Bengaluru,Unknown,Seed / Angel Funding,"10,00,000",,Bengaluru,Finance,1000000,8/20/2018
182,20/08/2018,RawPressery,Consumer Internet,Online Organic Juice Delivery Service,Mumbai,Alteria Capital,Debt Funding,"48,00,000",,Mumbai,Consumer Internet,4800000,8/20/2018
183,22/08/2018,Pi Ventures,Technology,Applied Artificial Intelligence and IoT focused\\xc2\\xa0Platform,Bengaluru,CDC Group plc\\xc2\\xa0,Private Equity,"60,00,000",,Bengaluru,Technology,6000000,8/22/2018
184,22/08/2018,Revv,Consumer Internet,Online Indian Car Rental Platform,Gurugram,"Hyundai, Edelweiss and Beenext, Dream Incubator, Sunjay Kapoor and Telama Investment",Private Equity,"1,42,70,000",,Gurugram,Consumer Internet,14270000,8/22/2018
185,26/08/2018,ZestMoney,Consumer Internet,Online Lending Platform,Bengaluru,"Xiaomi,PayU, Ribbit Capital and Omidyar Network",Private Equity,"1,34,00,000",,Bengaluru,Consumer Internet,13400000,8/26/2018
186,26/08/2018,Shubh Loans,Fin-Tech,\\xc2\\xa0Customer Sourcing Platform\\xc2\\xa0,Bengaluru,"Saama Capital, SRI Capital, Beenext, and Pravega Ventures",Private Equity,"42,00,000",,Bengaluru,FinTech,4200000,8/26/2018
187,27/08/2018,MyUpchar,Healthcare,Local Language Health Content App,New Delhi,"Nexus Venture Partners, Omidyar Network and Shunwei Capital",Private Equity,"50,00,000",,New Delhi,Healthcare,5000000,8/27/2018
188,28/08/2018,Narvar,IT,Post-Purchase Customer Engagement Platform\\xc2\\xa0,Bengaluru,Accel (formerly known as Accel Partners),Private Equity,"30,00,000",,Bengaluru,Information Technology,3000000,8/28/2018
189,30/08/2018,True North,Finance,Private Equity Firm,Mumbai,Unknown,Private Equity,"60,00,00,000",,Mumbai,Finance,600000000,8/30/2018
190,1/7/2018,Leena AI,Technology,HR Virtual Agent For Employees,Gurugram,Y Combinator,Seed/ Angel Funding,,,Gurugram,Technology,,7/1/2018
191,2/7/2018,Biryani By Kilo,Consumer Internet,Online Food Delivery,Gurugram,Ajay Relan and Vinay Mittal,Seed/ Angel Funding,"10,00,000",,Gurugram,Consumer Internet,1000000,7/2/2018
192,4/7/2018,Anchanto,IT,E-commerce Fulfilment Platform,Pune,MDI Ventures & Telkom Indonesia,Private Equity,"40,00,000",,Pune,Information Technology,4000000,7/4/2018
193,05/072018,Loan Tap,Consumer Internet,Online Lending Platform For Salaried Professionals,Mumbai,"Shunwei Capital, Tuscan Ventures, Ashish Goenka, VC firms India Quotient and Kae Capital",Private Equity,"62,50,000",,Mumbai,Consumer Internet,6250000,7/5/2018
194,6/7/2018,PolicyBazaar,Consumer Internet,Online Insurance Selling Platform,Gurugram,Info Edge (India) Ltd and Temasek,Private Equity,"2,77,00,000",,Gurugram,Consumer Internet,27700000,7/6/2018
195,9/7/2018,zippserv,Consumer Internet,Online Platform For Risk-Assessment Services For Real Estate Investments,Bengaluru,Info Edge (India) Ltd,Seed/ Angel Funding,"4,40,000",,Bengaluru,Consumer Internet,440000,7/9/2018
196,9/7/2018,Groww,Consumer Internet,Online Platform That Sells Direct Plans Of Mutual Funds,Bengaluru,"Insignia Ventures Partners, Lightbridge Partners & Kairos",Seed/ Angel Funding,"11,00,000",,Bengaluru,Consumer Internet,1100000,7/9/2018
197,10/7/2018,Avenue Growth,Consumer Internet,Online Platform That Connects Brands With Freelance Sales Professionals,Gurugram,"Avtar Monga, chief operating office at IDFC Bank, Aditya Malik & Others",Seed/ Angel Funding,"4,37,000",,Gurugram,Consumer Internet,437000,7/10/2018
198,10/7/2018,iNICU,Healthcare,Med-tech Platform Providing Care For Newborns,New Delhi,Venture Catalysts,Seed/ Angel Funding,,,New Delhi,Healthcare,,7/10/2018
199,10/7/2018,Kinara Capital,Finance,Lending Platform For Micro and Small Enterprises,Bengaluru,ResponsAbility,Private Equity,"50,00,000",,Bengaluru,Finance,5000000,7/10/2018
200,10/7/2018,Shop 101,Consumer Internet,Mobile Storefront And Commerce Platform For Sellers,Mumbai,"Stellaris Venture Partners, Vy Capital, Raghunandan G, and Ramakant Sharma",Private Equity,"50,00,000",,Mumbai,Consumer Internet,5000000,7/10/2018
201,11/7/2018,Sambandh,Consumer Internet,Online Micro Lending Platform,Rourkela,Base of Pyramid Asia (BOPA) Pte Ltd,Private Equity,"25,00,000",,Rourkela,Consumer Internet,2500000,7/11/2018
202,12/7/2018,19th mile,IT,Artificial intelligence-based sales acceleration software platform,Gurugram,"Rishi Vasudev, Excelsior Investments, Ritesh Vohra, Praveer Kumar, Prashant Gupta and Others",Seed/ Angel Funding,"1,80,000",,Gurugram,Information Technology,180000,7/12/2018
203,12/7/2018,5th Vital,Healthcare,Home diagnostics services provider,Bengaluru,Brand Capital and Others,Seed/ Angel Funding,"5,00,000",,Bengaluru,Healthcare,500000,7/12/2018
204,13/07/2018,MEngage,Healthcare,A Doctor-Patient Engagement Platform,Jaipur,"Siddharth Agarwal, Mahavir Sharma, Amit Singal, 100 Co-founders Lab and others.",Seed/ Angel Funding,"1,75,000",,Jaipur,Healthcare,175000,7/13/2018
205,17/07/2018,Ofbusiness,Finance,Online Lending Platform For SME,Gurugram,"Creation Investments, Falcon Edge, Matrix Partners India and Zodius Capital",Private Equity,"2,90,00,000",,Gurugram,Finance,29000000,7/17/2018
206,17/07/2018,Cars24,Consumer Internet,Online Used Car Marketplace,Gurugram,"Kingsway FCI Fund, KCK Global & Others",Private Equity,"4,97,00,000",,Gurugram,Consumer Internet,49700000,7/17/2018
207,18/07/2018,The Ken,Consumer Internet,Subscription-Only News Website,Bengaluru,Omidyar Network & Others,Seed/ Angel Funding,"15,00,000",,Bengaluru,Consumer Internet,1500000,7/18/2018
208,19/07/2018,Book My Show,Consumer Internet,Online Ticketing Platform,Mumbai,"TPG Growth, The Rise Fund & Others",Private Equity,"10,00,00,000",,Mumbai,Consumer Internet,100000000,7/19/2018
209,20/07/2018,HousingMan,Consumer Internet,Property Discovery Platform,Bengaluru,Unknown,Seed/ Angel Funding,"15,00,000",,Bengaluru,Consumer Internet,1500000,7/20/2018
210,21/07/2018,PaySense,Consumer Internet,Online Consumer Lending Platform,Mumbai,PayU & Others,Private Equity,"1,80,00,000",,Mumbai,Consumer Internet,18000000,7/21/2018
211,23/07/2018,Yulu Bikes,Technology,Bicycle-Sharing Platform,Bengaluru,Unknown,Seed/ Angel Funding,,,Bengaluru,Technology,,7/23/2018
212,23/07/2018,VTION,Technology,Media Analytics,Gurugram,"AngelList, Rahul Khanna, Rajeev Arora and Ram Ramsundar.",Seed/ Angel Funding,"2,80,000",,Gurugram,Technology,280000,7/23/2018
213,23/07/2018,Log9 Materials,Technology,Nanotechnology Company Specializing In Graphene,Bengaluru,"Metaform Ventures, Hemant Luthra, Micro venture capital firm GEMS Partners and Others",Seed/ Angel Funding,"4,36,000",,Bengaluru,Technology,436000,7/23/2018
214,24/07/2018,kidovators,Ed-Tech,Skill Learning Platform,Bengaluru,Gray Matters,Seed/ Angel Funding,"1,80,000",,Bengaluru,EdTech,180000,7/24/2018
215,24/07/2018,Digit,Consumer Internet,Online Insurance Startup,Pune,Fairfax,Private Equity,"4,50,00,000",,Pune,Consumer Internet,45000000,7/24/2018
216,25/07/2018,Black Soil,Finance,Non-Banking Financial Company,Mumbai,"Allcargo Logistics, Navneet Education and Mahavir Agency",Private Equity,"1,70,00,000",,Mumbai,Finance,17000000,7/25/2018
217,25/07/2018,Trell,Consumer Internet,Mobile-First Video Blogging App,Bengaluru,"BeeNext , WEH Ventures and Sprout Ventures",Seed/ Angel Funding,"12,50,000",,Bengaluru,Consumer Internet,1250000,7/25/2018
218,25/07/2018,iqlect,Technology,Data Analytics Firm,Bengaluru,Ventureast and Exfinity,Seed/ Angel Funding,"25,00,000",,Bengaluru,Technology,2500000,7/25/2018
219,26/07/2018,Entropik,IT,Software-As-A-Service Platform,Bengaluru,"Bharat Innovation, IDFC-Parampara Capital, Arthavida Ventures, Jitendra Gupta & Others",Seed/ Angel Funding,"11,00,000",,Bengaluru,Information Technology,1100000,7/26/2018
220,26/07/2018,Bitla Software,Technology,Travel-Focused Tech Startup,Bengaluru,MakeMyTrip,Private Equity,,,Bengaluru,Technology,,7/26/2018
221,26/07/2018,TheCapitalNet,Fin-Tech,Unified Global Investments Ecosystem,Hyderabad,Lindwall Family Investments LLC (LFI),Private Equity,"5,00,000",,Hyderabad,FinTech,500000,7/26/2018
222,30/07/2018,Shuttl,Consumer Internet,Bus Aggregation Platform,Gurugram,Amazon Alexa Fund & Dentsu Ventures,Private Equity,"1,10,00,000",,Gurugram,Consumer Internet,11000000,7/30/2018
223,30/07/2018,Cure Fit,Consumer Internet,Health and fitness Platform,Bengaluru,"IDG Ventures, Accel Partners, Kalaari Capital and Others",Private Equity,"12,00,00,000",,Bengaluru,Consumer Internet,120000000,7/30/2018
224,31/07/2018,Five Star Group,Fin-Tech,Non-Bank Lending Platform For SME,Chennai,"TPG, Norwest Venture Partners, Sequoia Capital & Matrix Partners",Private Equity,"10,00,00,000",,Chennai,FinTech,100000000,7/31/2018
225,31/07/2018,Healthsignz,Healthcare,Health and Well being Platform,Hyderabad,Kantilal Patel,Seed/ Angel Funding,"50,00,000",,Hyderabad,Healthcare,5000000,7/31/2018
226,1/6/2018,CoinTribe,Finance,Credit-Based Lending Marketplace For Small And Medium Enterprises,Gurugram,"Sabre Partners, Puneet Dalmia & Others",Private Equity,"1,00,00,000",,Gurugram,Finance,10000000,6/1/2018
227,4/6/2018,Digiconectt,Technology,Sales Analytics and Enablement Platform,Bengaluru,Aspire Logistics LLC,Seed/ Angel Funding,"1,25,000",,Bengaluru,Technology,125000,6/4/2018
228,4/6/2018,Kashmir Box,E-Commerce,"Online Marketplace For Handicrafts, Handlooms And Local Produce",Srinagar,"Bhairavi Jani, Alok Divatia, Namrata Kaul, Sohail Hashemi, Aijaz Saleem",Seed/ Angel Funding,,,Srinagar,E-Commerce,,6/4/2018
229,5/6/2018,Crowdera,Finance,Online Crowdfunding Platform,Nagpur,"Anil Advani, Pramod Jain, Amrendra Reddy and Manish Satnaliwala.",Seed/ Angel Funding,,,Nagpur,Finance,,6/5/2018
230,5/6/2018,Zoctr,Healthcare,Online Healthcare Aggregator,Mumbai,NB Ventures and Others,Seed/ Angel Funding,,,Mumbai,Healthcare,,6/5/2018
231,7/6/2018,Annapurna Finance,Finance,Non-Banking Financial Company,Bhubaneswar,Oman India Joint Investment Fund (OIJIF),Private Equity,"2,30,00,000",,Bhubaneswar,Finance,23000000,6/7/2018
232,7/6/2018,Meesho,Consumer Internet,Online Marketplace For Resellers,Bengaluru,"Sequoia Capital India, SAIF Partners, Y Combinator and Venture Highway",Private Equity,"1,15,00,000",,Bengaluru,Consumer Internet,11500000,6/7/2018
233,10/6/2018,AyeFinance,Finance,Online Lending Platform,Gurugram,"CapitalG, SAIF Partners and LGT Impact Ventures",Private Equity,"2,15,00,000",,Gurugram,Finance,21500000,6/10/2018
234,11/6/2018,Theranosis,Healthcare,Specialised diagnostics Platform,Hyderabad,Mumbai Angels Network,Seed/ Angel Funding,,,Hyderabad,Healthcare,,6/11/2018
235,12/6/2018,Alpha Capital,Finance,Supplychain Finance,Mumbai,Alpha Capital,Private Equity,"1,48,00,000",,Mumbai,Finance,14800000,6/12/2018
236,12/6/2018,eshakti,E-Commerce,Fashion e-tailer,Chennai,Paragon Partners,Private Equity,"1,01,00,000",,Chennai,E-Commerce,10100000,6/12/2018
237,12/6/2018,Daily Ninja,Consumer Internet,Hyperlocal Delivery Platform,Bengaluru,Saama Capital and Sequoia Capital,Seed/ Angel Funding,"30,00,000",,Bengaluru,Consumer Internet,3000000,6/12/2018
238,13/06/2018,NirogStreet,Healthcare,An Online Platform That Connects Ayurveda Doctors With Patients,Gurugram,"Spiral Ventures, Subho Ray and Samir Kumar",Seed/ Angel Funding,"3,000,00",,Gurugram,Healthcare,300000,6/13/2018
239,13/06/2018,Nivesh,Finance,Mass Market Mutual Fund Investment Platform,Noida,"LetsVenture, Rajan Anandan, Basab Pradhan, Vivek Khare and Bijoy George",Seed/ Angel Funding,"4,50,000",,Noida,Finance,450000,6/13/2018
240,13/06/2018,What\\xe2\\x80\\x99s Up Life,Consumer Internet,"A Local Discovery App For Dining-Out, Party, Leisure and Events",Gurugram,Rannvijay Singha,Seed/ Angel Funding,,,Gurugram,Consumer Internet,,6/13/2018
241,14/06/2018,HomeLane,Consumer Internet,Online Home Furnishing Solutions,Bengaluru,Brand Capital,Seed/ Angel Funding,"34,50,000",,Bengaluru,Consumer Internet,3450000,6/14/2018
242,14/06/2018,Network Intelligence,Technology,Cybersecurity Specialist,Mumbai,Helix Investments,Private Equity,"48,00,000",,Mumbai,Technology,4800000,6/14/2018
243,18/06/2018,Tynor Othontics,Healthcare,Prosthetics Manufacturers,Chandigarh,Lighthouse Funds & Thuasne Participations,Private Equity,"2,10,00,000",,Chandigarh,Healthcare,21000000,6/18/2018
244,18/06/2018,Elucidata,IT,Data Analytics (SaaS),Delhi & Cambridge,Hyperplane Venture Capital and several angel investors,Seed/ Angel Funding,"17,00,000",,Delhi & Cambridge,Information Technology,1700000,6/18/2018
245,19/06/2018,Chrysalis,Ed-Tech,Education Services Provider,Pune,Menterra Venture & Artha Initiatives,Seed/ Angel Funding,,,Pune,EdTech,,6/19/2018
246,19/06/2018,RentSher,Consumer Internet,Online Rental Marketplace,Bengaluru,"Shorooq Investments, LetsVenture & Others",Seed/ Angel Funding,"11,00,000",,Bengaluru,Consumer Internet,1100000,6/19/2018
247,20/06/2018,Drip capital,Finance,Trade Finance Firm,Mumbai,"Accel Partners, Sequoia India, Y Combinator and others.",Private Equity,"1,50,00,000",,Mumbai,Finance,15000000,6/20/2018
248,22/06/2018,WickedRide,Consumer Internet,Online Motorbike And Scooter Rental Platforms,Bengaluru,"Sequoia Capital, Accel Partners & Raghunandan Gangappa",Private Equity,"91,00,000",,Bengaluru,Consumer Internet,9100000,6/22/2018
249,25/06/2018,PolicyBazaar,Consumer Internet,Online Insurance Selling Platform,Gurugram,SoftBank Vision Fund & Info Edge (India) Ltd,Private Equity,"20,00,00,000",,Gurugram,Consumer Internet,200000000,6/25/2018
250,25/06/2018,HipBar,Consumer Internet,Digital Payment Platform For Beverage Delivery,Bengaluru,Diageo India,Private Equity,"40,00,000",,Bengaluru,Consumer Internet,4000000,6/25/2018
251,25/06/2018,Sqqrl,Finance,App-based investment platform,Gurugram,Equanimity Venture Fund,Seed/ Angel Funding,"10,00,000",,Gurugram,Finance,1000000,6/25/2018
252,26/06/2018,Paytm,Technology,Digital Payment Platform,Noida,One 97 Communications,Private Equity,"89,50,000",,Noida,Technology,8950000,6/26/2018
253,26/06/2018,Sigtuple,Healthcare,Data Driven Intelligence Solutions Platform,Bengaluru,"Accel Partners, IDG Venture, Endiya Partners, pi Ventures, VH Capital, Axilor Ventures and Binny Bansal",Private Equity,"1,90,00,000",,Bengaluru,Healthcare,19000000,6/26/2018
254,27/06/2018,Wow Express,Technology,E-commerce Logistics Platform,Mumbai,Undisclosed Existing Investors As Well As The Tamarind Family Trust,Private Equity,"45,00,000",,Mumbai,Technology,4500000,6/27/2018
255,28/06/2018,Front Desk AI,Technology,An AI Platform Offering Automated Customer Service Software,Bengaluru,Speciale Invest & Others,Seed/ Angel Funding,"11,00,000",,Bengaluru,Technology,1100000,6/28/2018
256,28/06/2018,Edureka,Ed-Tech,Online Education Platform,Bengaluru,Leo Capital,Seed/ Angel Funding,"20,00,000",,Bengaluru,EdTech,2000000,6/28/2018
257,29/06/2018,Numeroseven,Technology,An Artificial Intelligence-Based Recruitment Platform,Kolkata,Shiva Gunapu & Others,Seed/ Angel Funding,,,Kolkata,Technology,,6/29/2018
258,2/5/2018,OpenTap,Finance,Online Lending Platform,Chennai,Unknown High Net-Worth Individuals,Seed / Angel Funding,"4,50,000",,Chennai,Finance,450000,5/2/2018
259,2/5/2018,Bizongo,Consumer Internet,Aggregator For Packaging Material,Mumbai,"B Capital, International Finance Corporation (IFC), Accel Partners and IDG Ventures",Private Equity,"2,20,00,000",,Mumbai,Consumer Internet,22000000,5/2/2018
260,3/5/2018,Disprz,IT,SaaS,Chennai,"IL&FS Private Equity, Kae Capital & Others",Seed / Angel Funding,"25,00,000",,Chennai,Information Technology,2500000,5/3/2018
261,7/5/2018,PaisaDukan,Consumer Internet,P2P Lending Platform,Mumbai,Unknown,Seed / Angel Funding,"2,25,000",,Mumbai,Consumer Internet,225000,5/7/2018
262,9/5/2018,i3sysytems,Technology,AI product company For Health and Life Insurane Companies,Mumbai,"Unitus Ventures, Behram Vakil and Jerxis Vandrevala",Seed / Angel Funding,"10,00,000",,Mumbai,Technology,1000000,5/9/2018
263,11/5/2018,Earth Food,Consumer Internet,Agri-tech,Pune,Rairah Corporation,Seed / Angel Funding,"9,49,000",,Pune,Consumer Internet,949000,5/11/2018
264,14/05/2018,Nykaa,Consumer Internet,Beauty e-tailer,Mumbai,"Sunil Munjal, Harsh Mariwala, Dalip Pathak and Others",Private Equity,"2,40,00,000",,Mumbai,Consumer Internet,24000000,5/14/2018
265,16/05/2018,mfine,Healthcare,Doctor-Consultation App,Bengaluru,"Prime Venture Partners, Stellaris Venture Partners and Mayur Abhaya Srisrimal",Private Equity,4200000,,Bengaluru,Healthcare,4200000,5/16/2018
266,21/05/2018,Rocketium,Technology,Online Video Creation Platform,Bengaluru,Blume ventures,Seed/ Angel Funding,"3,00,000",,Bengaluru,Technology,300000,5/21/2018
267,21/05/2018,MilkBasket,Technology,Micro-Delivery Grocery Startup,Gurugram,"Kalaari Capital, Unilever Ventures and Blume Ventures",Private Equity,"70,00,000",,Gurugram,Technology,7000000,5/21/2018
268,22/05/2018,Vola,Finance,Micro Lending Platform,Bengaluru,Credika and unnamed angel investors,Seed/ Angel Funding,"5,00,000",,Bengaluru,Finance,500000,5/22/2018
269,22/05/2018,Cashkumar,Consumer Internet,P2P Lending Platform,Bengaluru,LetsVenture,Seed/ Angel Funding,"7,35,000",,Bengaluru,Consumer Internet,735000,5/22/2018
270,23/05/2018,Edyoo,E-Commerce,Products For Shoolgoing Children,Bengaluru,RS Shanbag,Seed/ Angel Funding,"7,35,000",,Bengaluru,E-Commerce,735000,5/23/2018
271,23/05/2018,Aashiyaan,Finance,Housing Finance For Low-Income Families,Kolkata,"Insistor, Oikocredit",Seed/ Angel Funding,"20,00,000",,Kolkata,Finance,2000000,5/23/2018
272,24/05/2018,Smartivity,Ed-tech,Designer Of Toys and Learning Projects For Kids,New Delhi,"Ashish Kacholi, S Chand Group",Seed/ Angel Funding,"20,00,000",,New Delhi,EdTech,2000000,5/24/2018
273,24/05/2018,Bonphulapl,Clean-tech,Oxygen Optimiser Manufacturer,New Delhi,Atul Gupta and Saurabh Rastogi,Seed/ Angel Funding,"2,93,000",,New Delhi,Clean-tech,293000,5/24/2018
274,27/05/2018,Acko,Consumer Internet,Online Insurance Platform,Mumbai,"Amazon, Ashish Dhawan, Catamaran Ventures, NR Narayana Murthy.",Seed/ Angel Funding,"1,20,00,000",,Mumbai,Consumer Internet,12000000,5/27/2018
275,28/05/2018,HWell24,Healthcare,Home Healthcare Aggregator,Mumbai,"Prashant Mehta, Mitali Pawar, Nikhil G and Bhavesh P, R Ranganathan, ONCOTRUST and Medintel Services Pvt. Ltd",Seed/ Angel Funding,"2,00,000",,Mumbai,Healthcare,200000,5/28/2018
276,29/05/2018,Toffee,Consumer Internet,Online Insurance Platform,Gurugram,"Kalaari Capital, Omidyar Network and Accion Venture Labs",Seed/ Angel Funding,"15,00,000",,Gurugram,Consumer Internet,1500000,5/29/2018
277,29/05/2018,Tonetag,Technology,Mobile Payments Technology Platform,Bengaluru,Amazon Inc. and Mastercard,Private Equity,"80,00,000",,Bengaluru,Technology,8000000,5/29/2018
278,30/05/2018,Events High,Consumer Internet,Events and Activities Discovery Platform,Bengaluru,Treebo,Private Equity,,,Bengaluru,Consumer Internet,,5/30/2018
279,30/05/2018,Stellaps,Technology,Iot Application Platform In Agriculture,Bengaluru,"IndusAge Partners, Bill & Melinda Gates Foundation, Qualcomm Venture, ABB Technology Ventures, Omnivore, Blume Ventures, Venture Highway and BEENEXT",Private Equity,"1,40,00,000",,Bengaluru,Technology,14000000,5/30/2018
280,31/05/2018,Credright,Consumer Internet,Lending Platform For SMEs,Hyderabad,"Accion Venture Lab, YourNest Venture Capital And Other Angel Investors",Seed/ Angel Funding,"13,000,00",,Hyderabad,Consumer Internet,1300000,5/31/2018
281,2/4/2018,Fitternity,Consumer Internet,Online Fitness Discovey Platform,Mumbai,"Exfinity Venture, Saha fund Partners, Arihant Patni of Patni Family Office, Anjali Bansal, Shardul Amarchand Mangaldas, Satish Khanna and Taparia family office.",Private Equity,"20,00,000",,Mumbai,Consumer Internet,2000000,4/2/2018
282,2/4/2018,Synctag,Technology,Social Media Anlaytics Platform,Coimbatore,Subhkam Ventures and Mohit Khadaria,Seed / Angel Funding,"3,07,600",,Coimbatore,Technology,307600,4/2/2018
283,2/4/2018,Benepik,Technology,Enhanced Employee Engagement Platform,Gurugram,"Vishal Bali, Yogesh Misra, Thomas Assessments and others",Seed / Angel Funding,,,Gurugram,Technology,,4/2/2018
284,2/4/2018,Finzy,Consumer Internet,Online Loan Matchmaking Platform,Bengaluru,Unknown,Seed / Angel Funding,"13,00,000",,Bengaluru,Consumer Internet,1300000,4/2/2018
285,4/4/2018,Varthana,Finance,Loans and Services To Affordable Private Schools in India,Bengaluru,"ChrysCapital, Existing investors, Elevar Equity, LGT Impact, Omidyar Network and Kaizen Private Equity also participated in the round",Private Equity,"5,50,00,000",,Bengaluru,Finance,55000000,4/4/2018
286,5/4/2018,IndigoLearn,Ed-Tech,Online Education Platform,Hyderabad,"Maheshwar Peri, founder and chairman of career information portal Careers360, and Jamshed Jeejeebhoy, director at Byramjee Jeejeebhoy Pvt. Ltd were among the angels",Seed / Angel Funding,"1,50,000",,Hyderabad,EdTech,150000,4/5/2018
287,5/4/2018,Vedantu,Ed-Tech,Interactive Online Tutoring Platform,Bengaluru,"Accel Partners, Tiger Global And Others",Private Equity,"1,00,00,000",,Bengaluru,EdTech,10000000,4/5/2018
288,9/4/2018,Kaleidofin,Fiinance,Digital Financial Services Platform,Chennai,Omidyar Network. Blume Ventures and Professor Shlomo Ben-Haim,Seed / Angel Funding,"28,00,000",,Chennai,Finance,2800000,4/9/2018
289,9/4/2018,Pipabella,Consumer Internet,Fashion Accessories Etailer,Mumbai,Fireside Ventures,Seed / Angel Funding,"1,000,000,",,Mumbai,Consumer Internet,1000000,4/9/2018
290,9/4/2018,Elemential,Technology,Blockchain Platform,Mumbai,"Matrix Partner, Amrish Rau, Investopad, Digital Currency Group, Hinduja Group, Lightspeed India, Eight Innovate, Amit Ranjan, Prashant Malik and others",Seed / Angel Funding,,,Mumbai,Technology,,4/9/2018
291,9/4/2018,Kriger Campus,Ed-Tech,Mobile-Based Education Network,New Delhi,Unknown,Seed / Angel Funding,"46,140",,New Delhi,EdTech,46140,4/9/2018
292,10/4/2018,Loanzen,Finance,Digital Lending Platform In Logistics,Bengaluru,Kae Capital Management,Seed / Angel Funding,,,Bengaluru,Finance,,4/10/2018
293,10/4/2018,TravelTriangle,Consumer Internet,Online Travel Marketplace,Gurugram,"Fundamentum, SAIF Partners, Bessemer Venture Partners, RB investments & Others",Private Equity,"1,20,00,000",,Gurugram,Consumer Internet,12000000,4/10/2018
294,12/4/2018,Letsmd,Healthcare,Platform To Discover Healthcare Financing Options,New Delhi,"SRI Capital, Waterbridge Ventures and ThinKuvate",Seed / Angel Funding,"10,00,000",,New Delhi,Healthcare,1000000,4/12/2018
295,12/4/2018,AyeFinance,Finance,Online Lending Platform,Gurugram,"BlueOrchard Finance Ltd, Hinduja Leyland Finance and IntelleGrow",Debt Funding,"46,000,00",,Gurugram,Finance,4600000,4/12/2018
296,13/04/2018,mintifi,Finance,Online Lending Platform,Mumbai,Lok Capital,Seed / Angel Funding,"20,00,000",,Mumbai,Finance,2000000,4/13/2018
297,16/04/2018,icanstay,Consumer Internet,Online Platform For Luxury Hotel Stay For Business Travelers,New Delhi,Mr. Manoj Prasad,Seed / Angel Funding,"5,00,000",,New Delhi,Consumer Internet,500000,4/16/2018
298,16/04/2018,Pregbuddy,Healthcare,Connected Care App For Pregnant Women,Bengaluru,"Rajan Anandan, Madhusudhan Kannan, Jayant Kadambi, Puneet Gupta and Pradeep K Jaisingh",Seed / Angel Funding,,,Bengaluru,Healthcare,,4/16/2018
299,18/04/2018,Coverfox,Consumer Internet,Online Insurance Aggregator,Mumbai,"International Finance Corporation, Transamerica and others.",Private Equity,"2,20,00,000",,Mumbai,Consumer Internet,22000000,4/18/2018
300,19/04/2018,Lenskart,Consumer Internet,Online Eyewear Retailer,Faridabad,TR Capital,Private Equity,,,Faridabad,Consumer Internet,,4/19/2018
301,19/04/2018,mamaearth,Healthcare,Online Baby care Products,Gurugram,Shilpa Shetty Kundra,Private Equity,,,Gurugram,Healthcare,,4/19/2018
302,19/04/2018,Fyle Technologies,Technology,AI Based Expense Management Platform,Bengaluru,Pravega Ventures and Beenext,Seed / Angel Funding,"11,000,00",,Bengaluru,Technology,1100000,4/19/2018
303,19/04/2018,True Balance,Technology,Mobile Balance Checking App,Gurugram,"Line Ventures Corporation, Line Corp, Naver, Shinhan Bank and TS Investment",Private Equity,"2,30,00,000",,Gurugram,Technology,23000000,4/19/2018
304,22/04/2018,Visit,Healthcare,AI Driven Health tech Platform,New Delhi,"Biz Stone, Kunal Bahl, Rohit Bansal, Alagu Periyannan and Karthee Madasamy",Private Equity,,,New Delhi,Healthcare,,4/22/2018
305,22/04/2018,Doxper,Healthcare,Digitized Health-Tech Solutions For Practitioners,Mumbai,Vidal Healthcare,Seed / Angel Funding,"19,00,000",,Mumbai,Healthcare,1900000,4/22/2018
306,22/04/2018,Nykaa,Consumer Internet,Beauty e-tailer,Mumbai,"Sunil Munjal, Harsh Mariwala, Dalip Pathak and Others",Private Equity,"1,10,00,000",,Mumbai,Consumer Internet,11000000,4/22/2018
307,23/04/2018,Mihuru,Finance,Online Platform Providing Micro Loans For Air Travel,Mumbai,Unknown,Seed / Angel Funding,"1,50,000",,Mumbai,Finance,150000,4/23/2018
308,23/04/2018,Capital Float,Finance,Online Lending Platform,Bengaluru,Amazon,Private Equity,"2,20,00,000",,Bengaluru,Finance,22000000,4/23/2018
309,25/04/2018,Trip shelf,Consumer Internet,Online Travel Marketplace,New Delhi,"GEMS Advisory, Alok Mittal and Sachin Bhatia",Seed / Angel Funding,"2,46,000",,New Delhi,Consumer Internet,246000,4/25/2018
310,26/04/2018,POPxo,Technology,Women Focussed Digital Media Platform,New Delhi,"Neoplux, OPPO, IDG Ventures India, Kalaari Capital, GREE Ventures and Summit Media",Private Equity,"55,00,000",,New Delhi,Technology,5500000,4/26/2018
311,26/04/2018,RailYatri,Consumer Internet,Online Travel Ticketing Platform,Noida,"Omidyar Network, Nandan Nilekani, Blume Ventures, Helion Venture Partners",Private Equity,,,Noida,Consumer Internet,,4/26/2018
312,27/04/2018,1mg,Consumer Internet,Online Pharmacy Store,Gurugram,"Sequoia Capital, Maverick Capital Ltd and HBM Healthcare Investments Ltd",Private Equity,"1,00,00,000",,Gurugram,Consumer Internet,10000000,4/27/2018
313,29/04/2018,Rubique,Consumer Internet,Online Lending MarketPlace,Mumbai,"Emery Capital, Blacksoil and Kalaari Capital",Private Equity,,,Mumbai,Consumer Internet,,4/29/2018
314,30/04/2018,Samco,Consumer Internet,Online Stock Broker,Mumbai,Bay Capital Investments and Others,Private Equity,"75,00,000",,Mumbai,Consumer Internet,7500000,4/30/2018
315,30/04/2018,MyLoanCare,Finance,B2C Online Loans Marketplace,Gurugram,SAR Group,Seed / Angel Funding,"9,78,000",,Gurugram,Finance,978000,4/30/2018
316,1/3/2018,PharmEasy,Consumer Internet,Online Pharmacy Store,Mumbai,"Bessemer Venture Partners and Orios Venture Partners, JM Financials and MEMG",Private Equity,,,Mumbai,Consumer Internet,,3/1/2018
317,1/3/2018,Buddy4studdy,Consumer Internet,Online Scholarship Portal,Noida,CBA Capital and others,Private Equity,"30,00,000",,Noida,Consumer Internet,3000000,3/1/2018
318,1/3/2018,Urban Ladder,E-Commerce,Online Furniture Store,Bengaluru,"Sequoia Capital, SAIF Partners and Kalaari capital",Private Equity,"1,20,00,000",,Bengaluru,E-Commerce,12000000,3/1/2018
319,3/3/2018,Kuvera,Consumer Internet,Online Financial Planning,Bengaluru,"Baskar Subramanian, Saket Kumar, Gaurav Suri and Ankit Kesarwani",Seed / Angel Funding,"2,50,000",,Bengaluru,Consumer Internet,250000,3/3/2018
320,4/3/2018,Gramophone,Technology,Agri-tech,Indore,InfoEdge,Seed/Angel Funding,"10,00,000",,Indore,Technology,1000000,3/4/2018
321,5/3/2018,Wellthy,Healthcare,Therapeutics,Mumbai,"Ranjan Pai, Apoorva Patni, Beenext Ventures,GrowX Ventures",Private Equity,"21,00,000",,Mumbai,Healthcare,2100000,3/5/2018
322,5/3/2018,MedGenome,Healthcare,"Genetic Screening, DNA Diagnostics Labs & Research Centers",Bengaluru,"HDFC Life, HDFC Asset Management",Private Equity,"1,00,00,000",,Bengaluru,Healthcare,10000000,3/5/2018
323,5/3/2018,Finova Capital,Consumer Internet,Online Lending,Jaipur,Sequoia Capital,Private Equity,"60,00,000",,Jaipur,Consumer Internet,6000000,3/5/2018
324,5/3/2018,Hotelogix,Technology,Cloud based Online Hotel Management Software,Noida,"Vertex Ventures, Accel Partners and Saama Capital",Private Equity,"50,00,000",,Noida,Technology,5000000,3/5/2018
325,4/3/2018,Livehealth,Consumer Internet,Health Service Aggregator Platform,Pune,Nexus Venture Partners,Seed / Angel Funding,"11,00,000",,Pune,Consumer Internet,1100000,3/4/2018
326,6/3/2018,Ad2pro,Technology,"Creative Design, Brand, Media and Technology Platform Solutions",Chennai,Avendus Finance Pvt. Ltd,Debt Funding,"97,00,000",,Chennai,Technology,9700000,3/6/2018
327,6/3/2018,Coverfox,Consumer Internet,Online Insurance Aggregator,Mumbai,Aegon NV,Private Equity,"76,00,000",,Mumbai,Consumer Internet,7600000,3/6/2018
328,8/3/2018,Pepperfry,Consumer Internet,Online Furniture Shopping Store,Mumbai,State Street Global Advisors,Private Equity,"3,84,00,000",,Mumbai,Consumer Internet,38400000,3/8/2018
329,8/3/2018,Magicpin,Consumer Internet,Hyperlocal Discovery,Gurugram,Trifecta Capital,Debt Funding,"10,00,000",,Gurugram,Consumer Internet,1000000,3/8/2018
330,12/3/2018,HealthCare,Consumer Internet,Healthcare Aggregator,Mumbai,HR Fund,Seed / Angel Funding,"10,00,000",,Mumbai,Consumer Internet,1000000,3/12/2018
331,13/03/2018,PineLabs,Technology,Digital Payment Platform,Mumbai,"Actis, Altimeter Capital",Private Equity,"8,20,00,000",,Mumbai,Technology,82000000,3/13/2018
332,14/03/2018,Stumagz,Consumer Internet,Online Communication and Collaboration Platform For Educational Institutions,Hyderabad,"Venkat Subramanian, Sudhakar Pennam, and other tech investors from Silicon Valley",Seed / Angel Funding,,,Hyderabad,Consumer Internet,,3/14/2018
333,14/03/2018,AvailFinance,Consumer Internet,Online Lending Platform,Bengaluru,"Matrix Partners, Bhavish Aggarwal, Ankit Bhati, Binny Bansal, Kunal Shah and Manish Patel.",Private Equity,"1,72,00,000",,Bengaluru,Consumer Internet,17200000,3/14/2018
334,15/03/2018,Grofers,Consumer Internet,Online Grocery Shop,Gurugram,"SoftBank, Tiger Global and Apoletto Managers.",Private Equity,"6,20,00,000",,Gurugram,Consumer Internet,62000000,3/15/2018
335,19/03/2018,Fingerlix,Consumer Internet,Ready To cook Food Solution,Mumbai,Alteria Capital,Debt Funding,"13,10,000",,Mumbai,Consumer Internet,1310000,3/19/2018
336,19/03/2018,Karma Healthcare,Healthcare,Technology enabled equitable healthcare for India,Udaipur,"1Crowd, Ankur Capital",Seed / Angel Funding,"5,00,000",,Udaipur,Healthcare,500000,3/19/2018
337,19/03/2018,Zappfresh,Food & Beverages,Online Raw Meat E-tailer,Gurugram,"Amit Burman, SIDBI Venture Capital",Seed / Angel Funding,"30,00,000",,Gurugram,Food & Beverage,3000000,3/19/2018
338,19/03/2018,CustomerSucessBox,Technology,Customer Success Software for B2B SaaS,Gurugram,"Pi Ventures, Axilor Ventures",Seed / Angel Funding,"10,00,000",,Gurugram,Technology,1000000,3/19/2018
339,20/03/2018,One Labs,Consumer Internet,Consumer Technology and Artificial Intelligence Based Aggregator App,,Micromax Informatics Ltd,Private Equity,,,Unknown,Consumer Internet,,3/20/2018
340,21/03/2018,GigIndia,Consumer Internet,Micro Jobs Provider For Students,Pune,"Jessica Wong, Hiro Mashita, Xue Manzi and Yiyun Zhang.",Seed / Angel Funding,,,Pune,Consumer Internet,,3/21/2018
341,22/03/2018,Chargebee,Technology,Subscription Billing & Recurring Payments Software,Chennai,"Insight Venture Partners, Accel Partners and Tiger Global Management.",Private Equity,"1,80,00,000",,Chennai,Technology,18000000,3/22/2018
342,22/03/2018,i2i Funding,Consumer Internet,Online loan platform,Noida,SucSEED Venture Partners,Seed / Angel Funding,"7,68,000",,Noida,Consumer Internet,768000,3/22/2018
343,22/03/2018,Slang Labs,Technology,Voice-based assistant platform,Bengaluru,Endiya Partners,Seed / Angel Funding,"12,40,000",,Bengaluru,Technology,1240000,3/22/2018
344,22/03/2018,UrbanPiper,Technology,Online ordering solution for restaurants and food chains,Bengaluru,"Kumar Vembu, Axilor Ventures",Seed / Angel Funding,,,Bengaluru,Technology,,3/22/2018
345,26/03/2018,Cash Suvidha,Consumer Internet,Online loan platform,New Delhi,"Initia Holdings,Vipin Agarwal and others.",Seed / Angel Funding,"10,00,000",,New Delhi,Consumer Internet,1000000,3/26/2018
346,28/03/2018,Roadcast,Technology,Fleet management and asset monitoring platform,New Delhi,Unknown,Private Equity,"2,50,000",,New Delhi,Technology,250000,3/28/2018
347,28/03/2018,Smartcoin,Finance,Micro lending company,Bengaluru,"Accion Venture Lab, Unicorn India Ventures and ISME ACE.",Seed / Angel Funding,"20,00,000",,Bengaluru,Finance,2000000,3/28/2018
348,27/03/2018,The Print,Media,News portal,New Delhi,Ratan Tata,Seed / Angel Funding,"5,35,000",,New Delhi,Media,535000,3/27/2018
349,27/03/2018,DriveU,Technology,Professional Car Drivers Hiring App,Bengaluru,Amit Singhal and Unitus Seed Fund,Private Equity,"30,00,000",,Bengaluru,Technology,3000000,3/27/2018
350,29/03/2018,Fynd,Consumer Internet,O2O fashion ecommerce platform,Mumbai,"Google, Kae Capital, IIFL, Singularity Ventures, GrowX, Tracxn Labs, Venture Catalyst, Patni family office and Axis Capital.",Seed / Angel Funding,,,Mumbai,Consumer Internet,,3/29/2018
351,1/2/2018,BigBasket,Consumer Internet,Online Grocery & Food Store,Bengaluru,"Alibaba, Helion Venture Partners, Bessemer Venture Partners, Ascent Capital",Private Equity,"30,00,00,000",,Bengaluru,Consumer Internet,300000000,2/1/2018
352,1/2/2018,Zomato,Food and Beverages,Food Ordering and Restaurant Discovery,Gurugram,Ant Financials,Private Equity,"20,00,00,000",,Gurugram,Food & Beverage,200000000,2/1/2018
353,5/2/2018,Pratilipi,Publishing,E-Publishing,Bengaluru,Omidyar Network,Private Equity,"43,00,000",,Bengaluru,Publishing,4300000,2/5/2018
354,5/2/2018,Asia Institute Of Medical Science,Healthcare,Super-specialty Hospital,Faridabad,CDC Group Plc,Private Equity,"2,10,00,000",,Faridabad,Healthcare,21000000,2/5/2018
355,5/2/2018,CollegeDekho,Consumer Internet,Online platform for Higher Education Services,Gurugram,"Man Capital LLP, Girnar Software, Others",Private Equity,"20,00,000",,Gurugram,Consumer Internet,2000000,2/5/2018
356,6/2/2018,Foodmemories,Consumer Internet,Online Food Marketplace,Ahmedabad,"Bhavesh Manglani, Suraj Saharan, Darshan Upadhyay, Sanjay Notani & Others",Seed funding,,,Ahmedabad,Consumer Internet,,2/6/2018
357,6/2/2018,Healthi,Healthcare,Preventive Health Checkup,Bengaluru,Montane Ventures,Private Equity,"31,00,000",,Bengaluru,Healthcare,3100000,2/6/2018
358,7/2/2018,Swiggy,Food and Beverages,Online Food Delivery,Bengaluru,Naspers,Private Equity,"10,00,00,000",,Bengaluru,Food & Beverage,100000000,2/7/2018
359,8/2/2018,Shape,Healthcare,"Online Portal for Diet,fitness and Beauty",Pune,Sandeep Mathur,Seed / Angle Funding,"10,00,00,000",,Pune,Healthcare,100000000,2/8/2018
360,8/2/2018,Icertis,Consumer Internet,Enterprise Contract Management Platform,Pune,Meritech Capital Partners,Private Equity,"5,00,00,000",,Pune,Consumer Internet,50000000,2/8/2018
361,9/2/2018,healthifyme,Healthcare,Mobile Weight Loss Coach,Bengaluru,Sistema Asia Fund,Private Equity,"1,20,00,000",,Bengaluru,Healthcare,12000000,2/9/2018
362,9/2/2018,MedTel,Healthcare,Virtual health clinics,Bhubaneswar,British and Indian Governments,Private Equity,,,Bhubaneswar,Healthcare,,2/9/2018
363,9/2/2018,Rupeek,Consumer Internet,Online Gold Loan,Bengaluru,"Accel Partners, Sequoia Capital",Private Equity,"68,30,000",,Bengaluru,Consumer Internet,6830000,2/9/2018
364,9/2/2018,WebEngage,Technology,Marketing Cloud for consumer businesses,Mumbai,Social Capital,Private Equity,,,Mumbai,Technology,,2/9/2018
365,12/2/2018,Lendingkart,Finance,Online Lending Platform,Bengaluru,Fullerton Financial Holdings Pte Ltd & Others,Private Equity,"8,70,00,000",,Bengaluru,Finance,87000000,2/12/2018
366,12/2/2018,Wydr,Consumer Internet,B2B Marketplace,Gurugram,"Bessemer Venture Partners, Stellaris Venture Partners, Axis Capital, Singapore, Jungle Venture Partners",Private Equity,,,Gurugram,Consumer Internet,,2/12/2018
367,12/2/2018,Cashify,E-Commerce,Online Selling,Gurugram,Trifecta Capital,Debt Funding,"9,35,089",,Gurugram,E-Commerce,935089,2/12/2018
368,13/02/2018,holachef,Food and Beverages,Online Food Delivery,Mumbai,Ashok Kumar Gajera,Seed / Angle Funding,"3,11,200",,Mumbai,Food & Beverage,311200,2/13/2018
369,13/02/2018,Awaaz De,Technology,Mobile Solutions for Social Impact,Ahmedabad,Tribe Impact Capital LLP,Seed / Angle Funding,,,Ahmedabad,Technology,,2/13/2018
370,13/02/2018,IMAX Program,Ed-Tech,Individualised Progressive Learning Program,Bengaluru,"Michael & Susan Dell Foundation, LGT Impact Ventures",Private Equity,"1,35,00,000",,Bengaluru,EdTech,13500000,2/13/2018
371,14/02/2018,Littlemore,Ed-Tech,Online Education Platform,Chennai,Kalpavriksh,Private Equity,"30,00,000",,Chennai,EdTech,3000000,2/14/2018
372,14/02/2018,Toppr,Ed-Tech,Online Education Platform,Mumbai,Axis Capital Partners,Private Equity,"1,00,000",,Mumbai,EdTech,100000,2/14/2018
373,14/02/2018,Shirsa Labs,Ed-Tech,Integrated Kids Engagement Company,Mumbai,"Dewang Neralla, Mahesh Kothurkar,Atul Agarwal",Private Equity,"5,00,000",,Mumbai,EdTech,500000,2/14/2018
374,14/02/2018,MoneyOnMobile,Technology,mobile payment platform,Mumbai,S7 Group,Private Equity,"50,00,000",,Mumbai,Technology,5000000,2/14/2018
375,15/02/2018,PetSutra,Consumer Internet,Online Pet Care Products,Gurugram,Michael Patrick Hickey,Seed / Angel Funding,"1,48,434",,Gurugram,Consumer Internet,148434,2/15/2018
376,15/02/2018,Infibeam,E-Commerce,Online Retailing,Ahmedabad,Network 18,Private Equity,"62,30,000",,Ahmedabad,E-Commerce,6230000,2/15/2018
377,16/02/2018,happay,Finance,Expense Management,Bengaluru,Sequoia and Jerry Yang,Seed / Angel Funding,"2,50,000",,Bengaluru,Finance,250000,2/16/2018
378,16/02/2018,Fincash,Finance,Fin-Tech,Mumbai,"Mohammed Khan, Sameer Narayan & Others",Seed / Angel Funding,"1,50,000",,Mumbai,Finance,150000,2/16/2018
379,19/02/2018,AyeFinance,Finance,Online Lending,Gurugram,"Hinduja Leyland Finance, IntelleGrow",Private Equity,"38,00,000",,Gurugram,Finance,3800000,2/19/2018
380,20/02/2018,Agricxlab,Agriculture,Agri-tech,Mumbai,Ankur Capital,Seed / Angel Funding,"5,00,000",,Mumbai,Agriculture,500000,2/20/2018
381,21/02/2018,Udaan,E-Commerce,B2B Marketplace,Bengaluru,Lightspeed & Yuri Milner,Private Equity,"5,00,00,000",,Bengaluru,E-Commerce,50000000,2/21/2018
382,21/02/2018,Capillary,IT,SaaS,Bengaluru,"Wargburg Pincus, Sequoia",Private Equity,"2,00,00,000",,Bengaluru,Information Technology,20000000,2/21/2018
383,21/02/2018,The Healthy Billions,Healthcare,Analytics,Gurugram,"Blume Ventures, HealthQuad and Fireside Ventures",Private Equity,"21,00,000",,Gurugram,Healthcare,2100000,2/21/2018
384,21/02/2018,HighRadius,Technology,Cloud-based Software,Hyderabad,"PNC, Citi Ventures",Private Equity,,,Hyderabad,Technology,,2/21/2018
385,26/02/2018,Avishkaar Box,Ed-Tech,Education,New Delhi,Auxano Deals,Private Equity,"7,72,500",,New Delhi,EdTech,772500,2/26/2018
386,26/02/2018,Planys Technologies,Technology,Robotic InspectionStartup,Chennai,"Kris Gopalakrishnan, Pratithi Investment Trust, MEMG Family Office, S Gopal",Private Equity,"10,40,000",,Chennai,Technology,1040000,2/26/2018
387,27/02/2018,Lollypop,Technology,Digital Design,Bengaluru,Dr Devi Shetty,Seed / Angel Funding,,,Bengaluru,Technology,,2/27/2018
388,27/02/2018,Trilyo,Technology,AI platform for hospitality industry,Mumbai,"Startup Buddy,Amit Manocha and others",Seed / Angel Funding,"2,50,000",,Mumbai,Technology,250000,2/27/2018
389,28/02/2018,Gaana,Technology,Online Music Streaming,Gurugram,"Tencent Holdings Ltd, Times Internet",Private Equity,"11,50,00,000",,Gurugram,Technology,115000000,2/28/2018
390,28/02/2018,Credy,IT,SaaS,Bengaluru,"Y Combinator, Khosla Ventures, Vy Capital and others",Seed / Angel Funding,"14,00,000",,Bengaluru,Information Technology,1400000,2/28/2018
391,28/02/2018,Predible Health,Healthcare,Cancer radiology,Bengaluru,Unitus Seed Fund,Seed/Angel Funding,,,Bengaluru,Healthcare,,2/28/2018
392,2/1/2018,CleverTap,Technology,Mobile App Analytics,Mumbai,"Recruit Holdings, Sequoia Capital India, Accel Partners",Angel / Seed Funding,,,Mumbai,Technology,,1/2/2018
393,4/1/2018,EarlySalary,Finance,Online Lending,Pune,Eight Roads Ventures India,Private,"1,57,00,000",,Pune,Finance,15700000,1/4/2018
394,5/1/2018,WOTU,E-commerce,Food and Beverages,Bengaluru,"Claris Capital, Mumbai Angels Network",Angel / Seed Funding,,,Bengaluru,E-Commerce,,1/5/2018
395,8/1/2018,DAAKI,E-commerce,Sports Nutrition Supplement etailer,Bengaluru,Rohan Agila,Angel / Seed Funding,,,Bengaluru,E-Commerce,,1/8/2018
396,9/1/2018,Lendingkart,Finance,Online Lending,Ahmedabad,Nederlandse Financierings-Maatschappij voor Ontwikkelingslanden N.V.,Debt Funding,"47,00,000",,Ahmedabad,Finance,4700000,1/9/2018
397,9/1/2018,Kinsane Entertainment Inc,Entertainment,Digital Entertainment for Children,Mumbai,Unknown,Seed/Angel Funding,"25,00,000",,Mumbai,Entertainment,2500000,1/9/2018
398,10/1/2018,Tapzo,Technology,Personal Assistant,Bengaluru,RuNet & Other,Private Equity,"19,30,000",,Bengaluru,Technology,1930000,1/10/2018
399,10/1/2018,Appario Retail Pvt Ltd.,E-commerce,Retail,New Delhi,Amazon-Patni JV,Private Equity,"1,88,40,000",,New Delhi,E-Commerce,18840000,1/10/2018
400,10/1/2018,Samunnati,Finance,Agricultural Loan,Chennai,"responsAbility, Elevar Equity and Accel Partners",Private Equity,"2,35,00,000",,Chennai,Finance,23500000,1/10/2018
401,10/1/2018,Sahajanand Medical Technologies,Technology,Medical Devices,Surat,Morgan Stanley Private Equity Asia,Private Equity,"3,62,30,000",,Surat,Technology,36230000,1/10/2018
402,12/1/2018,Kuants,Technology,Algorithmic Trading,Gurugram,"Pankaj Chopra, Ankush Gupta",Angel / Seed Funding,"80,000",,Gurugram,Technology,80000,1/12/2018
403,12/1/2018,Razorpay,Technology,Payment Gateway,Bengaluru,"Tiger Global, Y Combinator",Private Equity,"2,00,00,000",,Bengaluru,Technology,20000000,1/12/2018
404,15/01/2018,Streak,Technology,Algorithmic Trading,Bengaluru,"Indian fintech fund, Rainmatter",Angel / Seed Funding,"3,54,600",,Bengaluru,Technology,354600,1/15/2018
405,15/01/2018,pi Ventures,Finance,Venture Capital,Bengaluru,"Sunil Kant Munjal, Hero Electronix\\xe2\\x80\\x99s corporate financing arm, Electronic Development Fund",Private Equity,"2,50,00,000",,Bengaluru,Finance,25000000,1/15/2018
406,15/01/2018,Newgen Software,Technology,IT,New Delhi,"Goldman Sachs, hedge fund & Others",Private Equity,"2,00,00,000",,New Delhi,Technology,20000000,1/15/2018
407,17/01/2018,Rubix,Technology,Education,Pune,Polaris Fund,Private Equity,"10,00,000",,Pune,Technology,1000000,1/17/2018
408,18/01/2018,ShareChat,Technology,Social,Bengaluru,"Xiaomi Singapore, Shunwei Capital",Private Equity,"1,82,00,000",,Bengaluru,Technology,18200000,1/18/2018
409,22/01/2018,Paperflite,Technology,IT,Chennai,The Chennai Angels,Angel / Seed Funding,"4,00,000",,Chennai,Technology,400000,1/22/2018
410,22/01/2018,HungerBox,Consumer Internet,Food and Beverages,Bengaluru,Lionrock Capital,Private Equity,"25,00,000",,Bengaluru,Consumer Internet,2500000,1/22/2018
411,22/01/2018,Skillate,Technology,Artificial Intellegence,Bengaluru,"Incubate Fund India, Anuj Agrawal",Private Equity,,,Bengaluru,Technology,,1/22/2018
412,22/01/2018,OptaCredit,Finance,Alternative Lending,Chennai,DMI Finance,Private Equity,"40,00,000",,Chennai,Finance,4000000,1/22/2018
413,22/01/2018,AEON Learning,Technology,Education,Bengaluru,Dr. Ranjan Pai,Private Equity,"32,00,000",,Bengaluru,Technology,3200000,1/22/2018
414,23/01/2018,Milkbasket,E-commerce,Online Grocery,Gurugram,Unilever Ventures,Private Equity,"30,00,000",,Gurugram,E-Commerce,3000000,1/23/2018
415,24/01/2018,NeoGrowth Credit,Finance,Digital Lending,Mumbai,"LeapFrog Investments, Aspada Investment, Quona Capital",Private Equity,"4,70,00,000",,Mumbai,Finance,47000000,1/24/2018
416,24/01/2018,Rao IIT Academy,Education,Coaching Services,Mumbai,Avendus Finance,Structured Debt,"86,00,000",,Mumbai,Education,8600000,1/24/2018
417,24/01/2018,Aye Finance,Finance,Online Lending,Gurugram,IFMR Capital,Term Loan,"62,40,000",,Gurugram,Finance,6240000,1/24/2018
418,25/01/2018,Glassic,Ecommerce,Eyewear,Bengaluru,"Chennai Angels, Lead Angels, LetsVenture",Angel / Seed Funding,,,Bengaluru,E-Commerce,,1/25/2018
419,25/01/2018,GreyAtom,Technology,Education,Mumbai,Pravega Ventures,Private Equity,"10,00,000",,Mumbai,Technology,1000000,1/25/2018
420,26/01/2018,Axio,Healthcare,Hemostatic Dressing Solutions,Bengaluru,RNT Capital,Private Equity,"74,00,000",,Bengaluru,Healthcare,7400000,1/26/2018
421,29/01/2018,eKincare,Healthcare,Technology,Hyderabad,"Ventureast, Endiya Partners, Eight Roads Ventures, Touchstone Equities, BVR Mohan Reddy",Private Equity,"15,00,000",,Hyderabad,Healthcare,1500000,1/29/2018
422,29/01/2018,The Wedding Brigade,Consumer internet,Online Services,Mumbai,Blume Ventures,Private Equity,"10,00,000",,Mumbai,Consumer Internet,1000000,1/29/2018
423,30/01/2018,PeeSafe,Healthcare,Hygiene,Gurugram,"Shivani Singh, Rahul Maroli, Mitesh Shah, Venture Catalysts, Alfa Capital, Green Shots Capital, Real Time Ventures.",Private Equity,"10,00,000",,Gurugram,Healthcare,1000000,1/30/2018
424,30/01/2018,BrowserStack,Technology,Browser Testing,Mumbai,Accel Partners,Private Equity,"5,00,00,000",,Mumbai,Technology,50000000,1/30/2018
425,30/01/2018,Scapic,Technology,Virtual Reality,Bengaluru,"Axilor Ventures, Newfort Capital",Angel / Seed Funding,"5,00,000",,Bengaluru,Technology,500000,1/30/2018
426,30/01/2018,MoneyOnMobile,Technology,Mobile Payment Platform,Mumbai,Undisclosed Investors,Private Equity,"76,00,000",,Mumbai,Technology,7600000,1/30/2018
427,30/01/2018,CureFit,Healthcare,Fitness,Bengaluru,"HDFC Bank, Axis Bank",Debt Funding,"1,00,00,000",,Bengaluru,Healthcare,10000000,1/30/2018
428,31/01/2018,iNurture,Technology,Education Solutions,Bengaluru,Ventureast,Private Equity,"44,00,000",,Bengaluru,Technology,4400000,1/31/2018
429,1/12/2017,Strata Enviro,Technology,IoT based air pollution controller,Mumbai,Scale Minds,Private Equity,,,Mumbai,Technology,,12/1/2017
430,5/12/2017,Dunzo,Technology,Daily Task Management Mobile App,Bengaluru,Google,Private Equity,"1,23,00,000",,Bengaluru,Technology,12300000,12/5/2017
431,5/12/2017,Tata Housing,Real Estate,Residential Project,Mumbai,Hines,Private Equity,"2,30,00,000",,Mumbai,Real Estate,23000000,12/5/2017
432,5/12/2017,HandyTrain,Technology,Mobile Learning Management Platform,Goa,NB Ventures,Private Equity,"10,00,000",,Goa,Technology,1000000,12/5/2017
433,5/12/2017,Mobycy,Technology,Bicycle sharing Platform,Gurugram,Undisclosed Investors,Seed/Angel Funding,"5,00,000",,Gurugram,Technology,500000,12/5/2017
434,6/12/2017,Greenlight Planet,Technology,Off-grid solar products platform,Mumbai,"Apis Partner, Eight Roads Ventures, Bamboo Capital Partners",Private Equity,"6,00,00,000",,Mumbai,Technology,60000000,12/6/2017
435,6/12/2017,Fintobox,Technology,Child Learning & Development Platform,Chennai,Lightbox,Private Equity,"70,00,000",,Chennai,Technology,7000000,12/6/2017
436,7/12/2017,Mswipe,Technology,Mobile point of sale services provider,Mumbai,Eduardo Saverin,Private Equity,"1,00,00,000",,Mumbai,Technology,10000000,12/7/2017
437,7/12/2017,The Label Life,E-Commerce,Home Decor and Online Fashion Portal,Mumbai,Kalpvriksh,Private Equity,"31,00,000",,Mumbai,E-Commerce,3100000,12/7/2017
438,7/12/2017,Cygnus Hospitals,Healthcare,Super speciality Hospitals,Gurugram,Somerset Indus Capital Ventures,Seed/Angel Funding,"7,50,000",,Gurugram,Healthcare,750000,12/7/2017
439,7/12/2017,eShakti,Ecommerce,"""Women\\'s Fashion Clothing Online Platform""",Chennai,IDG Ventures,Debt Funding,"23,00,000",,Chennai,E-Commerce,2300000,12/7/2017
440,8/12/2017,Inshorts,Technology,Mobile News Curation App,Noida,Tiger Global,Private Equity,"50,00,000",,Noida,Technology,5000000,12/8/2017
441,11/12/2017,Vahdam Tea,E-Commerce,Online Platform Selling Indian Tea Globally,New Delhi,"Singapore Angel Network, Mumbai Angel",Private Equity,"15,00,000",,New Delhi,E-Commerce,1500000,12/11/2017
442,11/12/2017,Logic Roots,Technology,Educational Platform to Learn Mathematics,Mumbai,Village Capital,Seed/Angel Funding,"50,000",,Mumbai,Technology,50000,12/11/2017
443,11/12/2017,Project Mudra,Technology,Assisting Visually Impaired to learn through Braille,Bengaluru,Village Capital,Seed/Angel Funding,"50,000",,Bengaluru,Technology,50000,12/11/2017
444,11/12/2017,Furlenco,Technology,Furniture Rental Platform,Bengaluru,Aamir Khan,Debt Funding,"12,00,000",,Bengaluru,Technology,1200000,12/11/2017
445,12/12/2017,I Can Stay,Technology,Hotel Aggregator Platform,New Delhi,HT Media,Private Equity,"18,00,000",,New Delhi,Technology,1800000,12/12/2017
446,12/12/2017,Fracktal Works,Technology,Platform based on 3D printing and Digital Manufacturing,Bengaluru,Hyderabad Angels,Seed/Angel Funding,,,Bengaluru,Technology,,12/12/2017
447,12/12/2017,Simility,Technology,Adaptive Fraud Intelligence Platform,Hyderabad,Accel Partners,Private Equity,"1,75,00,000",,Hyderabad,Technology,17500000,12/12/2017
448,12/12/2017,Shopholix,E-Commerce,Fashion and Lifestyle Coupon Platform,Gurugram,Munesh Khanna,Seed/Angel Funding,"2,33,000",,Gurugram,E-Commerce,233000,12/12/2017
449,13/12/2017,MindTickle,Technology,Gamification Platform to train Sales People,Pune,Canaan Partners,Private Equity,"2,70,00,000",,Pune,Technology,27000000,12/13/2017
450,13/12/2017,Nazara Technologies,Technology,Mobile Games Development Firm,Mumbai,Rakesh Jhunjhunwala,Private Equity,"2,70,00,000",,Mumbai,Technology,27000000,12/13/2017
451,13/12/2017,DocsApp,Technology,Mobile Application for Doctor Consultation,Bengaluru,Bessemer Venture Partners,Private Equity,"72,00,000",,Bengaluru,Technology,7200000,12/13/2017
452,13/12/2017,Capita World,Technology,Artificial Intelligence Platform to Raise Funds,Mumbai,"Mohan Tanksale, Kiran Shetty, Darshak Shah, Mandar Mhatre",Private Equity,,,Mumbai,Technology,,12/13/2017
453,14/12/2017,Tea Box,E-Commerce,Fresh Indian Tea Selling Platform across 112 countries,Bengaluru,RB Investments,Private Equity,"70,00,000",,Bengaluru,E-Commerce,7000000,12/14/2017
454,14/12/2017,Transversal Technologies,Technology,Hyperlocal Video Information Sharing Platform,Bengaluru,Matrix Partners,Private Equity,"60,00,000",,Bengaluru,Technology,6000000,12/14/2017
455,14/12/2017,Curofy,Technology,Mobile App for Network of Doctors,Gurugram,RoundGlass Partners LLC,Seed/Angel Funding,"2,50,000",,Gurugram,Technology,250000,12/14/2017
456,14/12/2017,HomeLane,E-Commerce,Online Furniture Marketplace,Bengaluru,"Accel Partners, Sequoia Capital, RB Investments",Private Equity,"1,00,00,000",,Bengaluru,E-Commerce,10000000,12/14/2017
457,14/12/2017,WeDoSky,Technology,Provides Business Insights using Drone Imaginary,New Delhi,Mumbai Angels Network,Private Equity,,,New Delhi,Technology,,12/14/2017
458,15/12/2017,Purplle,E-Commerce,Beauty Products Online Marketplace,Mumbai,"Mountain Pain Capital, Suncoast Investments",Seed/Angel Funding,"5,37,000",,Mumbai,E-Commerce,537000,12/15/2017
459,15/12/2017,Cash Suvidha,E-Commerce,Online Micro-Lending Platform,New Delhi,Unknown,Debt Funding,"27,00,000",,New Delhi,E-Commerce,2700000,12/15/2017
460,18/12/2017,Sky Met Weather,Technology,Weather Forecast Platform,Noida,InsuResillience Investment Fund,Private Equity,,,Noida,Technology,,12/18/2017
461,19/12/2017,Springboard,Technology,Online Courses and Mentoring from Experts,Bengaluru,"Costanoa, Learn Capital, Jyoti Bansal",Private Equity,"95,00,000",,Bengaluru,Technology,9500000,12/19/2017
462,19/12/2017,Peel Works,Technology,SaaS based Big Data Analytics Platform,Mumbai,Unilever Ventures,Private Equity,,,Mumbai,Technology,,12/19/2017
463,19/12/2017,9Stacks,Technology,Online Poker Platform,New Delhi,"Swati Gupta, Purnima Khandelwal, Maheshwar Peri, Sanjay Singh",Private Equity,"15,00,000",,New Delhi,Technology,1500000,12/19/2017
464,20/12/2017,Your Quote,Technology,Vernacular and Video Content Platform,Bengaluru,"Axilor Ventures, E-City VEntures Atul Goel",Private Equity,"10,00,000",,Bengaluru,Technology,1000000,12/20/2017
465,20/12/2017,Spandana Sphoorty,Finance,Micro finance institution providing small ticket unsecured loans to women,Hyderabad,"""Kedaraa Capital, Ontario Teachers\\'""",Private Equity,"1,95,00,000",,Hyderabad,Finance,19500000,12/20/2017
466,21/12/2017,Indus OS,Technology,Regional Operating System for Smartphones,Mumbai,Omidyar Network,Private Equity,"40,00,000",,Mumbai,Technology,4000000,12/21/2017
467,21/12/2017,EasyEcom,E-Commerce,Ecommerce enabler platform,Bengaluru,"Ambarish Gupta, Aneesh Reddy, Bold Ventures, Vona Investments",Seed/Angel Funding,"1,50,000",,Bengaluru,E-Commerce,150000,12/21/2017
468,21/12/2017,IGP.com,E-Commerce,Online Gifting Platform,Uttar Pradesh,Venture Catalysts,Private Equity,,,Unknown,E-Commerce,,12/21/2017
469,26/12/2017,Specsmakers,E-Commerce,Online Spects Platform for Men and Women,Chennai,Eight Roads Ventures India,Private Equity,"1,00,00,000",,Chennai,E-Commerce,10000000,12/26/2017
470,27/12/2017,Garage On Road,E-Commerce,Online vehicle service booking platform,Noida,Gaurav Gupta,Private Equity,,,Noida,E-Commerce,,12/27/2017
471,27/12/2017,Foyr.com,Technology,Realty Tech Startup solving real life Interior Designing problems,Hyderabad,Jones Lang LaSalle,Private Equity,"38,00,000",,Hyderabad,Technology,3800000,12/27/2017
472,2/11/2017,Prest Loans,Finance,Business & SME Loans provider,New Delhi,"Manish Poddar, Arun Garg, Parmeshwar Sharma",Seed Funding,"5,70,000",,New Delhi,Finance,570000,11/2/2017
473,2/11/2017,AadharAPI.com,Technology,Aadhaar-based API provider,Pune,CIO Angel Network,Seed Funding,,,Pune,Technology,,11/2/2017
474,2/11/2017,FreshBoxx,ECommerce,Online Grocery Store,Bengaluru,Jayant Humbarwadi,Seed Funding,,,Bengaluru,E-Commerce,,11/2/2017
475,3/11/2017,Vagupu,Technology,Online Tutorial Marketplace,Bengaluru,Undisclosed Investors,Seed Funding,"10,00,000",,Bengaluru,Technology,1000000,11/3/2017
476,3/11/2017,HalaPlay,Consumer Internet,Online Fantasy Games,Mumbai,"Kae Capital Management, Nazara Technologies",Seed Funding,,,Mumbai,Consumer Internet,,11/3/2017
477,3/11/2017,Kalpnik Technologies,Technology,VR based Spiritual platform,Bengaluru,Venture Catalysts,Seed Funding,"5,00,000",,Bengaluru,Technology,500000,11/3/2017
478,4/11/2017,Hevo Data,Technology,Real time data analytics & reporting,Bengaluru,IDG Ventures India,Private Equity,"10,00,000",,Bengaluru,Technology,1000000,11/4/2017
479,6/11/2017,Smart Karma,Technology,Financial Technology Research Platform,Bengaluru,IDG Ventures India,Private Equity,,,Bengaluru,Technology,,11/6/2017
480,6/11/2017,Leverage Edu,ECommerce,Online platform for Higher Education Services,New Delhi,"Alok Mittal, Deepak Jain, Ritesh Malik, Jim Schimdktke",Seed Funding,,,New Delhi,E-Commerce,,11/6/2017
481,7/11/2017,Crayon Data,Technology,Customer Engagement Platform,New Delhi,Infosys co-founder Kris Gopalakrishnan,Seed Funding,,,New Delhi,Technology,,11/7/2017
482,7/11/2017,DocTalk,Technology,Doctor Patient Communication platform,Mumbai,"Matrix Partners India, Khosla Ventures",Private Equity,"50,00,000",,Mumbai,Technology,5000000,11/7/2017
483,7/11/2017,CoveIoT,Technology,Wearable tech and Internet of Things platform,Bengaluru,"Titan Co Ltd, Tata Group\\xe2\\x80\\x99s watch and jewellery retailing firm",Private Equity,"50,00,000",,Bengaluru,Technology,5000000,11/7/2017
484,8/11/2017,TalentEdge,Technology,Distance Education Learning Platform,Bengaluru,Lumis Partners,Private Equity,"76,00,000",,Bengaluru,Technology,7600000,11/8/2017
485,8/11/2017,Fisdom,Finance,Mutual Fund Investment App,Bengaluru,Quona Capital Management,Private Equity,"30,00,000",,Bengaluru,Finance,3000000,11/8/2017
486,8/11/2017,FarmLink,eCommerce,Online platform for Agricultural products,Mumbai,"Pioneering Ventures, Syngenta AG",Private Equity,"30,00,000",,Mumbai,E-Commerce,3000000,11/8/2017
487,8/11/2017,OpenApp,Technology,IoT based Tech Startup,Bengaluru,"Axilor Ventures, Kumar Vembu",Private Equity,"36,00,000",,Bengaluru,Technology,3600000,11/8/2017
488,9/11/2017,NoPaperForms,Technology,Enrolment Management Platform,New Delhi,Info Edge,Seed Funding,"8,72,000",,New Delhi,Technology,872000,11/9/2017
489,9/11/2017,Tilite Technologies Pvt. Ltd,Technology,Saas based Corporate Travel Management Solution,Bengaluru,Matrix Partners,Seed Funding,,,Bengaluru,Technology,,11/9/2017
490,9/11/2017,Mobiliz AR,Technology,Augmented Reality based Tech platform,Bengaluru,"IDG Ventures, IDFC-Parampara Fund",Private Equity,,,Bengaluru,Technology,,11/9/2017
491,10/11/2017,Qubole,Technology,Big Data based analytics platform,Bengaluru,"Singtel, Innov8, Harmony Partners",Private Equity,"2,50,00,000",,Bengaluru,Technology,25000000,11/10/2017
492,10/11/2017,Happily Unmarried,ECommerce,Online Gifting platform,New Delhi,Wipro Consumer Care,Private Equity,,,New Delhi,E-Commerce,,11/10/2017
493,13/11/2017,Universal Sportsbiz Pvt. Ltd,ECommerce,Celebrity fashion accessories and merchandise,Mumbai,Accel Partners,PrivateEquity,"1,50,00,000",,Mumbai,E-Commerce,15000000,11/13/2017
494,14/11/2017,Hungry Foal,Ecommerce,Healthy & Nutrition based snacks online platform,Gurugram,GAIL India Ltd,Seed Funding,,,Gurugram,E-Commerce,,11/14/2017
495,14/11/2017,Active AI,Technology,AI based FinTech platform,Bengaluru,Vertex Ventures,Private Equity,"82,50,000",,Bengaluru,Technology,8250000,11/14/2017
496,15/11/2017,Sumeru,Technology,Banking Software License Platform,Bengaluru,Undisclosed Investors,Seed Funding,"9,00,000",,Bengaluru,Technology,900000,11/15/2017
497,15/11/2017,ElderAid Wellness,Health Care,Social Healthcare Enterprise,Bengaluru,Rugmini Menon,Angel Funding,,,Bengaluru,Healthcare,,11/15/2017
498,15/11/2017,Omnia Information,Technology,WiFi Analytics Platform,New Delhi,Omidyar Network,Private Equity,"30,00,000",,New Delhi,Technology,3000000,11/15/2017
499,15/11/2017,Josh Talks,Inspiration,Storytelling platform,Gurugram,"Girish Mathrubootham, Apurva Chamaria, Rohit Chanana",Private Equity,,,Gurugram,Inspiration,,11/15/2017
500,15/11/2017,Reniso,Technology,End-to-End property management for landlords living away,New Delhi,"Nishit Sharma, Alok Srivastava",Seed Funding,,,New Delhi,Technology,,11/15/2017
501,17/11/2017,Kanhaiya,Inspiration,Storytelling platform,Hyderabad,Undisclosed Investors,Seed/Angel Funding,"2,00,000",,Hyderabad,Inspiration,200000,11/17/2017
502,17/11/2017,Perspectico,Technology,Placement preparation and career growth training platform,New Delhi,"SSCBS Innovation, Incubation Foundation (SIIF)",Seed/Angel Funding,,,New Delhi,Technology,,11/17/2017
503,20/11/2017,ONN Bikes,Technology,Self riding bike rental program,Mumbai,Z Nation Lab,Seed/Angel Funding,"6,92,000",,Mumbai,Technology,692000,11/20/2017
504,21/11/2017,Rapido,Technology,Bike and Taxi pooling online platform,Hyderabad,"Skycatcher Fund, Aravind Sanka",Seed/Angel Funding,"3,29,230",,Hyderabad,Technology,329230,11/21/2017
505,21/11/2017,Heckyl,Technology,Big Data Analytics Platform,Mumbai,"Notion Capital, IDG Ventures",Private Equity,"27,00,000",,Mumbai,Technology,2700000,11/21/2017
506,21/11/2017,Nuvepro,Technology,Managed Cloud Environment Solutions,Mumbai,1Crowd,Seed/Angel Funding,"4,00,000",,Mumbai,Technology,400000,11/21/2017
507,21/11/2017,RedBook,Technology,AI based pharmacy drugs insights platform,Mumbai,"Vida Ventures, Dr. Aniruddha Malpani",Seed/Angel Funding,"2,50,000",,Mumbai,Technology,250000,11/21/2017
508,21/11/2017,Portea,Healthcare,Healthcare facilities at doorstep,Bengaluru,"Sabre Partners, MEMG CDC",Private Equity,"2,60,00,000",,Bengaluru,Healthcare,26000000,11/21/2017
509,21/11/2017,Credit Mate,Technology,Vehicle loan approval platform,Mumbai,Paytm,Private Equity,,,Mumbai,Technology,,11/21/2017
510,21/11/2017,Epiq Capital,Finance,Tech based investor firm,Mumbai,Global Institutional Investors,Private Equity,"20,00,00,000",,Mumbai,Finance,200000000,11/21/2017
511,22/11/2017,MiStay,Technology,Online Hotel Reservation Platform,Bengaluru,Axilor Ventures,Seed/Angel Funding,,,Bengaluru,Technology,,11/22/2017
512,23/11/2017,WittyFeed,Storytelling,Viral Content and storytelling platform,Indore,Sandeep Aggarwal,Seed/Angel Funding,,,Indore,Storytelling,,11/23/2017
513,24/11/2017,IDG Ventures,Finance,Venture Capitalist,Bengaluru,Uniliver Ventures,Private Equity,"1,00,00,000",,Bengaluru,Finance,10000000,11/24/2017
514,24/11/2017,TempGo,Technology,IoT and SaaS based transportation platform,Goa,Javelin StartupO Victory Fund,Seed/Angel Funding,"2,50,000",,Goa,Technology,250000,11/24/2017
515,27/11/2017,Edelweiss,Finance,Diversified Financial,Mumbai,Undisclosed investors,Private Equity,"27,00,00,000",,Mumbai,Finance,270000000,11/27/2017
516,27/11/2017,ERA,Technology,Identity management platform,Mumbai,Amit Patni,Seed/Angel Funding,"39,000",,Mumbai,Technology,39000,11/27/2017
517,27/11/2017,Smaaash,Technology,Virtual Reality based gaming platform,Mumbai,Sixth Sense Ventures,Private Equity,"38,00,000",,Mumbai,Technology,3800000,11/27/2017
518,28/11/2017,Chumbak,Lifestyle,Designer-led consumer products,Bengaluru,Gaja Capital,Private Equity,"1,30,00,000",,Bengaluru,Lifestyle,13000000,11/28/2017
519,28/11/2017,FR8,Technology,Online Truck aggregator platform,Chennai,IFMR Capital,Debt Funding,"15,00,000",,Chennai,Technology,1500000,11/28/2017
520,28/11/2017,MobieFit,Healthcare,Health and fitness based mobile App,Goa,"NB Ventures, MediAssist",Seed/Angel Funding,"13,50,000",,Goa,Healthcare,1350000,11/28/2017
521,28/11/2017,Stanza Living,Technology,Student accommodation platform,New Delhi,"Matrix PArtners, Accel",Private Equity,"20,00,000",,New Delhi,Technology,2000000,11/28/2017
522,3/10/2017,ChqBook,Consumer Internet,Home Loans Aggregation platform,Gurugram,"Startup Buddy, Apurva Chamaria,Sachin Arora, Bharat Gupta, Amit Manocha",Seed Funding,,,Gurugram,Consumer Internet,,10/3/2017
523,3/10/2017,HomeCapital,Consumer Internet,Home Loan Down payment assistance program,Mumbai,Venture Catalysts,Seed Funding,,,Mumbai,Consumer Internet,,10/3/2017
524,3/10/2017,Ola Cabs,Consumer Internet,App based cab hailing services,Bengaluru,"Tencent, Softbank Group",Private Equity,"11,00,00,000",,Bengaluru,Consumer Internet,110000000,10/3/2017
525,4/10/2017,Elanic,Consumer Internet,P2P platform for Fashion sales,Bengaluru,Digital Garage,Seed Funding,,,Bengaluru,Consumer Internet,,10/4/2017
526,4/10/2017,CollPoll,Consumer Internet,Education collaboration platform,Bengaluru,Sprout Angels,Seed Funding,"3,06,000",,Bengaluru,Consumer Internet,306000,10/4/2017
527,4/10/2017,PhonePe,Consumer Internet,Digital Wallet,Bengaluru,Flipkart,Private Equity,"3,87,00,000",,Bengaluru,Consumer Internet,38700000,10/4/2017
528,5/10/2017,Little Black Book,Consumer Internet,Local Recommendations and Discoveries Platform,New Delhi,"Blume Ventures, IDG Ventures & Indian Angel Network",Private Equity,"10,00,000",,New Delhi,Consumer Internet,1000000,10/5/2017
529,5/10/2017,Oorjan,Technology,rooftop solar platform,Mumbai,Globevestor,Seed Funding,"4,50,000",,Mumbai,Technology,450000,10/5/2017
530,5/10/2017,Zefo,ECommerce,Ecommerce Portal for Used Goods,Bengaluru,"Sequoia India, Helion Venture Partners, Beenext",Private Equity,"92,00,000",,Bengaluru,E-Commerce,9200000,10/5/2017
531,6/10/2017,Yaantra,ECommerce,Mobile repair and Refurbishment platform,New Delhi,Carpediem Capital,Private Equity,"31,00,000",,New Delhi,E-Commerce,3100000,10/6/2017
532,6/10/2017,Farm Taaza,Technology,Fresh Produce SCM company,Bengaluru,"Epsilon Venture Partners, Tara India Fund IV and others",Private Equity,"80,00,000",,Bengaluru,Technology,8000000,10/6/2017
533,6/10/2017,Drivezy,Consumer Internet,Self Drive car and bike rental platform,Bengaluru,"Das Capital, Axan Partners, Das Capital and IT Farm",Private Equity,"1,00,00,000",,Bengaluru,Consumer Internet,10000000,10/6/2017
534,6/10/2017,Slice Pay,Consumer Internet,Student Micro-financing platform,Bengaluru,"Das Capital, Simile Ventures",Private Equity,"20,00,000",,Bengaluru,Consumer Internet,2000000,10/6/2017
535,9/10/2017,Agrowave,Technology,Agriculture Supply Chain management solutions,Gurugram,Daffodil Software,Seed Funding,,,Gurugram,Technology,,10/9/2017
536,9/10/2017,MyGubbi,eCommerce,Home Interior Designing Seller,Bengaluru,"Firoze Irani, Vipul Parekh, Ananda Kallugadde, Rajesh K Murthy",Private Equity,"27,00,000",,Bengaluru,E-Commerce,2700000,10/9/2017
537,9/10/2017,IBSFintech,Technology,Treasury Risk Management Solution,Bengaluru,Shailesh Haribhakti,Seed Funding,,,Bengaluru,Technology,,10/9/2017
538,9/10/2017,Letsservice,Consumer Internet,Auto Service Logistics & SAAS platform,Bengaluru,Aequs Group,Private Equity,,,Bengaluru,Consumer Internet,,10/9/2017
539,9/10/2017,OneStepUp,Technology,Education Technology platform,New Delhi,Orient BlackSwan,Seed Funding,"3,36,000",,New Delhi,Technology,336000,10/9/2017
540,9/10/2017,ThirdWatch,Technology,AI-powered anti-fraud solutions,Gurugram,"Rahul Agarwalla, Keshav Sanghi, Batlivala & Karani Securities",Seed Funding,,,Gurugram,Technology,,10/9/2017
541,10/10/2017,Parallel Dots,Technology,AI-powered deep learning solutions,Gurugram,"Multipoint Capital,",Private Equity,"14,00,000",,Gurugram,Technology,1400000,10/10/2017
542,10/10/2017,Easy Diner,Consumer Internet,online restaurant reservation platform,Gurugram,Saama Capital and DSG Consumer Partners,Private Equity,"45,00,000",,Gurugram,Consumer Internet,4500000,10/10/2017
543,11/10/2017,Meesho,ECommerce,Online Reseller Network,Bengaluru,"SAIF Partners, YCombinator, Venture Highway",Private Equity,"31,00,000",,Bengaluru,E-Commerce,3100000,10/11/2017
544,11/10/2017,StanPlus,Logistics,Medical Transportation Services,Hyderabad,KStart Capital,Private Equity,"11,00,000",,Hyderabad,Logistics,1100000,10/11/2017
545,12/10/2017,UCLID,Technology,"Education Network for Institutions, teachers & Students",Hyderabad,Undisclosed investors,Seed Funding,"2,35,000",,Hyderabad,Technology,235000,10/12/2017
546,13/10/2017,Policy Bazaar,Consumer Internet,Online insurance policy aggregator,Gurugram,"Wellington Management, DG Ventures India, True North",Private Equity,"7,70,00,000",,Gurugram,Consumer Internet,77000000,10/13/2017
547,13/10/2017,Gapoon,Consumer Internet,home maintenance services platform,Bengaluru,"Vida Ventures, Snehal Mantri, Anshu Bahadur",Seed Funding,"2,50,000",,Bengaluru,Consumer Internet,250000,10/13/2017
548,13/10/2017,Chaayos,eCommerce,Online Chai ordering platform,Gurugram,Tiger Global Management,Private Equity,"20,00,000",,Gurugram,E-Commerce,2000000,10/13/2017
549,16/10/2017,KrazyBee,Consumer Internet,Micro-lending platform,Bengaluru,"Xiaomi Technologies, Shunwei Capital",Private Equity,"80,00,000",,Bengaluru,Consumer Internet,8000000,10/16/2017
550,16/10/2017,Renew Buy,Consumer Internet,Online Insurance Aggregator,New Delhi,Amicus Capital,Private Equity,"92,00,000",,New Delhi,Consumer Internet,9200000,10/16/2017
551,17/10/2017,Fingerlix,Consumer Internet,Food Ordering Portal,Bengaluru,"Accel Partners, Zephyr Peacock",Private Equity,"70,00,000",,Bengaluru,Consumer Internet,7000000,10/17/2017
552,18/10/2017,Bank Bazaar,Consumer Internet,Online Financial Marketplace,Chennai,Experian,Private Equity,"70,00,000",,Chennai,Consumer Internet,7000000,10/18/2017
553,18/10/2017,Hasura,Technology,App building platform,Chennai,"Nexus, GREE Ventures",Private Equity,,,Chennai,Technology,,10/18/2017
554,18/10/2017,BlackBuck,Logistics,B2B Logistics provider,Bengaluru,Innoven Capital,Private Equity,"77,00,000",,Bengaluru,Logistics,7700000,10/18/2017
555,18/10/2017,LenDen Club,Consumer Internet,Online peer-to-peer lending platform,Mumbai,Undisclosed Investor,Seed Funding,"5,00,000",,Mumbai,Consumer Internet,500000,10/18/2017
556,23/10/2017,Toppr,Consumer Internet,Mobile based learning app,Mumbai,"SAIF Partners, Helion Ventures, FIL Capital Management",Private Equity,"70,00,000",,Mumbai,Consumer Internet,7000000,10/23/2017
557,23/10/2017,RAW Pressery,Food & Beverage,Cold pressed Juice maker,Mumbai,"DSG Consumer Partners, Sequoia Capital, Saama Capital",Private Equity,"60,00,000",,Mumbai,Food & Beverage,6000000,10/23/2017
558,23/10/2017,Cashe,Consumer Internet,app-only lending platform,Mumbai,IFMR Capital,Debt Funding,"31,00,000",,Mumbai,Consumer Internet,3100000,10/23/2017
559,23/10/2017,Park Easy,Consumer Internet,Machine learning based parking discovery,Kolkata,Rockstart Accelerator,Seed Funding,"1,18,000",,Kolkata,Consumer Internet,118000,10/23/2017
560,24/10/2017,TagBox,Technology,Cold Chain monitoring solution,Bengaluru,"Indian Angel network, IAN Fund",Seed Funding,,,Bengaluru,Technology,,10/24/2017
561,24/10/2017,FYRE,Food & Beverage,Herbal energy shot maker,Mumbai,Venture Catalysts,Seed Funding,"5,00,000",,Mumbai,Food & Beverage,500000,10/24/2017
562,24/10/2017,ZipLoan,Consumer Internet,SME lending platform,New Delhi,"Matrix Partners India, WaterBridge Ventures, Whiteboard Capital, Sarbvir Singh",Private Equity,"30,00,000",,New Delhi,Consumer Internet,3000000,10/24/2017
563,24/10/2017,Skillenza,Consumer Internet,Online Learning Platform,Bengaluru,"Blume Ventures, Indian Angel Network",Seed Funding,"7,22,000",,Bengaluru,Consumer Internet,722000,10/24/2017
564,24/10/2017,Chevon,Food & Beverage,Frozen Meat provider,Mumbai,Greenfield Advisory,Private Equity,,,Mumbai,Food & Beverage,,10/24/2017
565,25/10/2017,PropStory,Consumer Internet,Real Estate content portal,Gurugram,"Abhishek Bhatewara, Vivek Shah, Haitong Securities, Suraj Saharan, Paras Arora",Seed Funding,,,Gurugram,Consumer Internet,,10/25/2017
566,25/10/2017,SpotDraft,Consumer Internet,Contract Automation,Gurugram,"Hunch Ventures, Spiral Ventures, 500 Startups, Singapore Angel Network, Citrus Payments",Seed Funding,"5,50,000",,Gurugram,Consumer Internet,550000,10/25/2017
567,26/10/2017,Big Basket,eCommerce,Online Grocery portal,Bengaluru,Helion Ventures Partners,Private Equity,"50,00,000",,Bengaluru,E-Commerce,5000000,10/26/2017
568,27/10/2017,OfBusiness,Technology,B2B Finance & Fulfilment Network,Gurugram,Kotak Mahindra Bank,Debt Funding,"38,00,000",,Gurugram,Technology,3800000,10/27/2017
569,27/10/2017,Olly Credit,Technology,Credit + payment mobile app,New Delhi,"Incubate Fund, Sandesh Kirkire, Anand Kumar, Yogesh Chaudhary",Seed Funding,,,New Delhi,Technology,,10/27/2017
570,28/10/2017,CashFree,Technology,Payments Platform for Marketplaces and Fintechs,New Delhi,Y Combinator,Seed Funding,"1,20,000",,New Delhi,Technology,120000,10/28/2017
571,28/10/2017,Ola Cabs,Consumer Internet,App based cab hailing services,Bengaluru,ANI Technologies Pvt. Ltd,Private Equity,"77,00,000",,Bengaluru,Consumer Internet,7700000,10/28/2017
572,30/10/2017,GoldFarm,Food & Beverage,Agriculture Technology,Coimbatore,Mahindra & Mahindra and Infuse Ventures,Private Equity,"20,00,000",,Coimbatore,Food & Beverage,2000000,10/30/2017
573,31/10/2017,NetMeds,ECommerce,Online Pharmacy,Chennai,TannCam Investment & Sistema Asia Fund,Private Equity,"1,40,00,000",,Chennai,E-Commerce,14000000,10/31/2017
574,31/10/2017,MSE,Finance,Equity Stock Exchange,Mumbai,"IL&FS, Trust Capital, Rosy Blue Securities, Radhakrishan Damani and Rakesh Jhunjhunwala",Private Equity,"3,20,00,000",,Mumbai,Finance,32000000,10/31/2017
575,1/9/2017,Aahaa Stores,eCommece,Online B2B store for office supplies,Chennai,YourNest Angel Fund,Private Equity,"10,00,000",,Chennai,E-Commerce,1000000,9/1/2017
576,1/9/2017,MFine,Consumer Internet,Online Doctor Discovery platform,Bengaluru,"Stellaris Venture Partners, Mayur Abhaya, Rohit MA",Private Equity,"15,00,000",,Bengaluru,Consumer Internet,1500000,9/1/2017
577,1/9/2017,Canvera,Consumer Internet,Online Photography platform,Mumbai,InfoEdge,Private Equity,"13,00,000",,Mumbai,Consumer Internet,1300000,9/1/2017
578,4/9/2017,PrimaryIO,Technology,Application Performance Acceleration,Pune,"Accel Partners, Exfinity Ventures, Partech Ventures",Private Equity,"56,00,000",,Pune,Technology,5600000,9/4/2017
579,5/9/2017,Shubh Loans,Consumer Internet,online lending platform,Bengaluru,"SRI Capital, BeeNext, Pravega Ventures",Private Equity,"15,00,000",,Bengaluru,Consumer Internet,1500000,9/5/2017
580,5/9/2017,Nest Education,Technology,EduTech Platform,Gurugram,"Michael and Susan Dell Foundation, Anand Mahindra",Seed Funding,"6,00,000",,Gurugram,Technology,600000,9/5/2017
581,6/9/2017,Lending Kart,Consumer Internet,Online Lending Platform,Ahmedabad,"Bertelsmann India, Mayfield Capital, Saama Capital, Darrin Capital",Private Equity,"1,07,50,000",,Ahmedabad,Consumer Internet,10750000,9/6/2017
582,6/9/2017,GoFro,Consumer Internet,Online travel booking platform,New Delhi,"HIS Co. Ltd, MakeMyTrip",Private Equity,"1,00,00,000",,New Delhi,Consumer Internet,10000000,9/6/2017
583,6/9/2017,OncoStem,Healthcare,Medical Diagnostic Solutions,Bengaluru,"Sequoia Capital India, Artiman Ventures",Private Equity,"60,00,000",,Bengaluru,Healthcare,6000000,9/6/2017
584,6/9/2017,Power2SME,eCommerce,Buying Club for Small Businesses,Gurugram,"International Finance Corporation (IFC), Inventus Capital Partners, Accel Partners, Kalaari Capital, and Nandan Nilekani,",Private Equity,"2,60,00,000",,Gurugram,E-Commerce,26000000,9/6/2017
585,7/9/2017,Credit Vidya,Consumer Internet,Online Credit scoring platform,Mumbai,Matrix Partners,Private Equity,"50,00,000",,Mumbai,Consumer Internet,5000000,9/7/2017
586,7/9/2017,Tails Life,Consumer Internet,Pet care portal & mobile app,Bengaluru,V Balakrishnan.,Private Equity,,,Bengaluru,Consumer Internet,,9/7/2017
587,7/9/2017,OYO Rooms,Consumer Internet,Branded budget hotels marketplace,Gurugram,"SoftBank Group, Sequoia Capital India, Lightspeed Venture Partners, Greenoaks Capital, Hero Enterprise",Private Equity,"25,00,00,000",,Gurugram,Consumer Internet,250000000,9/7/2017
588,7/9/2017,Early Salary,Consumer Internet,Online Unsecured Lending platform,Pune,IFMR Capital,Debt Funding,"7,80,000",,Pune,Consumer Internet,780000,9/7/2017
589,7/9/2017,MamaEarth,eCommerce,online babycare products marketplace,Gurugram,Fireside Ventures,Seed Funding,,,Gurugram,E-Commerce,,9/7/2017
590,7/9/2017,Seniority,eCommerce,Ecommerce portal for senior citizens,Pune,RPG Enterprises,Private Equity,"10,00,000",,Pune,E-Commerce,1000000,9/7/2017
591,8/9/2017,AYE Finance,Consumer Internet,Micro Lending Platform,New Delhi,"Triodos Investment Management,",Debt Funding,"69,00,000",,New Delhi,Consumer Internet,6900000,9/8/2017
592,8/9/2017,Farmizen,Technology,Agre-Tech Mobile app,Bengaluru,"Venture Highway, Alok Mittal, Mohit Agarwal, Anuj Gupta,",Seed Funding,,,Bengaluru,Technology,,9/8/2017
593,11/9/2017,Ecom Express,Logistics,Logistics Solutions provider,New Delhi,Warburg Pincus,Private Equity,"3,00,00,000",,New Delhi,Logistics,30000000,9/11/2017
594,11/9/2017,Call Health,Consumer Internet,Healthcare Services Aggregator,Hyderabad,"Sachin Tendulkar, P.V SIndhu, Pullela Gopichand",Private Equity,"62,00,000",,Hyderabad,Consumer Internet,6200000,9/11/2017
595,12/9/2017,Sattviko,eCommerce,Health Food etailer,New Delhi,"Raman Roy, Arvind Uppal, Sonu Bhasin, G Ravishankar",Seed Funding,,,New Delhi,E-Commerce,,9/12/2017
596,12/9/2017,3HCare,Consumer Internet,Healthcare services portal,New Delhi,Undisclosed Investor,Seed Funding,"1,00,000",,New Delhi,Consumer Internet,100000,9/12/2017
597,12/9/2017,Tonbo Imaging,Technology,Imaging Technology for Armed Forces,Bengaluru,"WRV Capital, Qualcomm Ventures, Edelweiss Private Equity, Artiman Ventures",Private Equity,"1,70,00,000",,Bengaluru,Technology,17000000,9/12/2017
598,12/9/2017,Get My Parking,Consumer Internet,Smart Parking Enabler,New Delhi,"IAN Fund, Beenext, Indian Angel Network",Private Equity,"30,00,000",,New Delhi,Consumer Internet,3000000,9/12/2017
599,13/09/2017,WittyFeed,Technology,Content marketing platform,Indore,"Anand Chandrasekaran, Apurva Chamaria, Ritesh Malik, Ashish Toshniwal, Ajeet Khurana",Seed Funding,,,Indore,Technology,,9/13/2017
600,13/09/2017,Glowroad,Consumer Internet,women focussed customer-to-customer reseller network,Bengaluru,"Accel Partners,",Private Equity,"20,00,000",,Bengaluru,Consumer Internet,2000000,9/13/2017
601,13/09/2017,OYO Rooms,Consumer Internet,udget hotel marketplace,Gurugram,China Lodging Group,Private Equity,"1,00,00,000",,Gurugram,Consumer Internet,10000000,9/13/2017
602,13/09/2017,Unacademy,Consumer Internet,Online learning platform,Mumbai,"Sequoia Capital India, SAIF Partners, Nexus Venture Partners and Blume Ventures,",Private Equity,"1,15,00,000",,Mumbai,Consumer Internet,11500000,9/13/2017
603,13/09/2017,Heterogenous,Technology,Telecom & IoT platform,Chennai,"Chennai Angels, Keiretsu Forum & Others",Seed Funding,"7,80,000",,Chennai,Technology,780000,9/13/2017
604,14/09/2017,Gurukul,Consumer Internet,co-working space provider,New Delhi,"Rohit Nanda, Rajit Nanda, Smarak Bhuyan, Sashwat Brahma,",Seed Funding,,,New Delhi,Consumer Internet,,9/14/2017
605,14/09/2017,Smaaash,Technology,Virtual Reality gaming and entertainment platform,Mumbai,ECL Finance,Private Equity,"4,40,00,000",,Mumbai,Technology,44000000,9/14/2017
606,14/09/2017,WheelStreet,Consumer Portal,Bike Rental Platform,Bengaluru,Y Combinator,Seed Funding,"1,20,000",,Bengaluru,Consumer Portal,120000,9/14/2017
607,14/09/2017,Xprep,Consumer Internet,Online Tutoring Platform,New Delhi,"Rising Stars, Manish Amin, Pallav Pandey, Chavi Jafa",Private Equity,,,New Delhi,Consumer Internet,,9/14/2017
608,18/09/2017,The Moms Co,eCommerce,Pregnancy & Baby Care product etailer,Gurugram,"DSG Consumer Partners, Saama Capital",Private Equity,"10,00,000",,Gurugram,E-Commerce,1000000,9/18/2017
609,19/09/2017,Noticeboard,Technology,"mobile-first communication platform for on-field staff,",Bengaluru,"Shamik Sharma, Aprameya Radhakrishna",Seed Funding,,,Bengaluru,Technology,,9/19/2017
610,19/09/2017,High Radius,Technology,Integrated receivables software solutions,Hyderabad,Susquehanna Growth Equity LLC,Private Equity,"5,00,00,000",,Hyderabad,Technology,50000000,9/19/2017
611,20/09/2017,HWell24 Plus,Healthcare,Technology-Empowered Healthcare Solutions,Mumbai,Undisclosed Investors,Seed Funding,,,Mumbai,Healthcare,,9/20/2017
612,21/09/2017,SaveBC,Finance,financial services firm,Gaya,Incofin Investment Management.,Private Equity,"60,00,000",,Gaya,Finance,6000000,9/21/2017
613,21/09/2017,Gaming Monk,Consumer Internet,E-sports platform,New Delhi,AdvantEdge,Private Equity,,,New Delhi,Consumer Internet,,9/21/2017
614,21/09/2017,91SpringBoard,Consumer Internet,Co-working spaces,New Delhi,"Sandway Investment Ltd, Pearl Brook Holdings, Silo Holdings and Al Nour",Private Equity,,,New Delhi,Consumer Internet,,9/21/2017
615,21/09/2017,Homergize,eCommerce,Home Furnishing & Building material marketplace,Bengaluru,LG Chandrasekhar,Private Equity,"10,00,000",,Bengaluru,E-Commerce,1000000,9/21/2017
616,22/09/2017,Yatra.com,eCommerce,Online Travel Agency,Gurugram,InnoVen Capital India,Debt Funding,"1,54,00,000",,Gurugram,E-Commerce,15400000,9/22/2017
617,22/09/2017,Ace Turtle,Technology,Omni-channel web commerce solutions provider,Bengaluru,InnoVen Capital,Private Equity,,,Bengaluru,Technology,,9/22/2017
618,25/09/2017,Vogo,Consumer Internet,Scooter Rental Platform,Bengaluru,AV Thomas Group,Seed Funding,,,Bengaluru,Consumer Internet,,9/25/2017
619,25/09/2017,Synup,Technology,SME Marketing Management Solution,Bengaluru,"Vertex Ventures, Prime Venture Partners.",Private Equity,"60,00,000",,Bengaluru,Technology,6000000,9/25/2017
620,25/09/2017,Tinmen,Consumer Internet,Food Delivery platform,Hyderabad,Zomato Media Pvt. Ltd,Private Equity,,,Hyderabad,Consumer Internet,,9/25/2017
621,25/09/2017,Cropin,Technology,Crop Technology Solutions,Bengaluru,Beenext,Private Equity,,,Bengaluru,Technology,,9/25/2017
622,25/09/2017,Rapido,Consumer Internet,Bike Aggregator Mobile App,Bengaluru,Battery Road Digital Holdings LLC,Seed Funding,"4,22,000",,Bengaluru,Consumer Internet,422000,9/25/2017
623,25/09/2017,Sportobuddy,Consumer Internet,Sports & Sport related equipment portal,Mumbai,Mehul Shah,Seed Funding,"1,50,000",,Mumbai,Consumer Internet,150000,9/25/2017
624,26/09/2017,Credifiable,Consumer Internet,Online consumer lending platform,Bengaluru,Kae Capital,Private Equity,,,Bengaluru,Consumer Internet,,9/26/2017
625,26/09/2017,Inclov,Consumer Internet,Matchmaking app for the differently abled,Gurugram,"Rajan Anandan, Jamil Khatri, Ravi Iyer, Raghav Bahl",Seed Funding,,,Gurugram,Consumer Internet,,9/26/2017
626,26/09/2017,Multibhashi,Consumer Internet,Language learning Mobile App,Bengaluru,"Aniruddha Malpani, Startup Oasis",Seed Funding,,,Bengaluru,Consumer Internet,,9/26/2017
627,27/09/2017,Transerve,Technology,Geospatial Technology-based SaaS solutions,Mumbai,"IL&FS Investment Managers, Omidyar Network.",Private Equity,"16,00,000",,Mumbai,Technology,1600000,9/27/2017
628,27/09/2017,Fashalot,Consumer Internet,O2O fashion discovery platform,Gurugram,"Capillary Technologies, Whiteboard Capital, YourNest Angel Fund, Rajul Garg",Private Equity,,,Gurugram,Consumer Internet,,9/27/2017
629,27/09/2017,Pitstop,Consumer Internet,Car repair and Servicing Platform,Bengaluru,"Blume Ventures, Goldbell Group, Anurag Srivastava, Shailesh Rao, Amiya Pathak, Rajesh Yohanan and Rahul Garg",Private Equity,"10,00,000",,Bengaluru,Consumer Internet,1000000,9/27/2017
630,27/09/2017,GoChoppers,Consumer Internet,Luxury Helicopter Tourism Services portal,Gurugram,"Rivergate Capital,",Seed Funding,,,Gurugram,Consumer Internet,,9/27/2017
631,27/09/2017,MyUpchar,Consumer Internet,Local Language Health Information portal,New Delhi,LetsVenture,Seed Funding,"3,00,000",,New Delhi,Consumer Internet,300000,9/27/2017
632,28/09/2017,Aadyah,Technology,Defense Tech & Aerospace startup,Bengaluru,Keiretsu Forum,Private Equity,"10,00,000",,Bengaluru,Technology,1000000,9/28/2017
633,1/8/2017,TouchKin,Technology,Predictive Care Platform,Bengaluru,Kae Capital,Private Equity,"13,00,000",,Bengaluru,Technology,1300000,8/1/2017
634,2/8/2017,Ethinos,Technology,Digital Marketing Agency,Mumbai,Triton Investment Advisors,Private Equity,,,Mumbai,Technology,,8/2/2017
635,2/8/2017,Leverage Edu,Consumer Internet,Online platform for Higher Education Services,New Delhi,"Kashyap Deorah, Anand Sankeshwar, Deepak Jain, Sadashiva NT, Arjun Mehta, Satish Kaul, Anindya Ghose",Seed Funding,,,New Delhi,Consumer Internet,,8/2/2017
636,2/8/2017,Zepo,Consumer Internet,DIY Ecommerce platform,Mumbai,"Kunal Shah, LetsVenture, Anupam Mittal, Hetal Sonpal",Seed Funding,"5,00,000",,Mumbai,Consumer Internet,500000,8/2/2017
637,2/8/2017,Click2Clinic,Consumer Internet,healthcare service aggregator,Hyderabad,"Narottam Thudi, Shireesh Palle",Seed Funding,"8,50,000",,Hyderabad,Consumer Internet,850000,8/2/2017
638,3/8/2017,SpeedBox,Logistics,On-Demand Logistics Service provider,Mumbai,Cismat Cargo Services Pvt. Ltd.,Seed Funding,"3,00,000",,Mumbai,Logistics,300000,8/3/2017
639,3/8/2017,Skill Connect,Consumer Internet,Recruitment Portal,Jaipur,Rajasthan Angel Investor Network,Seed Funding,,,Jaipur,Consumer Internet,,8/3/2017
640,3/8/2017,Chai Point,Consumer Internet,Tea Delivery Portal & offline stores,Bengaluru,"DSG Consumer Partners, Eight Roads Ventures India",Private Equity,,,Bengaluru,Consumer Internet,,8/3/2017
641,3/8/2017,Zoctr,Consumer Internet,Health Products & Services Aggregator,Mumbai,SIDBI,Private Equity,,,Mumbai,Consumer Internet,,8/3/2017
642,4/8/2017,Lime Tray,Technology,Restaurant Management Solutions,New Delhi,JSW Ventures,Private Equity,,,New Delhi,Technology,,8/4/2017
643,4/8/2017,CoutLoot,eCommerce,Fashion Resale Marketplace,Mumbai,"Anuj Puri, Redcliffe Capital, Artha India Ventures, Siddharth Kothari, Apoorv Ranjan Sharma,",Seed Funding,,,Mumbai,E-Commerce,,8/4/2017
644,4/8/2017,Box My Space,Logistics,Warehouse Aggregator,Mumbai,"R. Jayakumar, Vaibhav Vohra, Aditya Vazirani, Rhea Vazirani, AVN Business Solutions, Dreamweaver Investments",Seed Funding,,,Mumbai,Logistics,,8/4/2017
645,5/8/2017,Curatio,Healthcare,Skincare Speciality services,Chennai,Anicut Capital,Private Equity,,,Chennai,Healthcare,,8/5/2017
646,8/8/2017,New Castle Technologies,Technology,Hospital Management Software,Chennai,Undisclosed investors,Seed Funding,"2,43,000",,Chennai,Technology,243000,8/8/2017
647,8/8/2017,My Forex Eye,Consumer Internet,foreign exchange services,New Delhi,"Rahul Dev Kumar, Rajesh Mahajan, Ankit Sharma and others",Seed Funding,"2,20,000",,New Delhi,Consumer Internet,220000,8/8/2017
648,9/8/2017,TruxApp,Logistics,Mobile based Logistics Service,New Delhi,"Venugopal Dhoot, Ajay Bhatia, Tarun Khandelwal, Ganpat Singhvi, Mandhian family & Others",Seed Funding,"31,00,000",,New Delhi,Logistics,3100000,8/9/2017
649,9/8/2017,CroFarm,Technology,Agriculture Supply Chain solutions,Gurugram,Factor[e] Ventures,Seed Funding,"7,83,000",,Gurugram,Technology,783000,8/9/2017
650,9/8/2017,DoodhWala,Consumer Internet,Online milk delivery,Bengaluru,Tom Varkey,Seed Funding,,,Bengaluru,Consumer Internet,,8/9/2017
651,10/8/2017,Stayabode,Consumer Internet,Co-Living space aggregator,Bengaluru,"Incubate Fund, Sanjay Shenoy, Mridul Upreti,",Private Equity,,,Bengaluru,Consumer Internet,,8/10/2017
652,11/8/2017,Flipkart,eCommerce,Online Marketplace,Bengaluru,Softbank,Private Equity,"2,50,00,00,000",,Bengaluru,E-Commerce,2500000000,8/11/2017
653,11/8/2017,Moong Labs,Technology,Mobile games developer,New Delhi,Nazara Games,Private Equity,,,New Delhi,Technology,,8/11/2017
654,11/8/2017,Ola Cabs,Consumer Internet,App based cab aggregation Service,Gurugram,Tekne Capital Management,Private Equity,"3,60,00,000",,Gurugram,Consumer Internet,36000000,8/11/2017
655,14/08/2017,Sports Flashes,Consumer Internet,Sports Content Mobile App,New Delhi,"Bennett, Coleman and Company Ltd (BCCL),",Private Equity,,,New Delhi,Consumer Internet,,8/14/2017
656,14/08/2017,Digilend,Technology,Personal Loans & EMI solutions platform,Mumbai,"InCred Finance, Fullerton India Credit Company Ltd",Seed Funding,"3,12,000",,Mumbai,Technology,312000,8/14/2017
657,15/08/2017,KNAB Finance,Consumer Internet,Unsecured Small Business Loans,Bengaluru,"InCred, Krishnakumar Natarajan, Ravi Bhardwaj",Seed Funding,"3,85,000",,Bengaluru,Consumer Internet,385000,8/15/2017
658,17/08/2017,Get Simpl,Consumer Internet,Payment Solution Mobile app,Mumbai,"Green Visor Capital LP II, IA Venture Strategies Fund II LP, Boillot Family Trust, Russell M Byrne, The Oliver R. Grace, Jr. Millennium Trust, SF Capital Investments LP",Seed Funding,,,Mumbai,Consumer Internet,,8/17/2017
659,20/08/2017,Rootefy,eCommerce,Building material online store,New Delhi,"Abhinav Gupta,",Seed Funding,"1,87,000",,New Delhi,E-Commerce,187000,8/20/2017
660,21/08/2017,Uniphore,Technology,speech recognition startup,Chennai,IDG Ventures,Private Equity,"68,00,000",,Chennai,Technology,6800000,8/21/2017
661,21/08/2017,Cerebroz,Consumer Internet,E-Tech platform,Vadodara,Undisclosed HNI\\xe2\\x80\\x99s,Seed Funding,"7,34,000",,Vadodara,Consumer Internet,734000,8/21/2017
662,22/08/2017,Flochat,Consumer Internet,instant messaging platform,Mumbai,"iSquare Global,",Seed Funding,,,Mumbai,Consumer Internet,,8/22/2017
663,22/08/2017,EasyGov,Consumer Internet,Govt service application portal,Noida,"Social Alpha, Rajan Anandan, Rajeev Ahuja, Kshitij Arora",Seed Funding,,,Noida,Consumer Internet,,8/22/2017
664,23/08/2017,Milk Basket,Consumer Internet,Online Grocery platform,Gurugram,Blume Ventures. Lenovo Capital and Incubator Group (LCIG),Seed Funding,,,Gurugram,Consumer Internet,,8/23/2017
665,23/08/2017,Dhruva,Technology,Cloud data protection and management solutions,Pune,"Riverwood Capital, Sequoia Capital India, Nexus Venture Partners, Tenaya Capital",Private Equity,"8,00,00,000",,Pune,Technology,80000000,8/23/2017
666,23/08/2017,Bombay Shaving Company,eCommerce,Men Grooming product etailer,New Delhi,Fireside Ventures,Private Equity,"23,00,000",,New Delhi,E-Commerce,2300000,8/23/2017
667,23/08/2017,Awign,Technology,Operations and manpower outsourcing,Bengaluru,"IIT Ropar, Imanpreet Singh Arora, Sidharth Rozario, Saurabh Abichandani, Shikhar Gupta,",Seed Funding,,,Bengaluru,Technology,,8/23/2017
668,23/08/2017,Indiez,Technology,Software & Mobile app development platform,Bengaluru,Haresh Chawla,Seed Funding,"5,00,000",,Bengaluru,Technology,500000,8/23/2017
669,24/08/2017,Ezetap,Technology,mPOS solutions provider,Bengaluru,"JS Capital Management, Social Capital, Horizons Ventures,",Private Equity,"1,60,00,000",,Bengaluru,Technology,16000000,8/24/2017
670,25/08/2017,Ink Monk,Consumer Internet,Online printing marketplace,Chennai,"VAMM Ventures, Raksul, Dena",Seed Funding,"7,50,000",,Chennai,Consumer Internet,750000,8/25/2017
671,25/08/2017,Medinfi,Consumer Internet,Online Doctor Discovery Platform,Bengaluru,"PBS Srinivas, Vinod Martin,",Seed Funding,"1,25,000",,Bengaluru,Consumer Internet,125000,8/25/2017
672,28/08/2017,Mobikon,Technology,Restaurant & Hotel CRM platform,Pune,"Sistema Asia Fund, C31 Ventures, Qualgro.",Private Equity,"70,00,000",,Pune,Technology,7000000,8/28/2017
673,29/08/2017,CureFit,Consumer Internet,End to End health and wellness platform.,Bengaluru,"Accel Partners, IDG Ventures, Kalaari Capital,\\xc2\\xa0 UC-RNT fund",Private Equity,"2,50,00,000",,Bengaluru,Consumer Internet,25000000,8/29/2017
674,29/08/2017,Doxper,Technology,Healthtech IoT platform,Mumbai,"idal Health, growx ventures, Capier Investments, Globevestor & others",Seed Funding,"7,50,000",,Mumbai,Technology,750000,8/29/2017
675,29/08/2017,Fieldassist,Technology,SAAS based sales force automation services,Gurugram,Small Industries Development Bank of India (SIDBI),Debt Funding,,,Gurugram,Technology,,8/29/2017
676,30/08/2017,Treebo,Consumer Internet,Budget Hotel Aggregator platform,Bengaluru,"Ward Ferry Management and Karst Peak Capital,",Private Equity,"3,40,00,000",,Bengaluru,Consumer Internet,34000000,8/30/2017
677,30/08/2017,MedGenome,Technology,Genomics Research and Diagnostics Solutions,Bengaluru,"Sequoia India, Sofina s.a., Zodius Capital, Kris Gopalakrishnan, Lakshmi Narayanan,",Private Equity,"3,00,00,000",,Bengaluru,Technology,30000000,8/30/2017
678,1/7/2017,Billion Loans,Consumer Internet,Peer to Peer Lending platform,Bengaluru,Reliance Corporate Advisory Services Ltd,Seed Funding,"10,00,000",,Bengaluru,Consumer Internet,1000000,7/1/2017
679,3/7/2017,Ecolibriumenergy,Technology,Energy management solutions provider,Ahmedabad,"Infuse Ventures, JLL",Private Equity,"26,00,000",,Ahmedabad,Technology,2600000,7/3/2017
680,4/7/2017,Droom,eCommerce,Online marketplace for automobiles,Gurugram,"Asset Management (Asia) Ltd, Digital Garage Inc",Private Equity,"2,00,00,000",,Gurugram,E-Commerce,20000000,7/4/2017
681,5/7/2017,Jumbotail,eCommerce,online marketplace for food and grocery,Bengaluru,"Kalaari Capital, Nexus India Capital Advisors",Private Equity,"85,00,000",,Bengaluru,E-Commerce,8500000,7/5/2017
682,5/7/2017,Moglix,eCommerce,B2B marketplace for Industrial products,Noida,"International Finance Corporation, Rocketship, Accel Partners, Jungle Ventures, Shailesh Rao, Venture Highway",Private Equity,"1,20,00,000",,Noida,E-Commerce,12000000,7/5/2017
683,5/7/2017,Timesaverz,Consumer Internet,Hyperlocal home services provider,Mumbai,BCCL,Private Equity,"10,00,000",,Mumbai,Consumer Internet,1000000,7/5/2017
684,6/7/2017,Minjar,Technology,Cloud Solutions provider,Bengaluru,"Blume Ventures, Contrarian Capital India Partners, Emergent Ventures India, Pallav Nadhani, Ashish Gupta, Sharad Sharma, Sirion Labs",Seed Funding,,,Bengaluru,Technology,,7/6/2017
685,6/7/2017,MyCity4kids,Consumer Internet,parenting blog and kids\\xe2\\x80\\x99 events discovery platform,Gurugram,Unknown,Seed Funding,,,Gurugram,Consumer Internet,,7/6/2017
686,7/7/2017,Clip App,Consumer Internet,Digital Media Video platform,Bengaluru,"India Quotient, Shunwei Capital",Seed Funding,"10,00,000",,Bengaluru,Consumer Internet,1000000,7/7/2017
687,7/7/2017,Upwardly.in,Consumer Internet,MF investment platform,Bengaluru,"Sreeram Iyer, Suvo Sarkar, Anita Gupta, Likemind Ventures",Seed Funding,,,Bengaluru,Consumer Internet,,7/7/2017
688,10/7/2017,Autorox.co,Technology,Workshop Management Software Platform,Hyderabad,Mitsui & Co.,Private Equity,"30,00,000",,Hyderabad,Technology,3000000,7/10/2017
689,11/7/2017,Fabogo,Consumer Internet,Salon & Spa Aggregation & Discovery platform,Pune,Dunamis Ventures Pte Ltd,Private Equity,"22,50,000",,Pune,Consumer Internet,2250000,7/11/2017
690,11/7/2017,Flickstree,Consumer Internet,Video Content Discovery Platform,Mumbai,"Venture Catalysts, Sourav Ganguly, Ankit Aditya, Moksh Sports Ventures",Seed Funding,"4,64,000",,Mumbai,Consumer Internet,464000,7/11/2017
691,11/7/2017,Design Cafe,Consumer Internet,Online Interior Design platform,Bengaluru,"Fireside Ventures, Apurva Salarpuria, Sidharth Pansari, Sprout Capital",Seed Funding,,,Bengaluru,Consumer Internet,,7/11/2017
692,12/7/2017,Innoviti,Technology,Digital payments solutions,Bengaluru,"SBI-FMO Fund, Bessemer Venture Partners, Catamaran Ventures",Private Equity,"1,85,00,000",,Bengaluru,Technology,18500000,7/12/2017
693,12/7/2017,VDeliver,Logistics,Door Step Delivery platform,Hyderabad,"Corvus Ventures, MAPE Advisory Group",Private Equity,,,Hyderabad,Logistics,,7/12/2017
694,12/7/2017,Bottr.me,Technology,Chatbot creation tool,Bengaluru,"500 Startups, Purvi Capital, Rajan Anandan, Abhishek Gupta",Seed Funding,,,Bengaluru,Technology,,7/12/2017
695,12/7/2017,Arcatron,Technology,Next Gen Mobility device manufacturer,Pune,Indian Angel Network,Seed Funding,,,Pune,Technology,,7/12/2017
696,14/07/2017,QwikSpec,Technology,Construction site operations and analytics platform,Bengaluru,"Brigade Innovations LLP, TV Mohandas Pai, Suhail Rahman, Bobby Reddy, M George Oommen",Seed Funding,"5,40,000",,Bengaluru,Technology,540000,7/14/2017
697,14/07/2017,Chumbak,eCommerce,Designer consumer products Marketplace,Bengaluru,Blacksoil Capital Pvt. Ltd,Private Equity,"17,00,000",,Bengaluru,E-Commerce,1700000,7/14/2017
698,17/07/2017,Increff,Technology,Sales Solutions for Fashion Brands,Bengaluru,"Sequoia Capital, Grey Orange, Rajesh Ramaiah, Anshuman Das, Rishi Das",Seed Funding,"20,00,000",,Bengaluru,Technology,2000000,7/17/2017
699,17/07/2017,Vayana,Technology,Enterprise Banking Solutions,Pune,"IDG Ventures India Advisors, Jungle Ventures",Private Equity,"40,00,000",,Pune,Technology,4000000,7/17/2017
700,18/07/2017,MObiquest,Technology,Mobile Services & Solutions,Noida,One97 Communication Ltd,Private Equity,,,Noida,Technology,,7/18/2017
701,18/07/2017,Ambee,Consumer Internet,Ambulance Aggregation Services,Hyderabad,"Uber Technologies Inc, Amaya Capital LLP",Seed Funding,,,Hyderabad,Consumer Internet,,7/18/2017
702,18/07/2017,Ideal Insurance,Consumer Internet,Online Insurance platform,Kolkata,Xelpmoc,Seed Funding,,,Kolkata,Consumer Internet,,7/18/2017
703,18/07/2017,Hypernova Interactive,Technology,Mobile games creator,Bengaluru,Kae Capital,Seed Funding,,,Bengaluru,Technology,,7/18/2017
704,19/07/2017,Rentomojo,Consumer Internet,Consumer Leasing Platform,Bengaluru,"ain Capital Ventures, Renaud Laplanche",Private Equity,"1,00,00,000",,Bengaluru,Consumer Internet,10000000,7/19/2017
705,19/07/2017,AirCTO,Consumer Internet,AI powered recruitment platform,Bengaluru,Francesco Cara,Seed Funding,,,Bengaluru,Consumer Internet,,7/19/2017
706,19/07/2017,Playablo,Technology,Gamified Learning App,Bengaluru,ABI-Showatech (India) Ltd,Seed Funding,"6,00,000",,Bengaluru,Technology,600000,7/19/2017
707,20/07/2017,Trupay,Technology,Online payments platform,Gurugram,"Kae Capital, M&S Partners,",Seed Funding,"7,00,000",,Gurugram,Technology,700000,7/20/2017
708,21/07/2017,Brick2Wall,eCommerce,Online Marketplace for Construction Material,Gurugram,"Subramani Somasundaram, Sundeep Sahni, Mayank Mittal & Others",Seed Funding,"2,00,000",,Gurugram,E-Commerce,200000,7/21/2017
709,21/07/2017,FableStreet,eCommerce,Women Work wear etailer,New Delhi,"Harmeet Bajaj, Pameela P, Fusiontech Ventures & Others",Seed Funding,,,New Delhi,E-Commerce,,7/21/2017
710,21/07/2017,Monsoon Fintech,Technology,Machine Learning Access platform,New Delhi,"Sunil Kalra, Aditya Singh, Rishi Srivastava, Rajan Anandan",Seed Funding,,,New Delhi,Technology,,7/21/2017
711,21/07/2017,MonkeyBox,Consumer Internet,Healthy Food Delivery Platform,Bengaluru,"Blume Ventures, NB Ventures, Nspira",Seed Funding,,,Bengaluru,Consumer Internet,,7/21/2017
712,25/07/2017,Noticeboard,Consumer Internet,Mobile-first Enterprise communication platform,Bengaluru,"Stellaris Venture Partners,",Private Equity,"12,00,000",,Bengaluru,Consumer Internet,1200000,7/25/2017
713,25/07/2017,Byju\\xe2\\x80\\x99s,Consumer Internet,Mobile Learning App,Bengaluru,Tencent Holdings,Private Equity,"3,50,00,000",,Bengaluru,Consumer Internet,35000000,7/25/2017
714,26/07/2017,Creator\\xe2\\x80\\x99s Gurukul,Others,Co-Working Space Provider,New Delhi,Yuvraj Singh,Seed Funding,,,New Delhi,Others,,7/26/2017
715,26/07/2017,Fab Hotels,Consumer Internet,Budget hotels brand & Aggregator Platform,New Delhi,Goldman Sachs,Private Equity,"2,50,00,000",,New Delhi,Consumer Internet,25000000,7/26/2017
716,26/07/2017,ThinkerBell,Consumer Internet,Assisted Learning Startup,Bengaluru,"Indian Angel Network, Anand Mahindra",Seed Funding,"2,00,000",,Bengaluru,Consumer Internet,200000,7/26/2017
717,27/07/2017,1mg,eCommerce,Online Pharmacy,Gurugram,"HBM Healthcare Investments, Maverick Capital Ventures, Sequoia India, Omidyar Network and Kae Capital",Private Equity,"1,50,00,000",,Gurugram,E-Commerce,15000000,7/27/2017
718,28/07/2017,Jhakaas,Consumer Internet,App-based Aggregator of Offline Businesses,Mumbai,Amen Dhyllon,Seed Funding,,,Mumbai,Consumer Internet,,7/28/2017
719,28/07/2017,BigStylist,Consumer Internet,Beauty Services Marketplace,Mumbai,Info Edge (India) Ltd,Private Equity,"12,50,000",,Mumbai,Consumer Internet,1250000,7/28/2017
720,28/07/2017,Gympik.com,Consumer Internet,online marketplace for discovering fitness centres,Bengaluru,RoundGlass Partners,Seed Funding,,,Bengaluru,Consumer Internet,,7/28/2017
721,1/6/2017,Tripeur,Technology,Mobile based travel ERP platform,Bengaluru,"Grace Grace Techno Ventures LLP, Rajul Garg & Other undisclosed investors",Seed Funding,,,Bengaluru,Technology,,6/1/2017
722,2/6/2017,RentOnGo,eCommerce,"Online Marketplace for Renting Bikes, Electronics & Appliances",Bengaluru,TVS Motor Company,Seed Funding,"2,34,000",,Bengaluru,E-Commerce,234000,6/2/2017
723,5/6/2017,Goomo,Consumer Internet,Online Travel & Holiday Booking platform,Mumbai,Emerging India,Private Equity,"5,00,00,000",,Mumbai,Consumer Internet,50000000,6/5/2017
724,5/6/2017,MaxMyWealth,Consumer Internet,Online Wealth Management & Savings platform,Mumbai,"lockchain ecosystem Global Advisors, Horseferry",Private Equity,,,Mumbai,Consumer Internet,,6/5/2017
725,6/6/2017,Spinny,eCommerce,Online Used Car marketplace,Gurugram,"Blume Ventures, Indian Angel Network, Kunal Shah, Sandeep Tandon",Private Equity,"10,00,000",,Gurugram,E-Commerce,1000000,6/6/2017
726,6/6/2017,Healthbuds,Consumer Internet,Healthcare Discovery & booking platform,Kolkata,"Arun Patodia, Bharat Kedia",Seed Funding,,,Kolkata,Consumer Internet,,6/6/2017
727,6/6/2017,Ftcash,Consumer Internet,Mobile Payments platform,Mumbai,"500 Startups, IvyCap Ventures",Private Equity,,,Mumbai,Consumer Internet,,6/6/2017
728,6/6/2017,BHIVE Workspace,Consumer Internet,co-working spaces,Bengaluru,Blume Ventures,Private Equity,"12,00,000",,Bengaluru,Consumer Internet,1200000,6/6/2017
729,6/6/2017,wayForward,Consumer Internet,Mobile app for Mental Health,New Delhi,"Harsh Mahajan, Farhan Naqvi, Sreepathy Viswanathan",Seed Funding,"10,00,000",,New Delhi,Consumer Internet,1000000,6/6/2017
730,6/6/2017,GyanDhan,Consumer Internet,Education Marketplace,New Delhi,Sundaram Finance Holdings,Private Equity,,,New Delhi,Consumer Internet,,6/6/2017
731,6/6/2017,Hungry Foal,Consumer Internet,For profit Social Venture,Gurugram,SBI (Stand Up India Scheme),Private Equity,,,Gurugram,Consumer Internet,,6/6/2017
732,7/6/2017,ZipLoan,Consumer Internet,Online lending platform,New Delhi,WaterBridge Ventures,Seed Funding,"6,50,000",,New Delhi,Consumer Internet,650000,6/7/2017
733,7/6/2017,GrowFitter,Consumer Internet,health and fitness discovery platform,Mumbai,SQue Capital,Seed Funding,"6,00,000",,Mumbai,Consumer Internet,600000,6/7/2017
734,8/6/2017,Stratfit,Consumer Internet,Health coaching programs,Hyderabad,Bodhtree Consulting Limited,Seed Funding,"2,32,000",,Hyderabad,Consumer Internet,232000,6/8/2017
735,8/6/2017,Multiplier Solutions,Technology,CRM Software for Healthcare space,Hyderabad,Norwest Venture Partners,Private Equity,"15,00,000",,Hyderabad,Technology,1500000,6/8/2017
736,8/6/2017,ABI Health,Technology,Unified Digital Health Platform,Bengaluru,Norwest Venture Partners,Private Equity,"15,00,000",,Bengaluru,Technology,1500000,6/8/2017
737,8/6/2017,Stockal,Consumer Internet,App-based Investment advisory Services,Bengaluru,"Mohan Alexander, R. Natarajan, Vikrant Varshney, Amit Sinha",Seed Funding,"3,50,000",,Bengaluru,Consumer Internet,350000,6/8/2017
738,9/6/2017,Guidoo,Consumer Internet,Travel & adventure planning platform,Mumbai,"Pawan Borle, Nirmal Singh, Manish Prasad, Vineet Varma, Nick Haulkoury, Abhai S. Rao",Seed Funding,"3,00,000",,Mumbai,Consumer Internet,300000,6/9/2017
739,9/6/2017,eSahai.in,Consumer Internet,ambulance aggregator and medical taxi provider,Hyderabad,"Dr Ramesh Ayyala, Satya Muthyala",Seed Funding,"2,50,000",,Hyderabad,Consumer Internet,250000,6/9/2017
740,12/6/2017,Loanmeet,Consumer Internet,Online peer-to-peer lending platform,Bengaluru,"Cao Yibin, Huang Wei, Madhusudan E,",Seed Funding,,,Bengaluru,Consumer Internet,,6/12/2017
741,12/6/2017,LendingKart,Consumer Internet,Online Lending platform,Ahmedabad,Yes Bank,Debt Funding,"78,00,000",,Ahmedabad,Consumer Internet,7800000,6/12/2017
742,12/6/2017,Boxx.ai,Technology,Artificial Intelligence,Bengaluru,"Unicorn India Ventures, Venky Krishnakumar, Suresh Shankar, Vivek Bhargava",Private Equity,"5,00,000",,Bengaluru,Technology,500000,6/12/2017
743,12/6/2017,PeeSafe.in,Healthcare,Hygiene care product manufacturer,New Delhi,"Venture Catalysts, Alfa Capital, Green Shots Capital, Real Time Ventures",Private Equity,"10,00,000",,New Delhi,Healthcare,1000000,6/12/2017
744,12/6/2017,Vista Rooms,Consumer Internet,Online rooms aggregation platform,Mumbai,"Artha India Ventures, Singularity Holdings, Rajan Anandan, Girish Mathrubootham",Seed Funding,"7,76,000",,Mumbai,Consumer Internet,776000,6/12/2017
745,12/6/2017,CoverFox,Consumer Internet,Online insurance brokerage platform,Mumbai,Transamerica,Private Equity,"1,50,00,000",,Mumbai,Consumer Internet,15000000,6/12/2017
746,13/06/2017,HyperTrack,Technology,Location tracking solutions,New Delhi,"Nexus Venture Partners, Founders Fund",Private Equity,,,New Delhi,Technology,,6/13/2017
747,13/06/2017,Goodera,Technology,CSR and sustainability management platform,Bengaluru,"Nexus Venture Partners, Omidyar Network",Private Equity,"55,00,000",,Bengaluru,Technology,5500000,6/13/2017
748,13/06/2017,Digit,Technology,Tech driven Insurance platform,Bengaluru,Fairfax Holdings,Private Equity,,,Bengaluru,Technology,,6/13/2017
749,14/06/2017,Ola,Consumer Internet,Cab Aggregation App,Bengaluru,Tekne Capital Management LLC,Private Equity,"5,00,00,000",,Bengaluru,Consumer Internet,50000000,6/14/2017
750,14/06/2017,Vanitycask,Consumer Internet,Beauty products discovery platform,Mumbai,RB Investments,Seed Funding,,,Mumbai,Consumer Internet,,6/14/2017
751,14/06/2017,MrNeeds,Consumer Internet,Micro Food Delivery platform,Noida,undisclosed investors,Seed Funding,"5,00,000",,Noida,Consumer Internet,500000,6/14/2017
752,15/06/2017,MoneyTap,Consumer Internet,Money Lending platform,Bengaluru,"Sequoia India, NEA, Prime Venture Partners",Private Equity,"1,23,00,000",,Bengaluru,Consumer Internet,12300000,6/15/2017
753,16/06/2017,Goodbox,eCommerce,Mobile SAAS\\xc2\\xa0 ECommerce platform for SMEs,Bengaluru,"Nexus Venture Partners, Mekin Maheshwari",Private Equity,"10,00,000",,Bengaluru,E-Commerce,1000000,6/16/2017
754,16/06/2017,Fincash,Consumer Internet,Personal Finance platform,Mumbai,"Mohammed Khan, Sameer Narayan & Others",Seed Funding,"1,00,000",,Mumbai,Consumer Internet,100000,6/16/2017
755,16/06/2017,PortDesk,Technology,Maritime Solutions,Noida,Alphard Maritime Group,Seed Funding,"20,00,000",,Noida,Technology,2000000,6/16/2017
756,16/06/2017,EdgeFx,eCommerce,DIY project Kits seller,Hyderabad,"Cross Border Angels & Experts, Rajasthan Angel Innovators Network, The Chennai Angels",Seed Funding,,,Hyderabad,E-Commerce,,6/16/2017
757,16/06/2017,EazyDiner,Consumer Internet,Online Restaurant Reservation Platform,Gurugram,YouWeCan Ventures,Seed Funding,,,Gurugram,Consumer Internet,,6/16/2017
758,16/06/2017,HealthIntel,Healthcare,Online Pharmacy,New Delhi,BLIP Initiatives,Seed Funding,,,New Delhi,Healthcare,,6/16/2017
759,19/06/2017,Unbxd,Technology,Cloud-based product discovery platform,Bengaluru,Eight Roads Ventures,Private Equity,"1,25,00,000",,Bengaluru,Technology,12500000,6/19/2017
760,19/06/2017,DarwinBox,Technology,Enterprise human resources management platform,Hyderabad,"Lightspeed India Partners, Endiya Partners, 3one4 Capital Advisors LLP, Startupxseed Ventures LLP",Private Equity,"40,00,000",,Hyderabad,Technology,4000000,6/19/2017
761,20/06/2017,ForeverShop,Consumer Internet,Mobile based ecommerce platform,Bengaluru,91maker.com,Seed Funding,"3,00,000",,Bengaluru,Consumer Internet,300000,6/20/2017
762,20/06/2017,Insider.in,Consumer Internet,Events Ticketing platform,Mumbai,Paytm,Private Equity,"52,00,000",,Mumbai,Consumer Internet,5200000,6/20/2017
763,21/06/2017,Fynd,eCommerce,Fashion etailer,Mumbai,"IIFL Seed Ventures, Kae Capital, FJ Labs, Singularity Ventures, GrowX, Tracxn Labs, Axis Capital",Private Equity,"24,00,000",,Mumbai,E-Commerce,2400000,6/21/2017
764,21/06/2017,Grow Fit,Consumer Internet,Health-Tech platform,Bengaluru,"Manipal Education and Medical Group (MEMG), SAR Group, The Grover Trust",Private Equity,"45,00,000",,Bengaluru,Consumer Internet,4500000,6/21/2017
765,21/06/2017,Fabulyst,Technology,Artificial Intelligence based platform,Hyderabad,iBhubs,Seed Funding,"2,15,000",,Hyderabad,Technology,215000,6/21/2017
766,21/06/2017,mSwipe,Technology,Point-of-Sale services,Mumbai,"UC-RNT Fund, Matrix Partners, alcon Edge Capital, DSG Consumer Partners",Private Equity,"3,10,00,000",,Mumbai,Technology,31000000,6/21/2017
767,21/06/2017,OneAssist,Consumer Internet,Credit card fraud protection,Mumbai,Sequoia Capital,Private Equity,,,Mumbai,Consumer Internet,,6/21/2017
768,22/06/2017,Julia Computing,Technology,Open Source Language for Data Science and Machine Learning,Bengaluru,"General Catalyst, Founder Collective",Private Equity,"46,00,000",,Bengaluru,Technology,4600000,6/22/2017
769,22/06/2017,Kissht,Consumer Internet,Consumer Lending platform,Mumbai,"Endiya Partners, Ventureast",Private Equity,"20,00,000",,Mumbai,Consumer Internet,2000000,6/22/2017
770,22/06/2017,Explore Life traveling,Consumer Internet,Local homes booking platform,Bengaluru,"Mekin Maheshwari, Bharat Vijay, Krish Seshadri, Amar Arsikere",Seed Funding,"5,00,000",,Bengaluru,Consumer Internet,500000,6/22/2017
771,23/06/2017,Loantap,Consumer Internet,Lending platform for salaried professionals,Mumbai,"Kae Capital, India Quotient, IFMR, and MAS Financial Services Ltd",Private Equity,"40,00,000",,Mumbai,Consumer Internet,4000000,6/23/2017
772,23/06/2017,Voxweb,Consumer Internet,Mobile based social networking platform,Mumbai,Undisclosed investors,Seed Funding,"10,00,000",,Mumbai,Consumer Internet,1000000,6/23/2017
773,26/06/2017,HUG Innovations,Technology,Gesture based\\xc2\\xa0 Smartwatch manufacturer,Hyderabad,"Mohit Srivastav, Kishore Ganji, Venkat Vallabhaneni, Rajeev Menon",Private Equity,"50,00,000",,Hyderabad,Technology,5000000,6/26/2017
774,26/06/2017,Flipkart,eCommerce,Online marketplace,Bengaluru,Naspers,Private Equity,"7,10,00,000",,Bengaluru,E-Commerce,71000000,6/26/2017
775,26/06/2017,V Resorts,Consumer Internet,Holiday & Vacation resort aggregator,Noida,"Seedfund, RB International",Private Equity,"40,00,000",,Noida,Consumer Internet,4000000,6/26/2017
776,27/06/2017,Stashfin,Consumer Internet,Personal Finance App,New Delhi,"Snow Leopard Ventures, Alto Partners",Private Equity,"50,00,000",,New Delhi,Consumer Internet,5000000,6/27/2017
777,27/06/2017,Formcept,Consumer Internet,Unified Data Analysis platform,Bengaluru,Gujarat Venture Finance Ltd,Private Equity,,,Bengaluru,Consumer Internet,,6/27/2017
778,27/06/2017,Spares Hub,eCommerce,Automobile parts marketplace,Pune,"The Chennai Angels, Anthill Scale Ventures, Esvee Technologies Inc, Inc95 Consulting",Seed Funding,"3,11,000",,Pune,E-Commerce,311000,6/27/2017
779,28/06/2017,FiTraQ,Consumer Internet,Fitness Centre Discovery Platform,New Delhi,"Aparup Sengupta, Devendra Reddy,",Seed Funding,,,New Delhi,Consumer Internet,,6/28/2017
780,28/06/2017,Rubique,Consumer Internet,Online Marketplace for financial products,Mumbai,"Kalaari Capital, Udayan Goyal",Private Equity,"30,00,000",,Mumbai,Consumer Internet,3000000,6/28/2017
781,28/06/2017,Niki.ai,Consumer Internet,AI Based Personal Assistant,Bengaluru,"SAP.iO, Unilazer Ventures",Private Equity,"20,00,000",,Bengaluru,Consumer Internet,2000000,6/28/2017
782,29/06/2017,Fitpass,Consumer Internet,Online Fitness Marketplace,New Delhi,"Abhinav Bindra, Gaurav Marya",Private Equity,"10,00,000",,New Delhi,Consumer Internet,1000000,6/29/2017
783,29/06/2017,ZingHR,Technology,"digital employee solutions,",Mumbai,Zeta,Private Equity,,,Mumbai,Technology,,6/29/2017
784,30/06/2017,Tagos Design,Technology,in-video discovery platform,Bengaluru,Undisclosed Investors,Private Equity,"50,00,000",,Bengaluru,Technology,5000000,6/30/2017
785,30/06/2017,UrbanClap,Consumer Internet,Mobile Services Marketplace,Gurugram,"Vy Capital, SAIF Partners, Accel Partner, Bessemer Venture Partners",Private Equity,"2,10,00,000",,Gurugram,Consumer Internet,21000000,6/30/2017
786,1/5/2017,Ace2three,Consumer Internet,Online Rummy playing Website,Hyderabad,Clairvest Group,Private Equity,"7,37,00,000",,Hyderabad,Consumer Internet,73700000,5/1/2017
787,1/5/2017,Power2SME,eCommerce,Buying portal for SMEs,Gurugram,International Finance Corporation,Private Equity,"1,00,00,000",,Gurugram,E-Commerce,10000000,5/1/2017
788,2/5/2017,Innovapptive,Technology,Enterprise Mobility Solutions,Hyderabad,Hyderabad Angels,Seed Funding,"15,00,000",,Hyderabad,Technology,1500000,5/2/2017
789,2/5/2017,4tigo,Logistics,Truck Network company,Bengaluru,"Accel Partners, Nandan Nilekani,",Private Equity,"1,00,00,000",,Bengaluru,Logistics,10000000,5/2/2017
790,2/5/2017,SMECorner,Consumer Internet,Online Platform for small business loans,Mumbai,Dutch government fund,Private Equity,,,Mumbai,Consumer Internet,,5/2/2017
791,2/5/2017,ZippServe,Consumer Internet,Real estate risk assessment platform,Bengaluru,undisclosed investors,Seed Funding,"3,90,000",,Bengaluru,Consumer Internet,390000,5/2/2017
792,3/5/2017,Ola,Consumer Internet,Cab Aggregation App,Bengaluru,"Falcon Edge Capital,\\xc2\\xa0 Capital Advisers",Private Equity,"10,45,00,000",,Bengaluru,Consumer Internet,104500000,5/3/2017
793,3/5/2017,Sumeru,Technology,Software & Mobile development services,Bengaluru,undisclosed investors,Seed Funding,"10,00,000",,Bengaluru,Technology,1000000,5/3/2017
794,4/5/2017,Healthians,Consumer Internet,Online Diagnostics and wellness platform,New Delhi,"Asuka Holdings, YouWeCan Ventures, Beenext, Beenos, M&S Partners",Private Equity,,,New Delhi,Consumer Internet,,5/4/2017
795,5/5/2017,HealthMir,Consumer Internet,AI-based health content platform,New Delhi,Nimit Panigrahi,Seed Funding,,,New Delhi,Consumer Internet,,5/5/2017
796,5/5/2017,Uactive,Consumer Internet,Health-based social networking & discovery App,Mumbai,Hinduja family,Seed Funding,,,Mumbai,Consumer Internet,,5/5/2017
797,5/5/2017,i-lend,Consumer Internet,Peer-to-peer lending platform,Hyderabad,50K Ventures,Seed Funding,,,Hyderabad,Consumer Internet,,5/5/2017
798,5/5/2017,Good Methods Global,Technology,Cloud Based Practice Management Software,Trivandrum,Accel Partners,Private Equity,,,Trivandrum,Technology,,5/5/2017
799,5/5/2017,Balance App,Consumer Internet,Money Savings & Management App,Bengaluru,Rainmatter,Seed Funding,"2,33,000",,Bengaluru,Consumer Internet,233000,5/5/2017
800,8/5/2017,YepMe,eCommerce,Private Label Fashion etailer,Gurugram,"Rainbow Digital Services Pvt. Ltd, ILearnFinance Academy Pvt. Ltd.",Private Equity,"7,00,000",,Gurugram,E-Commerce,700000,5/8/2017
801,8/5/2017,Nightstay,Consumer Internet,Last minute hotel booking mobile app,New Delhi,"Indian Angels Network, LetsVenture",Seed Funding,,,New Delhi,Consumer Internet,,5/8/2017
802,8/5/2017,Devourin,Technology,Restaurant Automation Solution,Pune,Deepak Nathani,Seed Funding,,,Pune,Technology,,5/8/2017
803,8/5/2017,MyGreens,Food & Beverage,Cold-press Juices manufacturer,New Delhi,"Ajay Relan, LetsVenture",Seed Funding,"10,00,000",,New Delhi,Food & Beverage,1000000,5/8/2017
804,8/5/2017,Ace Turtle,Technology,Omni-Channel Platform,Bengaluru,"Vertex Ventures, C31 Ventures",Private Equity,"50,00,000",,Bengaluru,Technology,5000000,5/8/2017
805,8/5/2017,CureFit,Technology,Health-Tech Platform,Bengaluru,"Trifecta Capital Advisors LLP, Prathithi Investment Trust, RNT Capital, Gokul Rajaram, Aditya Agarwal, Ruchi Sanghvi & others",Private Equity,"32,00,000",,Bengaluru,Technology,3200000,5/8/2017
806,9/5/2017,Curie Labs,Technology,Energy Analytics startup,New Delhi,Satoshi Studios,Seed Funding,"50,000",,New Delhi,Technology,50000,5/9/2017
807,9/5/2017,Uncanny Vision,Technology,Computer Vision on Embedded Systems,Bengaluru,Anand Chandrasekaran,Seed Funding,,,Bengaluru,Technology,,5/9/2017
808,9/5/2017,Anchanto,Technology,Ecommerce Fulfilment and Technology Platform,Pune,Luxasia Group,Private Equity,,,Pune,Technology,,5/9/2017
809,9/5/2017,Sequretek,Technology,IT Security & Data Management Services,Mumbai,"GVFL, Unicorn India Ventures",Private Equity,,,Mumbai,Technology,,5/9/2017
810,10/5/2017,Lucideus,Technology,Cyber Security Startup,New Delhi,"Vellayan Subbiah, Jonathan Boutelle, Rajan Anandan,\\xc2\\xa0 Rahul Chawla, Salil Donde, Amit Ranjan, Govind Rajan & Others",Seed Funding,,,New Delhi,Technology,,5/10/2017
811,10/5/2017,Vidooly,Consumer Internet,Video Intelligence platform,Noida,"Times Internet, GVFL",Private Equity,"14,00,000",,Noida,Consumer Internet,1400000,5/10/2017
812,10/5/2017,Shopclues,eCommerce,Online marketplace,Gurugram,InnoVen Capital,Private Equity,"77,00,000",,Gurugram,E-Commerce,7700000,5/10/2017
813,10/5/2017,Fourth Ambit,Consumer Internet,Community Building platform,Bengaluru,1Crowd,Seed Funding,"6,00,000",,Bengaluru,Consumer Internet,600000,5/10/2017
814,10/5/2017,Chymera VR,Technology,Advertising Platform for Virtual Reality,Bengaluru,"Varsha Rao, Surojit Chatterjee, Nirav Choksi & Others",Seed Funding,,,Bengaluru,Technology,,5/10/2017
815,11/5/2017,Early Salary,Consumer Internet,Online lending platform,Pune,"DG Ventures India, Dewan Housing Finance Corp",Private Equity,"40,00,000",,Pune,Consumer Internet,4000000,5/11/2017
816,11/5/2017,Book My Diamond,eCommerce,Diamond B2B eTailer,Mumbai,Chirag Nikunj Sheth & Others,Seed Funding,,,Mumbai,E-Commerce,,5/11/2017
817,11/5/2017,ION Energy,Technology,Clean Tech Startup,Mumbai,"Aakrit Vaish, Swapan Rajdev, Sushill Jiwarajka",Seed Funding,,,Mumbai,Technology,,5/11/2017
818,12/5/2017,Legal Raasta,Consumer Internet,Legal Services to SMEs & Individuals,New Delhi,Impanix Capital,Private Equity,"50,00,000",,New Delhi,Consumer Internet,5000000,5/12/2017
819,12/5/2017,Log 9 Materials,Technology,NanoTech product developer,Bengaluru,GEMs,Seed Funding,,,Bengaluru,Technology,,5/12/2017
820,12/5/2017,Remit Guru,Consumer Internet,Digital money transfer platform,Mumbai,"Infibeam, CCavenue",Private Equity,"4,66,000",,Mumbai,Consumer Internet,466000,5/12/2017
821,12/5/2017,Aequm,eCommerce,Cloud ECommerce platform,Bengaluru,undisclosed investors,Seed Funding,"10,00,000",,Bengaluru,E-Commerce,1000000,5/12/2017
822,15/05/2017,Zapty,Technology,Project Management tool,Bengaluru,IdeaSpring Capital,Seed Funding,"5,00,000",,Bengaluru,Technology,500000,5/15/2017
823,15/05/2017,Vernacular.ai,Technology,Multi-lingual AI Platform for Businesses,Bengaluru,Kstart Capital,Seed Funding,,,Bengaluru,Technology,,5/15/2017
824,16/05/2017,Niki.ai,Technology,AI-based chatbot,Bengaluru,SAP,Private Equity,,,Bengaluru,Technology,,5/16/2017
825,16/05/2017,Telr,Technology,Online Payment Gateway,Mumbai,Innovations East,Private Equity,"30,00,000",,Mumbai,Technology,3000000,5/16/2017
826,16/05/2017,Fynd,eCommerce,Fashion ECommerce Portal,Mumbai,Rocketship,Private Equity,"5,00,000",,Mumbai,E-Commerce,500000,5/16/2017
827,17/05/2017,Genie,Consumer Internet,hyperlocal delivery and logistics mobile app,Chennai,undisclosed investors,Seed Funding,"2,50,000",,Chennai,Consumer Internet,250000,5/17/2017
828,17/05/2017,Paysense,Consumer Internet,Online Lending platform,Mumbai,Jungle Ventures,Private Equity,"53,00,000",,Mumbai,Consumer Internet,5300000,5/17/2017
829,18/05/2017,The Good Life,ECommerce,Online Luxury Tea etailer,Mumbai,"Ayesha Takia Azmi, Abu Farhan Azmi",Seed Funding,"10,00,000",,Mumbai,E-Commerce,1000000,5/18/2017
830,18/05/2017,PumpKart,eCommerce,Online Water Pumps etailer,Chandigarh,Dr. Ritesh Malik,Seed Funding,,,Chandigarh,E-Commerce,,5/18/2017
831,18/05/2017,Paytm,ECommerce,Mobile Wallet & ECommerce platform,Bengaluru,SoftBank Group,Private Equity,"1,40,00,00,000",,Bengaluru,E-Commerce,1400000000,5/18/2017
832,19/05/2017,EzCred,Consumer Internet,Consumer Lending Platform,Bengaluru,"Dheeraj Pandey, Rajesh Yohannan, Akash Garg",Seed Funding,"10,00,000",,Bengaluru,Consumer Internet,1000000,5/19/2017
833,19/05/2017,HealthSutra,Food & Beverage,Health Food Maker,Hyderabad,"Ankur Capital, Hyderabad Angels",Seed Funding,,,Hyderabad,Food & Beverage,,5/19/2017
834,20/05/2017,YepMe,eCommerce,Private Fashion Brand etailer,New Delhi,Gokaldas Exports Ltd,Private Equity,,,New Delhi,E-Commerce,,5/20/2017
835,22/05/2017,Delhivery,Logistics,ECommerce Logistics provider,New Delhi,Fosun International,Private Equity,"3,00,00,000",,New Delhi,Logistics,30000000,5/22/2017
836,22/05/2017,ZipGrid,Consumer Internet,"Cashless, paperless solutions for Housing societies",Mumbai,"JLL, 1Crowd",Seed Funding,"5,00,000",,Mumbai,Consumer Internet,500000,5/22/2017
837,23/05/2017,TravelSpice,ECommerce,Travel ECommerce portal,Hyderabad,Eagle10 Ventures,Seed Funding,,,Hyderabad,E-Commerce,,5/23/2017
838,23/05/2017,Magicpin,Consumer Internet,Hyperlocal discovery platform,Gurugram,"Lightspeed Venture Partners, Vy Capital,",Private Equity,"66,00,000",,Gurugram,Consumer Internet,6600000,5/23/2017
839,23/05/2017,The Print,Consumer Internet,News Portal,New Delhi,"Ratan Tata, Nandan Nilekani, Uday Kotak, Vijay Shekhar Sharma, Kiran Mazumdar-Shaw, Rajiv C Mody",Seed Funding,,,New Delhi,Consumer Internet,,5/23/2017
840,23/05/2017,Box8,Consumer Internet,Food Delivery Platform,Mumbai,Trifecta Capital,Private Equity,"10,00,000",,Mumbai,Consumer Internet,1000000,5/23/2017
841,24/05/2017,GenNext Students,Consumer Internet,Online Tutoring Services,Mumbai,Undisclosed Investors,Seed Funding,"5,80,000",,Mumbai,Consumer Internet,580000,5/24/2017
842,25/05/2017,Aye Finance,Finance,Non-Banking Financial Company,Gurugram,Blue Orchard,Private Equity,"80,00,000",,Gurugram,Finance,8000000,5/25/2017
843,26/05/2017,WhatsLoan,Consumer Internet,Online Lending mobile app,Bengaluru,Lahiri Music\\xe2\\x80\\x99s family office,Seed Funding,,,Bengaluru,Consumer Internet,,5/26/2017
844,29/05/2017,Cube Consumer Services,Consumer Internet,Finance management Mobile app,Mumbai,Unknown,Seed Funding,,,Mumbai,Consumer Internet,,5/29/2017
845,29/05/2017,Nivesh,Consumer Internet,Online MF investment platform,Noida,"PV Sahad, Sandeep Shroff, Rahul Gupta",Seed Funding,,,Noida,Consumer Internet,,5/29/2017
846,29/05/2017,Wowflux,Technology,image Processing solution,New Delhi,Undisclosed Investors,Seed Funding,,,New Delhi,Technology,,5/29/2017
847,29/05/2017,Collateral Medical,eCommerce,Online Medical equipment supplier,Mumbai,Carpediem Capital,Private Equity,"35,00,000",,Mumbai,E-Commerce,3500000,5/29/2017
848,30/05/2017,Loadshare,Logistics,Express Logistics Network,Bengaluru,Matrix Partners,Seed Funding,,,Bengaluru,Logistics,,5/30/2017
849,30/05/2017,SimpliLend,Consumer Internet,Online lending platform,New Delhi,Undisclosed Investors,Seed Funding,,,New Delhi,Consumer Internet,,5/30/2017
850,30/05/2017,Supr Daily,Consumer Internet,Subscription based delivery platform,Mumbai,"Soma Capital, Great Oaks Ventures, 122 West Ventures",Private Equity,"15,00,000",,Mumbai,Consumer Internet,1500000,5/30/2017
851,30/05/2017,Swiggy,Consumer Internet,Online food delivery platform,Bengaluru,"Nasper, Accel India, SAIF Partners, Bessemer Venture Partners, Harmony Partners, Norwest Venture Partners",Private Equity,"8,00,00,000",,Bengaluru,Consumer Internet,80000000,5/30/2017
852,31/05/2017,SastaSundar,eCommerce,Online Pharmacy,Kolkata,Rohto Pharmaceutical,Private Equity,"50,00,000",,Kolkata,E-Commerce,5000000,5/31/2017
853,31/05/2017,Magicpin,Consumer Internet,Hyperlocal Discovery\\xc2\\xa0 & Rewards platform,Gurugram,"Lightspeed India Partners, Waterbridge Ventures",Private Equity,"70,00,000",,Gurugram,Consumer Internet,7000000,5/31/2017
854,1/4/2017,Cashe,Consumer Internet,Online & Mobile based Lending platform,Mumbai,"Mathew Cyriac, Florintree Advisors,",Private Equity,"38,00,000",,Mumbai,Consumer Internet,3800000,4/1/2017
855,3/4/2017,Eruditus,Education,Executive Education Provider,Mumbai,Bertelsmann India,Private Equity,"82,00,000",,Mumbai,Education,8200000,4/3/2017
856,3/4/2017,TestBook,Consumer Internet,Online Test Preparation Platform,Mumbai,Matrix Partners India,Private Equity,,,Mumbai,Consumer Internet,,4/3/2017
857,3/4/2017,Healthcare at Home,Healthcare,Home Healthcare Provider,Noida,Quadria Capital Advisors,Private Equity,"4,00,00,000",,Noida,Healthcare,40000000,4/3/2017
858,3/4/2017,Tyre Express,Technology,Enterprise IoT solutions For Tyre Performance,Mumbai,Rohitash Gupta,Seed Funding,,,Mumbai,Technology,,4/3/2017
859,3/4/2017,SmartCoin,Consumer Internet,Micro Lending platform,Bengaluru,Unicorn India Ventures & Others,Private Equity,,,Bengaluru,Consumer Internet,,4/3/2017
860,4/4/2017,WayCool,Food & Beverage,Fresh-Produce Distribution Platform,Chennai,Aspada Investments,Private Equity,"27,00,000",,Chennai,Food & Beverage,2700000,4/4/2017
861,4/4/2017,Perfios,Technology,Fin-Tech Solutions,Bengaluru,Bessemer Venture Partners,Private Equity,"61,00,000",,Bengaluru,Technology,6100000,4/4/2017
862,4/4/2017,Whatfix,Technology,Interactive Tech-Support Guides,Bengaluru,"Stellaris Venture Partners, Helion Venture Partners, Powerhouse Ventures, Gokul Rajaram, Girish Mathrubootham, Aneesh Reddy, Vispi Daver",Private Equity,"36,90,000",,Bengaluru,Technology,3690000,4/4/2017
863,4/4/2017,ElastiRun,Technology,App based Logistics & Distribution platform,Pune,"Kalaari Capital, Norwest Venture Partners",Private Equity,"70,00,000",,Pune,Technology,7000000,4/4/2017
864,4/4/2017,Trukky,Consumer Internet,Online Truck Aggregator & Booking platform,Ahmedabad,"Keyur Joshi, Pavan Bakeri",Seed Funding,"5,00,000",,Ahmedabad,Consumer Internet,500000,4/4/2017
865,4/4/2017,Konsult App,Consumer Internet,App based Doctor Consulting platform,New Delhi,"Koen Bouwers, Lomesh Agarwal, Jeroen Mensen, Pablo van den Bosch & Others",Seed Funding,"5,00,000",,New Delhi,Consumer Internet,500000,4/4/2017
866,5/4/2017,Credit Sudhaar,Consumer Internet,Credit Score Improvement platform,Mumbai,"Deepak Kulkarni, Sandeep Pangal",Seed Funding,,,Mumbai,Consumer Internet,,4/5/2017
867,5/4/2017,Fingerlix,Consumer Internet,Food Delivery Platform,Mumbai,Zephyr Peacock India,Private Equity,"30,00,000",,Mumbai,Consumer Internet,3000000,4/5/2017
868,5/4/2017,DataWeave,Technology,Business Intelligence Solutions,Bengaluru,"FreakOut Group, Blume Ventures, Herb Madan, WaterBridge Ventures",Private Equity,,,Bengaluru,Technology,,4/5/2017
869,6/4/2017,Medwell Ventures,Healthcare,Home-Based Healthcare provider,Bengaluru,"Mahindra Partners, Eight Roads Ventures, F-Prime Capital Partners",Private Equity,"2,10,00,000",,Bengaluru,Healthcare,21000000,4/6/2017
870,6/4/2017,Mech Mocha,Consumer Internet,Mobile gaming startup,Bengaluru,"Accel Partners, Shunwei Capital",Private Equity,"50,00,000",,Bengaluru,Consumer Internet,5000000,4/6/2017
871,7/4/2017,Startup Buddy,Consumer Internet,Startup Support Platform,Gurugram,"YouWeCan Ventures,",Seed Funding,,,Gurugram,Consumer Internet,,4/7/2017
872,7/4/2017,QorQI,Healthcare,Online Healthcare provider,Noida,Paytm,Seed Funding,,,Noida,Healthcare,,4/7/2017
873,7/4/2017,Twenty Two Motors,Technology,Smart Scooter manufacturer,Gurugram,"Ishwar Singh,Farhaan Shabbir",Seed Funding,,,Gurugram,Technology,,4/7/2017
874,7/4/2017,PharmEasy,eCommerce,Online Pharmacy,Mumbai,"Bessemer Venture Partners, Orios Venture Partners, Trifecta Capital,",Private Equity,"1,80,00,000",,Mumbai,E-Commerce,18000000,4/7/2017
875,8/4/2017,WonderChef,eCommerce,Online marketplace for kitchen products,Mumbai,Labruyere Eberl\\xc3\\xa9,Private Equity,,,Mumbai,E-Commerce,,4/8/2017
876,8/4/2017,FastFox,Consumer Internet,Online rental discovery platform,Gurugram,"Lightspeed India Partners, Blume Ventures, CyberAgent Ventures, GrowX Ventures, IMJ Investment Partners",Private Equity,"46,00,000",,Gurugram,Consumer Internet,4600000,4/8/2017
877,10/4/2017,Omnify,Technology,SaaS platform for SMEs,Bengaluru,"Rajan Anandan, L.D Sharma, Saurabh Arora",Seed Funding,"1,50,000",,Bengaluru,Technology,150000,4/10/2017
878,10/4/2017,Capital Float,Consumer Internet,Online Lending Platform for SME,Bengaluru,Mahindra and Mahindra Financial Services,Private Equity,"23,00,000",,Bengaluru,Consumer Internet,2300000,4/10/2017
879,11/4/2017,Ninjacart,eCommerce,B2B agri-marketing platform,Bengaluru,"Accel Partners, Nandan Nilekani\\xe2\\x80\\x99s NRJN Trust, Mistletoe, Qualcomm Ventures, M&S Partners",Private Equity,"55,00,000",,Bengaluru,E-Commerce,5500000,4/11/2017
880,11/4/2017,MergerWare,Technology,Software solutions for M&As,Bengaluru,Philippe Bouchet,Seed Funding,"1,00,000",,Bengaluru,Technology,100000,4/11/2017
881,11/4/2017,Sports Flashes,Consumer Internet,Online Sports portal & Mobile app,New Delhi,"Sushil Kumar, Sandeep Singh",Seed Funding,,,New Delhi,Consumer Internet,,4/11/2017
882,12/4/2017,Clovia,eCommerce,Online lingerie & Sleepwear etailer,New Delhi,"Ivycap Ventures Advisors, Singularity Ventures and Ravi Dhariwal",Private Equity,"40,00,000",,New Delhi,E-Commerce,4000000,4/12/2017
883,12/4/2017,Emiza,Logistics,Third Party Logistics provider,Mumbai,"Mayfield, Nishant Rao, Dileep Nath",Private Equity,"45,00,000",,Mumbai,Logistics,4500000,4/12/2017
884,12/4/2017,HackerEarth,Consumer Internet,Online Skill Assessment Platform,Bengaluru,"DHI Group Inc, Prime Venture Partners, Beenext, Beenos, Digital Garage, BizReach",Private Equity,"45,00,000",,Bengaluru,Consumer Internet,4500000,4/12/2017
885,12/4/2017,Squadrun,Technology,Software-As-a-Service Platform,Noida,"Blume Ventures, Contrarian Capital, 91springboard, Emergent Ventures, Abstract Ventures, Anthill Ventures, Axilor Ventures",Private Equity,"21,00,000",,Noida,Technology,2100000,4/12/2017
886,12/4/2017,Tinmen,Consumer Internet,Food Delivery Platform,Hyderabad,"MAPE Advisory Group, R Ramaraj, Corvus Ventures",Seed Funding,,,Hyderabad,Consumer Internet,,4/12/2017
887,12/4/2017,ScoutMyTrip,Consumer Internet,Online Travel planner,Mumbai,Z Nation Lab,Seed Funding,,,Mumbai,Consumer Internet,,4/12/2017
888,13/04/2017,SafetyKart,eCommerce,Safety & Hygiene Products etailer,Gurugram,Redcliffe Capital,Private Equity,,,Gurugram,E-Commerce,,4/13/2017
889,13/04/2017,WeAreHolidays,Consumer Internet,Travel Packages & Planner marketplace,Gurugram,"Urrshila Kerkar,",Private Equity,"77,00,000",,Gurugram,Consumer Internet,7700000,4/13/2017
890,14/04/2017,Ola Cabs,Consumer Internet,Cab Aggregator App,Bengaluru,SIMI Pacific Pte,Private Equity,"26,00,00,000",,Bengaluru,Consumer Internet,260000000,4/14/2017
891,15/04/2017,Myly,Consumer Internet,Mobile App for Schools,Jaipur,mall Industries Development Bank of India (SIDBI),Seed Funding,"3,10,000",,Jaipur,Consumer Internet,310000,4/15/2017
892,17/04/2017,CrediHealth,Consumer Internet,Online Medical Assistance platform,Gurugram,"Tolaram Inc, Mountain Pine Capital",Private Equity,"15,00,000",,Gurugram,Consumer Internet,1500000,4/17/2017
893,17/04/2017,Navia Life Care,Technology,Health Technology platform,New Delhi,Benori Ventures LLP,Seed Funding,,,New Delhi,Technology,,4/17/2017
894,17/04/2017,Raw Pressery,Food & Beverages,Raw Pressed Juices manufacturer,Mumbai,Jacqueline Fernandez,Seed Funding,,,Mumbai,Food & Beverage,,4/17/2017
895,17/04/2017,Snackible,Food & Beverages,Healthy Snacks manufacturer,Mumbai,"Nibhrant Shah, Anandbir Singh, Anirudh Sheth, Pratik Singhi, Vikram Mehta, Murali Nair",Seed Funding,"1,75,000",,Mumbai,Food & Beverage,175000,4/17/2017
896,17/04/2017,Be U Salons,Consumer Internet,Online Salon discovery & Booking Services,New Delhi,"Gaurav Kachru, Sundeep Singh Sahni, Jatin Aneja, Arun Malhotra",Seed Funding,"6,20,000",,New Delhi,Consumer Internet,620000,4/17/2017
897,17/04/2017,Simulanis,Consumer Internet,eLearning & Skills Development plat,New Delhi,Village Capital,Seed Funding,,,New Delhi,Consumer Internet,,4/17/2017
898,17/04/2017,LendingKart,Consumer Internet,Lending platform for small businesses,Ahmedabad,Anicut Capital,Private Equity,"46,50,000",,Ahmedabad,Consumer Internet,4650000,4/17/2017
899,18/04/2017,Innefu Security Consulting,Technology,Cyber Security solutions using AI,New Delhi,IndiaNivesh Venture Capital Fund,Private Equity,"20,00,000",,New Delhi,Technology,2000000,4/18/2017
900,18/04/2017,Whodat,Technology,Markerless AR platform,Bengaluru,Ideaspring Capital,Private Equity,"6,00,000",,Bengaluru,Technology,600000,4/18/2017
901,18/04/2017,Absentia VR,Technology,Virtual Reality Startup,Bengaluru,Exfinity Venture Partners,Private Equity,"12,50,000",,Bengaluru,Technology,1250000,4/18/2017
902,19/04/2017,IOTrek,Technology,IoT Platform for Bus,New Delhi,Undisclosed Investor,Seed Funding,"1,55,000",,New Delhi,Technology,155000,4/19/2017
903,20/04/2017,HolaChef,Consumer Internet,Online Food Delivery,Mumbai,"SIDBI Venture Capital Ltd, Kalaari Capital",Private Equity,"30,00,000",,Mumbai,Consumer Internet,3000000,4/20/2017
904,20/04/2017,Wooplr,eCommerce,Social Commerce\\xc2\\xa0 Fashion platform,Bengaluru,Ankit Nagori,Private Equity,,,Bengaluru,E-Commerce,,4/20/2017
905,21/04/2017,Video Ken,Consumer Internet,Video Based Collaborative Learning,Bengaluru,"Ravi Garikipati, Surot Chatterjee, Ashish Agrawal, LG Chandrasekhar, Sashi Reddi",Seed Funding,"10,00,000",,Bengaluru,Consumer Internet,1000000,4/21/2017
906,24/04/2017,Faasos,Food & Beverage,QSR chain and online food delivery,Pune,"Ligthbox Ventures II, Lightbox Expansion Fund, Sequoia Capital India, RuNet South Asia, RB Investments",Private Equity,"63,00,000",,Pune,Food & Beverage,6300000,4/24/2017
907,24/04/2017,Oyo Rooms,Consumer Internet,Branded Budget Hotels Aggregator,Gurugram,"SoftBank Vision Fund, Lightspeed Venture Partners, Sequoia Capital India Advisors, Greenoaks Capital Partners",Private Equity,"25,00,00,000",,Gurugram,Consumer Internet,250000000,4/24/2017
908,24/04/2017,Toppr,Consumer Internet,Learning mobile app for students,Mumbai,WGG International,Private Equity,"32,00,000",,Mumbai,Consumer Internet,3200000,4/24/2017
909,24/04/2017,Niramai,Healthcare,Breast Cancer Screening Solutions,Bengaluru,"pi Ventures, Axilor Ventures, 500 Startups, Binny Bansal",Seed Funding,,,Bengaluru,Healthcare,,4/24/2017
910,25/04/2017,The Office Pass,Consumer Internet,CoWorking Spaces booking platform,Gurugram,"Arun Tadanki, Aditya Verma",Seed Funding,"2,45,000",,Gurugram,Consumer Internet,245000,4/25/2017
911,25/04/2017,UrbanClap,Consumer Internet,Mobile Services Marketplace,Gurugram,Trifecta Capital,Private Equity,"31,00,000",,Gurugram,Consumer Internet,3100000,4/25/2017
912,26/04/2017,Awfis,Consumer Internet,Collaborative co-Working Spaces,Mumbai,Sequoia India,Private Equity,"2,00,00,000",,Mumbai,Consumer Internet,20000000,4/26/2017
913,26/04/2017,Myra,Consumer Internet,Online Pharmacy,Bengaluru,"Times Internet,Matrix Partners",Private Equity,,,Bengaluru,Consumer Internet,,4/26/2017
914,26/04/2017,Flytxt,Technology,Customer data analytics software,Mumbai,DAH Beteiligungs GmbH,Private Equity,"1,10,00,000",,Mumbai,Technology,11000000,4/26/2017
915,26/04/2017,Howdy Ventures,Consumer Internet,Public and Private Events creation app,Chennai,S. Xavier Britto,Seed Funding,"15,00,000",,Chennai,Consumer Internet,1500000,4/26/2017
916,26/04/2017,StalkBuyLove,eCommerce,Online fashion marketplace,New Delhi,Trifecta Capital,Private Equity,"10,00,000",,New Delhi,E-Commerce,1000000,4/26/2017
917,26/04/2017,ZipGo,Consumer Internet,Bus Pooling services platform,Bengaluru,"Orios Ventures Partners, Team Builder Ventures, Omidyar Networks",Private Equity,,,Bengaluru,Consumer Internet,,4/26/2017
918,27/04/2017,Scootsy,Consumer Internet,On-Demand Food Delivery,Mumbai,"Agnus Capital, Khattar Holdings",Private Equity,"36,00,000",,Mumbai,Consumer Internet,3600000,4/27/2017
919,27/04/2017,Autobix,Technology,Software Solutions for Auto Dealership,Pune,GardX International,Seed Funding,,,Pune,Technology,,4/27/2017
920,27/04/2017,eShiksha,Technology,Education Institution Management Solutions,Jaipur,Cross Border Angels & Experts,Seed Funding,,,Jaipur,Technology,,4/27/2017
921,27/04/2017,iNurture,Consumer Internet,Online Educational courses,Bengaluru,BlackSoil Capital Pvt. Ltd,Private Equity,"15,00,000",,Bengaluru,Consumer Internet,1500000,4/27/2017
922,28/04/2017,Sepalika,Consumer Internet,Healthcare related content platform,New Delhi,Accel Partners,Seed Funding,"7,50,000",,New Delhi,Consumer Internet,750000,4/28/2017
923,28/04/2017,Mintwalk,Consumer Internet,Financial advisory mobile app,Mumbai,Poshika Financial Ecosystem,Seed Funding,,,Mumbai,Consumer Internet,,4/28/2017
924,29/04/2017,Qriyo,Consumer Internet,Tutor Discovery & Booking platform,Jaipur,NB Ventures,Private Equity,,,Jaipur,Consumer Internet,,4/29/2017
925,1/3/2017,Ola,Consumer Internet,App based cab aggregator,Bengaluru,SoftBank Group Corp,Private Equity,"33,00,00,000",,Bengaluru,Consumer Internet,330000000,3/1/2017
926,1/3/2017,Belong,Consumer Internet,Online Jon Portal,Bengaluru,Sequoia Capital India,Private Equity,"1,00,00,000",,Bengaluru,Consumer Internet,10000000,3/1/2017
927,1/3/2017,Seenit,Consumer Internet,AI based Fashion Search Portal,Kolkata,"Calcutta Angels Network (CAN), Augment Ventures",Seed Funding,,,Kolkata,Consumer Internet,,3/1/2017
928,1/3/2017,Paalak,ECommerce,Fresh Produce Selling portal,New Delhi,"Vishwadeep Bajaj, Harsh Kundra, Nandkumar Rane, LN Buddharaju, Anupam Tyagi",Seed Funding,,,New Delhi,E-Commerce,,3/1/2017
929,2/3/2017,Celes Care,Consumer Internet,Women Healthcare & Information portal,Hyderabad,"Ventureast, Endiya Partners, Eight Roads Ventures, F-Prime Capital Partners",Private Equity,"15,00,000",,Hyderabad,Consumer Internet,1500000,3/2/2017
930,2/3/2017,Karomi,Technology,Packaging Artwork Management software,Chennai,Ideaspring Capital,Seed Funding,"5,00,000",,Chennai,Technology,500000,3/2/2017
931,2/3/2017,Red Carpet,Consumer Internet,Micro Lending platform,Gurugram,Lightspeed Venture Partners,Private Equity,"25,00,000",,Gurugram,Consumer Internet,2500000,3/2/2017
932,2/3/2017,Kreate Konnect,Technology,End-to-End Seller e-commerce solutions Provider,Vadodara,Langoor,Seed Funding,,,Vadodara,Technology,,3/2/2017
933,2/3/2017,CreditMantri,Consumer Internet,Online Credit score & lending platform,Chennai,Quona Capital,Private Equity,"76,00,000",,Chennai,Consumer Internet,7600000,3/2/2017
934,3/3/2017,Lets Endorse,Consumer Internet,Online Ecosystem of social innovators,Bengaluru,"Chandigarh Angels Network, Social Alpha and other unnamed angel investors",Seed Funding,,,Bengaluru,Consumer Internet,,3/3/2017
935,3/3/2017,Tydy,Technology,Employee Onboarding and Engagement platform,Bengaluru,"Bhupen Shah, Jayesh Parekh, Sanjay Sathe",Seed Funding,"2,75,000",,Bengaluru,Technology,275000,3/3/2017
936,3/3/2017,Nactus,Consumer Internet,Professional Tutors discovery & booking mobile app,Jaipur,"Sandeep Aggarwal, Gautam Chhaochharia, R Balachandar",Seed Funding,,,Jaipur,Consumer Internet,,3/3/2017
937,3/3/2017,Oho Shop,Technology,eCommerce Mobile App Builder,Ahmedabad,"Bennett, Coleman and Company Ltd",Private Equity,"67,00,000",,Ahmedabad,Technology,6700000,3/3/2017
938,3/3/2017,Emojifi,Consumer Internet,Mobile App for live emoji,Hyderabad,Undisclosed angel investors,Seed Funding,,,Hyderabad,Consumer Internet,,3/3/2017
939,3/3/2017,Paytm Marketplace,ECommerce,ECommerce Marketplace,Bengaluru,Alibaba,Private Equity,"20,00,00,000",,Bengaluru,E-Commerce,200000000,3/3/2017
940,4/3/2017,iGenetics,Healthcare,Health Diagnostic Solutions,Mumbai,CDC Group Plc,Private Equity,"1,95,00,000",,Mumbai,Healthcare,19500000,3/4/2017
941,6/3/2017,Juno Clinic,Consumer Internet,Online Counseling Platform,Mumbai,Atul Nishar,Seed Funding,"12,00,000",,Mumbai,Consumer Internet,1200000,3/6/2017
942,6/3/2017,Summerlabel,Consumer Internet,Fashion and Lifestyle discovery platform,Gurugram,"Aneesh Seth, Tushar Mittal",Seed Funding,"1,50,000",,Gurugram,Consumer Internet,150000,3/6/2017
943,6/3/2017,PickMe,Consumer Internet,Gadget Insurance & Repair Services platform,Mumbai,SIDBI Venture Capital Fund,Private Equity,"17,90,000",,Mumbai,Consumer Internet,1790000,3/6/2017
944,7/3/2017,Agrostar,Technology,Direct-to-Farmer Mobile-Based Retail platform,Pune,Accel Partners,Private Equity,"1,00,00,000",,Pune,Technology,10000000,3/7/2017
945,7/3/2017,Zapr,Technology,"DSP, TV Analytics & Cross-Platform advertising",Bengaluru,Star India Pvt Ltd,Private Equity,"1,00,00,000",,Bengaluru,Technology,10000000,3/7/2017
946,7/3/2017,Data Resolve,Technology,Cyber Security Solutions,Noida,IDFC Parampara Early Stage Opportunities Fund,Private Equity,"10,00,000",,Noida,Technology,1000000,3/7/2017
947,7/3/2017,Book Servicing,Consumer Internet,Online Vehicle Services Booking platform,New Delhi,National Science and Technology Entrepreneurship Development Board,Seed Funding,"30,000",,New Delhi,Consumer Internet,30000,3/7/2017
948,7/3/2017,Blowhorn,Consumer Internet,Intra-City Logistics provider,Bengaluru,"IDG Ventures India, Michael & Susan Dell Foundation, Draper Associates, Unitus Seed Fund",Private Equity,"36,50,000",,Bengaluru,Consumer Internet,3650000,3/7/2017
949,8/3/2017,Rivigo,Logistics,Technology Enabled Logistics Company,Gurugram,Private Sector Banks (Debt Funding),Private Equity,"1,50,00,000",,Gurugram,Logistics,15000000,3/8/2017
950,8/3/2017,PipeCandy,Technology,Intelligent Sales Prospecting Platform,Chennai,"IDG ventures, Axilor Ventures, Emergent Ventures, Indian Angel Network",Seed Funding,"11,00,000",,Chennai,Technology,1100000,3/8/2017
951,8/3/2017,Supr Daily,Consumer Internet,Subscription based Home Delivery Platform,Mumbai,Y Combinator,Seed Funding,"1,20,000",,Mumbai,Consumer Internet,120000,3/8/2017
952,8/3/2017,Parentune,Consumer Internet,Online Community for Parents,Gurugram,"Kae Capital, SEGNEL Ventures",Private Equity,,,Gurugram,Consumer Internet,,3/8/2017
953,9/3/2017,AppBrowzer,Consumer Internet,Instant Mobile Apps Store,Bengaluru,Deepak Gurnani,Seed Funding,"5,00,000",,Bengaluru,Consumer Internet,500000,3/9/2017
954,9/3/2017,MagicBricks,Consumer Internet,Online Real Estate Portal,Mumbai,Times Internet Ltd,Private Equity,"45,00,000",,Mumbai,Consumer Internet,4500000,3/9/2017
955,10/3/2017,PeeBuddy,Healthcare,Female Hygiene product manufacturer,New Delhi,Indian Angel Network,Seed Funding,"4,43,000",,New Delhi,Healthcare,443000,3/10/2017
956,10/3/2017,iOrderFresh,ECommerce,Online fresh fruits and grocery store,New Delhi,Singapore Angel Network,Seed Funding,,,New Delhi,E-Commerce,,3/10/2017
957,10/3/2017,Lavelle Networks,Technology,SDN Solutions,Bengaluru,Ideaspring Capital,Seed Funding,"6,00,000",,Bengaluru,Technology,600000,3/10/2017
958,10/3/2017,PropertyShare,Consumer Internet,Fractional Proerty Ownership & Rental platform,Bengaluru,"Asuka, Pravega Ventures, BEENEXT",Seed Funding,,,Bengaluru,Consumer Internet,,3/10/2017
959,14/03/2017,MyDermacy,Consumer Internet,Online Dermatology consultation platform,New Delhi,Cyber Carrier,Private Equity,,,New Delhi,Consumer Internet,,3/14/2017
960,15/03/2017,LatestOne,eCommerce,Tech Accessories e-tailer,Hyderabad,"Florintree, Mathew Cyriac, Chidambaram Palaniappan, Bharat Sheth",Private Equity,"33,50,000",,Hyderabad,E-Commerce,3350000,3/15/2017
961,15/03/2017,Frapperz,Consumer Internet,On-demand home services provider,Kolkata,Undisclosed Investor,Seed Funding,"1,00,000",,Kolkata,Consumer Internet,100000,3/15/2017
962,16/03/2017,mPaani,Consumer Internet,Loyalty rewards app,Mumbai,"IDG Ventures, Blume Ventures, Saha Fund,",Private Equity,"13,50,000",,Mumbai,Consumer Internet,1350000,3/16/2017
963,16/03/2017,ShilpMIS,Technology,Virtual Reality platform,Surat,"Puneet Gupta, Nimitt Desai & Others",Seed Funding,,,Surat,Technology,,3/16/2017
964,16/03/2017,POPxo,Consumer Internet,Digital Media publication for women,New Delhi,"GREE Ventures, Kalaari Capital and IDG Ventures India, Summit Media, Atul Goel, and Gurpreet Singh",Private Equity,"31,00,000",,New Delhi,Consumer Internet,3100000,3/16/2017
965,16/03/2017,Fitso,Consumer Internet,Fitness Mobile App,Gurugram,"Sujeet Kumar, Bhupender Singh, Yashish Dhaiya",Seed Funding,"2,00,000",,Gurugram,Consumer Internet,200000,3/16/2017
966,17/03/2017,FarMart,Technology,Farming rental equipment provider,Gurugram,Indian Angel Network,Seed Funding,,,Gurugram,Technology,,3/17/2017
967,21/03/2017,Flipkart,eCommerce,ECommerce Marketplace,Bengaluru,"Microsoft, eBay, Tencent Holdings",Private Equity,"1,40,00,00,000",,Bengaluru,E-Commerce,1400000000,3/21/2017
968,21/03/2017,Airpay,Technology,Online payment Gateway,Mumbai,"Kalaari Capital, Rakesh and Rajesh Jhunjhunwala",Private Equity,"36,70,000",,Mumbai,Technology,3670000,3/21/2017
969,21/03/2017,MyGlamm,Consumer Internet,On-Demand Beauty Services,Mumbai,L\\xe2\\x80\\x99Occitane,Private Equity,"53,00,000",,Mumbai,Consumer Internet,5300000,3/21/2017
970,22/03/2017,The Mons Co.,eCommerce,Pregnancy & Baby Care etailer,New Delhi,"Shripad Nadkarni, Nandu Nandkishore",Seed Funding,,,New Delhi,E-Commerce,,3/22/2017
971,22/03/2017,Haqdarshak,Consumer Internet,Tech-Enabled Social Enterprise,Bengaluru,"Ravi Saxena, Sandeep Raju,",Seed Funding,"1,91,000",,Bengaluru,Consumer Internet,191000,3/22/2017
972,23/03/2017,Ixigo,Consumer Internet,Online Travel Search Engine,Gurugram,"Sequoia Capital, Kinzon Capital",Private Equity,"1,50,00,000",,Gurugram,Consumer Internet,15000000,3/23/2017
973,23/03/2017,Markets and Markets,Technology,Marketing Research Company,Pune,"FTV Capital, Zodius Capital",Private Equity,"5,60,00,000",,Pune,Technology,56000000,3/23/2017
974,24/03/2017,Bizom,Technology,supply chain automation platform,Bengaluru,Ojas Ventures,Seed Funding,"3,82,000",,Bengaluru,Technology,382000,3/24/2017
975,24/03/2017,BabyonBoard,Consumer Internet,Parenting Mobile App,Bengaluru,"Mahavir Sharma, Vishal Jain, Rohit Sethi, Gaurav Luniya",Seed Funding,,,Bengaluru,Consumer Internet,,3/24/2017
976,24/03/2017,Delhivery,Technology,Tech enabled Fulfilment & Logistics Solutions,New Delhi,"Carlyle Group, Tiger Global",Private Equity,"10,00,00,000",,New Delhi,Technology,100000000,3/24/2017
977,27/03/2017,Sport Flashes,Consumer Internet,Sports Based Online Media portal,New Delhi,"Vikas Bajaj, Amit Kharbanda,",Seed Funding,,,New Delhi,Consumer Internet,,3/27/2017
978,28/03/2017,Fynd,ECommerce,Online fashion marketplace,Mumbai,Venture Catalysts,Private Equity,"5,00,000",,Mumbai,E-Commerce,500000,3/28/2017
979,28/03/2017,Wigzo,Technology,Enterprise Automation suite,New Delhi,3one4 capital,Private Equity,,,New Delhi,Technology,,3/28/2017
980,28/03/2017,DoneThing,Consumer Internet,On-demand Personal Assistant service,Gurugram,Brand Capital,Private Equity,"3,00,000",,Gurugram,Consumer Internet,300000,3/28/2017
981,29/03/2017,Zapyle,ECommerce,Luxury Fashion Marketplace,Bengaluru,Undisclosed Investors,Seed Funding,,,Bengaluru,E-Commerce,,3/29/2017
982,29/03/2017,Ithaka,Consumer Internet,Vacation Trip Planning platform,Mumbai,"Ankit Gupta, Puneet Motihar",Seed Funding,"3,25,000",,Mumbai,Consumer Internet,325000,3/29/2017
983,29/03/2017,perpule,eCommerce,Self-Checkout ECommerce App,Bengaluru,KStart Capital,Seed Funding,"6,50,000",,Bengaluru,E-Commerce,650000,3/29/2017
984,29/03/2017,Byju\\xe2\\x80\\x99s,Consumer Internet,Online Education Platform,Bengaluru,Verlinvest,Private Equity,,,Bengaluru,Consumer Internet,,3/29/2017
985,29/03/2017,Licious,ECommerce,Online Meat Ordering platform,Bengaluru,"Mayfield India, 3one4 Capital, Sistema Asia Fund, Neoplux Technology Fund",Private Equity,"1,00,00,000",,Bengaluru,E-Commerce,10000000,3/29/2017
986,29/03/2017,Medinfi,Consumer Internet,Doctor & Hospital search Platform,Bengaluru,"Vinod Martin, Hemant Kaul, Prof. Ram Kumar Kakani & Others",Seed Funding,"50,000",,Bengaluru,Consumer Internet,50000,3/29/2017
987,30/03/2017,Indus OS,Technology,Mobile OS creator,Mumbai,"JSW Ventures, VenturEast",Private Equity,,,Mumbai,Technology,,3/30/2017
988,30/03/2017,Emflux Motors,Technology,Electric Motorcycle manufacturer,Bengaluru,"Meher Roy, Nikhil Arora, Meet Kanodia, Krit Sankalp, Nitish Singh, Risabh Gupta",Seed Funding,,,Bengaluru,Technology,,3/30/2017
989,30/03/2017,Klinic App,Consumer Internet,Pathology & Diagnostic Tests Portal,Gurugram,Om Chaudhry,Seed Funding,,,Gurugram,Consumer Internet,,3/30/2017
990,31/03/2017,Jhakaas,Consumer Internet,Offline Business Aggregator App,Mumbai,"Malini Patel, Stelcore Management Services, Anjani Prasad",Seed Funding,"1,55,000",,Mumbai,Consumer Internet,155000,3/31/2017
991,31/03/2017,Oriano Solar,Technology,Turnkey Solar Solutions,Mumbai,Samridhi Fund,Private Equity,"30,00,000",,Mumbai,Technology,3000000,3/31/2017
992,31/03/2017,BigBasket,ECommerce,Online Grocer,Bengaluru,Trifecta Capital,Private Equity,"70,00,000",,Bengaluru,E-Commerce,7000000,3/31/2017
993,31/03/2017,Rooter,Consumer Internet,Sports engagement platform,New Delhi,Intex Technologies,Private Equity,,,New Delhi,Consumer Internet,,3/31/2017
994,31/03/2017,FalconBrick,Technology,Real-Estate Workflow mobile app,Bengaluru,"Satveer Thakral, LetsVenture, Mumbai Angels",Seed Funding,,,Bengaluru,Technology,,3/31/2017
995,31/03/2017,Icertis,Technology,ERP solutions provider,Pune,"B Capital Group, Ignition Partners, Greycroft, e.ventures,\\xc2\\xa0 Eight Roads Ventures",Private Equity,"2,50,00,000",,Pune,Technology,25000000,3/31/2017
996,2/2/2017,Clodura,Technology,Intelligent Sales Assistant,Pune,Undisclosed Investors,Seed Funding,,,Pune,Technology,,2/2/2017
997,3/2/2017,Stockroom.io,Consumer Internet,Curated Platform for Developers,Hyderabad,"Satya D Sinha, Gyanendra Singh",Seed Funding,,,Hyderabad,Consumer Internet,,2/3/2017
998,6/2/2017,Capital Float,Consumer Internet,Online lending platform,Bengaluru,IFMR Capital Finance,Private Equity,"25,00,000",,Bengaluru,Consumer Internet,2500000,2/6/2017
999,6/2/2017,iManageMyHotel,Technology,Hotel Management Solution,Kolkata,Jaarvis Accelerator,Seed Funding,,,Kolkata,Technology,,2/6/2017
1000,7/2/2017,Inner Hour,Consumer Internet,Online Counselling Platform,Mumbai,"Batlivala & Karani Securities, Venture Works",Seed Funding,"4,50,000",,Mumbai,Consumer Internet,450000,2/7/2017
1001,7/2/2017,Travel Triangle,Consumer Internet,Online travel agent marketplace,Noida,"RB Investments, SAIF Partners, Bessemer Venture Partners",Private Equity,"1,00,00,000",,Noida,Consumer Internet,10000000,2/7/2017
1002,8/2/2017,Wandertrails,Consumer Internet,"Online Travel, Adventure & Activities Portal",Bengaluru,Earlsfield Capital,Seed Funding,"10,00,000",,Bengaluru,Consumer Internet,1000000,2/8/2017
1003,8/2/2017,Zenatix,Technology,IoT Based Energy Monitoring & Control,Gurugram,"pi Ventures, Blume Ventures",Private Equity,"12,00,000",,Gurugram,Technology,1200000,2/8/2017
1004,8/2/2017,Cartrade,Consumer Internet,Automobile Classifieds Portal,Mumbai,Temasek Holdings,Private Equity,"5,50,00,000",,Mumbai,Consumer Internet,55000000,2/8/2017
1005,8/2/2017,MindYourFleet,Technology,Car Rental Software Solutions,Noida,"Japan Vyas, Tarun Adlakha",Seed Funding,,,Noida,Technology,,2/8/2017
1006,8/2/2017,Edurev,Consumer Internet,Online Education Portal,Gurugram,Facebook FB Start programme,Seed Funding,"40,000",,Gurugram,Consumer Internet,40000,2/8/2017
1007,9/2/2017,Voonik,ECommerce,Women Apparel & Lifestyle etailer,Bengaluru,"RB Investments, Sequoia Capital",Private Equity,"60,00,000",,Bengaluru,E-Commerce,6000000,2/9/2017
1008,9/2/2017,1Crowd,Finance,Startup Crowd-funding platform,Mumbai,Ganesh Natarajan,Seed Funding,,,Mumbai,Finance,,2/9/2017
1009,9/2/2017,Wooplr,ECommerce,Women Fashion Portal,Bengaluru,"Sistema Asia Fund, Amereus Group, Helion Ventures",Private Equity,"80,00,000",,Bengaluru,E-Commerce,8000000,2/9/2017
1010,10/2/2017,48East,ECommerce,Online Food Delivery Platform,Bengaluru,Al Dhaheri family,Private Equity,"5,00,000",,Bengaluru,E-Commerce,500000,2/10/2017
1011,10/2/2017,Redesyn,Consumer Internet,Tech Enabler for Artists,Mumbai,ThinQbate,Seed Funding,,,Mumbai,Consumer Internet,,2/10/2017
1012,13/02/2017,Sigtuple,Technology,Medical Automation platform,Bengaluru,"Accel Partners, IDG Ventures, Endiya Partners, pi Ventures, VH Capital, Axilor Partners",Private Equity,"58,00,000",,Bengaluru,Technology,5800000,2/13/2017
1013,13/02/2017,Flutura,Technology,Decision Sciences Analytics Solutions,Bengaluru,"Vertex Ventures, Lumis Partners",Private Equity,"75,00,000",,Bengaluru,Technology,7500000,2/13/2017
1014,13/02/2017,Wassup,Consumer Internet,On Demand Laundry & Dry Cleaning Services,Chennai,Anil Jain & other HNIs,Private Equity,"32,00,000",,Chennai,Consumer Internet,3200000,2/13/2017
1015,13/02/2017,Better Mortgage,Consumer Internet,Mortgage Offering Platform,Gurugram,"Kleiner Perkins, Goldman Sachs, Pine Brook",Private Equity,"1,50,00,000",,Gurugram,Consumer Internet,15000000,2/13/2017
1016,13/02/2017,Nurturey,Consumer Internet,Parenting Mobile App,New Delhi,Mohit Joshi & Others,Seed Funding,"3,30,000",,New Delhi,Consumer Internet,330000,2/13/2017
1017,13/02/2017,Fyle,Technology,Expense Management Solution,Bengaluru,Pravega Ventures,Seed Funding,"4,00,000",,Bengaluru,Technology,400000,2/13/2017
1018,14/02/2017,GoBumpr,Consumer Internet,Online Bike & Car Services provider,Chennai,"Mahalingam K, Girish Mathrubootham",Seed Funding,"3,00,000",,Chennai,Consumer Internet,300000,2/14/2017
1019,14/02/2017,CCAvenue,Consumer Internet,Online Payment Gateway,Mumbai,Infibeam,Private Equity,"2,24,00,000",,Mumbai,Consumer Internet,22400000,2/14/2017
1020,14/02/2017,Connaizen,Technology,Data Analytics platform,New Delhi,Vikram Sud,Seed Funding,,,New Delhi,Technology,,2/14/2017
1021,15/02/2017,Innov8,Consumer Internet,Co-Working Space Platform,New Delhi,"Vijay Shekhar Sharma, Rajan Anandan, Kunal Shah, Girish Mathrubootham, Punit Soni, Anand Chandrasekaran, Sunil Kalra, Utsav Somani, Vishal Gondal, Vikram Limaye",Seed Funding,,,New Delhi,Consumer Internet,,2/15/2017
1022,15/02/2017,ZestMoney,Consumer Internet,Online Consumer Lending platform,Bengaluru,"PayU, Ribbit Capital, Omidyar Network",Private Equity,"65,00,000",,Bengaluru,Consumer Internet,6500000,2/15/2017
1023,15/02/2017,AirZaar,Technology,Drone operations management platform,Missourie,Quake Capital,Seed Funding,"3,50,000",,Missourie,Technology,350000,2/15/2017
1024,16/02/2017,Truebil,Consumer Internet,Online Marketplace for Used Cars,Mumbai,Shunwei Capital,Private Equity,"30,00,000",,Mumbai,Consumer Internet,3000000,2/16/2017
1025,16/02/2017,YourStory,Consumer Internet,Online Media,Bengaluru,"Kalaari Capital Partners, Qualcomm, 3ONE4 Capital Advisors, UC-RNT",Private Equity,"30,00,000",,Bengaluru,Consumer Internet,3000000,2/16/2017
1026,17/02/2017,Imaginate,Technology,AR & VR platform,Hyderabad,SRI Capital,Seed Funding,"5,00,000",,Hyderabad,Technology,500000,2/17/2017
1027,17/02/2017,The Ken,Consumer Internet,Online Media Platform,Bengaluru,"Aprameya Radhakrishna, Deepak Natraj, Girish Mathrubootham, Mahesh Murthy, Pallav Nadhani, Pavan Ongole, Sandeep Mathur, Vijay Shekhar Sharma & Others",Seed Funding,"4,00,000",,Bengaluru,Consumer Internet,400000,2/17/2017
1028,17/02/2017,Urban Ladder,ECommerce,Online Furniture Store,Bengaluru,"Kalaari Capital, SAIF Partners, Steadview Capital, Sequoia Capital",Private Equity,"1,52,00,000",,Bengaluru,E-Commerce,15200000,2/17/2017
1029,17/02/2017,Aisle,Consumer Internet,Online match-making app,Bengaluru,"Konglo Ventures, White Unicorn Ventures, LetsVenture",Seed Funding,,,Bengaluru,Consumer Internet,,2/17/2017
1030,17/02/2017,TownScript,Consumer Internet,DIY event registration and ticketing portal,Pune,BookMyShow,Private Equity,,,Pune,Consumer Internet,,2/17/2017
1031,17/02/2017,Leopetra,eCommerce,Solution provider for pet needs,Mumbai,Facebook FBStart,Seed Funding,"40,000",,Mumbai,E-Commerce,40000,2/17/2017
1032,18/02/2017,Blood n Care,Consumer Internet,First Aid care app,Gurugram,Facebook FBStart,Seed Funding,"40,000",,Gurugram,Consumer Internet,40000,2/18/2017
1033,20/02/2017,Flipkart,eCommerce,Online Marketplace,Bengaluru,"Bennett, Coleman and Co. Ltd (BCCL)",Private Equity,"3,87,00,000",,Bengaluru,E-Commerce,38700000,2/20/2017
1034,21/02/2017,True Balance,Consumer Internet,Mobile balance Checking App,Gurugram,"Softbank Ventures Korea, IMM Investment",Private Equity,"1,50,00,000",,Gurugram,Consumer Internet,15000000,2/21/2017
1035,22/02/2017,Vebbler,Consumer Internet,Photo Sharing for Groups,Bengaluru,Facebook FBStart,Seed Funding,"40,000",,Bengaluru,Consumer Internet,40000,2/22/2017
1036,23/02/2017,Get My Parking,Consumer Internet,Smart Parking Platform,New Delhi,"Indian Angel Network (IAN), BEENEXT, The Chennai Angels, Sunil Munjal",Private Equity,"11,00,000",,New Delhi,Consumer Internet,1100000,2/23/2017
1037,23/02/2017,Lets Reap,Consumer Internet,B2B Mobile App for Pharmacies,Mumbai,"Kunal Shah, Sandeep Tandon, Nitin Saluja, Gagan Goyal",Seed Funding,,,Mumbai,Consumer Internet,,2/23/2017
1038,24/02/2017,Oglas,Consumer Internet,Mobile Advertising App,Noida,"Pankaj Rungta, Yogesh Agarwal",Seed Funding,,,Noida,Consumer Internet,,2/24/2017
1039,27/02/2017,Staydobe,Consumer Internet,Co-Living Spaces Aggregator,Bengaluru,Ishan Manaktala,Seed Funding,,,Bengaluru,Consumer Internet,,2/27/2017
1040,27/02/2017,Biryani By Kilo,Consumer Internet,Online Food Ordering & Delivery Portal,Gurugram,"Chandigarh Angels, Ashish Gupta, Rohit, Ashish Chand, Sunil Singh & Others",Seed Funding,"3,75,000",,Gurugram,Consumer Internet,375000,2/27/2017
1041,27/02/2017,Johari Shop,ECommerce,Online Jewellery etailer,Bengaluru,Undisclosed Investors,Seed Funding,"94,000",,Bengaluru,E-Commerce,94000,2/27/2017
1042,28/02/2017,NeoStencil,Consumer Internet,Live Online Coaching Classes,New Delhi,"Brand Capital, Paragon Trust",Private Equity,"10,00,000",,New Delhi,Consumer Internet,1000000,2/28/2017
1043,28/02/2017,Blackbuck,Logistics,Online freight aggregator,Bengaluru,"Sands Capital, IFC, Accel Partners, Flipkart, Sanjiv Rangrass",Private Equity,"7,00,00,000",,Bengaluru,Logistics,70000000,2/28/2017
1044,2/1/2017,TaxSutra,Consumer Internet,Online Tax Filing platform,Pune,"TV Mohandas Pai, V Balakrishnan, PV Srinivasan",Seed Funding,"3,66,000",,Pune,Consumer Internet,366000,1/2/2017
1045,3/1/2017,TempoGo,Technology,IoT & SAAS Solutions for Transportation Industry,Panaji,K2 Capital,Seed Funding,"8,25,000",,Panaji,Technology,825000,1/3/2017
1046,3/1/2017,GoFynd,ecommerce,Fashion ecommerce portal,Mumbai,"Anand Chandrasekaran, Rajiv Mehta, Ramakant Sharma",Seed Funding,,,Mumbai,E-Commerce,,1/3/2017
1047,3/1/2017,Vow Car Clinic,Consumer Internet,Online/App Based Car cleaning service provider,Gurugram,Vishal Malik,Seed Funding,,,Gurugram,Consumer Internet,,1/3/2017
1048,4/1/2017,LearnTron,Technology,Blended Learning Delivery App for Schools & Corporates,Chennai,Kae Capital,Seed Funding,,,Chennai,Technology,,1/4/2017
1049,5/1/2017,MobiDent,Consumer Internet,Dentist Appointments booking platform,Bengaluru,DanGold Investment Corp,Private Equity,,,Bengaluru,Consumer Internet,,1/5/2017
1050,5/1/2017,Yostra,Technology,Healthcare Technology Solutions,Bengaluru,"Marico Innovation Foundation (MIF), Villgro",Private Equity,,,Bengaluru,Technology,,1/5/2017
1051,6/1/2017,Leap India,Logistics,Supply Chain Solutions Provider,Mumbai,"India Nivesh Growth Fund, Sixth Sense, TCI Ventures",Private Equity,"1,30,00,000",,Mumbai,Logistics,13000000,1/6/2017
1052,7/1/2017,FreeCharge,Consumer Internet,Mobile Wallet,Mumbai,Jasper Infotech Pvt Ltd,Private Equity,"5,70,00,000",,Mumbai,Consumer Internet,57000000,1/7/2017
1053,9/1/2017,TicketNew,Consumer Internet,Movie Ticket Booking platform,Chennai,Alibaba Pictures,Private Equity,"3,50,00,000",,Chennai,Consumer Internet,35000000,1/9/2017
1054,10/1/2017,Intelligence Node,Technology,SAAS Based Retail Analytics Solutions,Mumbai,BlackSoil Capital Pvt Ltd,Private Equity,"8,00,000",,Mumbai,Technology,800000,1/10/2017
1055,10/1/2017,Securens,Technology,e-surveillance services provider,Mumbai,"Mayfield India, Trifecta Capital",Private Equity,"50,00,000",,Mumbai,Technology,5000000,1/10/2017
1056,10/1/2017,Loan Frame,Consumer Internet,Small Business Loans Marketplace platform,Gurugram,"Vedanta Capital, William Campbell, Toos N Daruvala",Private Equity,"22,50,000",,Gurugram,Consumer Internet,2250000,1/10/2017
1057,10/1/2017,DriveSkool,Consumer Internet,online marketplace for driving schools,Bengaluru,Aavya Ventures,Seed Funding,,,Bengaluru,Consumer Internet,,1/10/2017
1058,10/1/2017,Medinfi,Consumer Internet,Doctor & Clinic Discovery portal,Bengaluru,"Vinod Martin, Evan Lim, Kanchan Ghoshal, Ram Kumar Kakani",Seed Funding,"1,00,000",,Bengaluru,Consumer Internet,100000,1/10/2017
1059,10/1/2017,LensKart,eCommerce,Online eyewear retailer,Bengaluru,Ronnie Screwvala,Private Equity,"35,00,000",,Bengaluru,E-Commerce,3500000,1/10/2017
1060,11/1/2017,InstaOffice,Consumer Internet,CoWorking Spaces booking platform,Gurugram,"Zishaan Hayath, Karan Chellani, Mohit Satyan",Seed Funding,,,Gurugram,Consumer Internet,,1/11/2017
1061,12/1/2017,Hansel.io,Consumer Internet,Real-time Mobile App Management Platform,Bengaluru,"IDG Ventures, Endiya Partners",Private Equity,"13,50,000",,Bengaluru,Consumer Internet,1350000,1/12/2017
1062,12/1/2017,Square Yards,Consumer Internet,Property Search Aggregator platform,Gurugram,"Lohia Group, Andre Hoffman",Private Equity,"1,00,00,000",,Gurugram,Consumer Internet,10000000,1/12/2017
1063,13/01/2017,Roambee,Technology,IoT smart Logistics and Asset Management Company,Mumbai,Deutsche Telekom Strategic Investments & Others,Private Equity,"41,00,000",,Mumbai,Technology,4100000,1/13/2017
1064,13/01/2017,PaisaWapas,Consumer Internet,Cashback & Coupons platform,Bengaluru,Vividhity Ventures,Seed Funding,,,Bengaluru,Consumer Internet,,1/13/2017
1065,13/01/2017,iService,Consumer Internet,Gadgets Repair & Service Booking platform,Bengaluru,"Blume Ventures, Girish Mathrubootham, Aprameya Radhakrishna",Seed Funding,"4,40,000",,Bengaluru,Consumer Internet,440000,1/13/2017
1066,14/01/2017,Unacademy,Consumer Internet,Online learning platform,Bengaluru,"Nexus Venture Partners, Blume Ventures",Private Equity,"45,00,000",,Bengaluru,Consumer Internet,4500000,1/14/2017
1067,14/01/2017,SecururAX,Technology,Cloud-based solutions provider,Bengaluru,"Axilor Ventures, Parampara Early Stage Opportunities Fund & Others",Private Equity,,,Bengaluru,Technology,,1/14/2017
1068,16/01/2017,Leadburg,Consumer Internet,Personality Development Mobile App,Bengaluru,"Harsh V. Pant, Ratheesh Raveendran",Seed Funding,,,Bengaluru,Consumer Internet,,1/16/2017
1069,16/01/2017,ZoloStays,Consumer Internet,Branded PG Accomodation booking platform,Bengaluru,"Nexus Venture Partners, Innoven Capital",Private Equity,"50,00,000",,Bengaluru,Consumer Internet,5000000,1/16/2017
1070,16/01/2017,Oi Media,Technology,SAAS Based Media Marketing platform,New Delhi,Quarizon,Seed Funding,,,New Delhi,Technology,,1/16/2017
1071,16/01/2017,HipCouch,Consumer Internet,Custom & Modular Furniture platform,Mumbai,Undisclosed Investors,Seed Funding,"7,00,000",,Mumbai,Consumer Internet,700000,1/16/2017
1072,17/01/2017,Curiositi,Consumer Internet,Online Learning Platform,Bengaluru,"Menterra Social Impact Fund, Unitus Seed Fund",Private Equity,"8,00,000",,Bengaluru,Consumer Internet,800000,1/17/2017
1073,17/01/2017,TinyStep,Consumer Internet,Parenting Info & Social Network,Bengaluru,Flipkart,Private Equity,"20,00,000",,Bengaluru,Consumer Internet,2000000,1/17/2017
1074,17/01/2017,Practo,Consumer Internet,Online Healthcare platform,Bengaluru,"Tencent,\\xc2\\xa0 ru-Net, RSI Fund, Thrive Capital",Private Equity,"5,50,00,000",,Bengaluru,Consumer Internet,55000000,1/17/2017
1075,17/01/2017,Ketchupp,Consumer Internet,Food Discovery Platform,New Delhi,India Quotient and others,Seed Funding,"4,41,000",,New Delhi,Consumer Internet,441000,1/17/2017
1076,17/01/2017,Hoopy,Consumer Internet,Online Car Service Platform,Gwalior,undisclosed investors,Seed Funding,"5,00,000",,Gwalior,Consumer Internet,500000,1/17/2017
1077,17/01/2017,Ezytruk,Consumer Internet,Logistics and truck aggregator platform,Bengaluru,"Ajith Nair, Anish K",Seed Funding,"1,47,000",,Bengaluru,Consumer Internet,147000,1/17/2017
1078,18/01/2017,Kratikal,Technology,Cyber Security Solution provider,New Delhi,"Amajit Gupta, Praveen Dubey, J.P. Bhatt",Seed Funding,,,New Delhi,Technology,,1/18/2017
1079,18/01/2017,Direct Create,eCommerce,B2B Marketplace for Handicrafts,Gurugram,Rajasthan Venture Capital Fund,Seed Funding,,,Gurugram,E-Commerce,,1/18/2017
1080,18/01/2017,Vahdam Teas,eCommerce,Online Tea etailer,New Delhi,"Mumbai Angels Network, Fireside Ventures, Singapore Angel Network",Seed Funding,"6,50,000",,New Delhi,E-Commerce,650000,1/18/2017
1081,18/01/2017,Qwikspec,Technology,Cloud-based construction,Bengaluru,Undisclosed Investors,Seed Funding,"3,00,000",,Bengaluru,Technology,300000,1/18/2017
1082,19/01/2017,PParke,Consumer Internet,Parking Solutions mobile app,Bengaluru,SB Ventures,Seed Funding,,,Bengaluru,Consumer Internet,,1/19/2017
1083,19/01/2017,Weddingz.in,Consumer Internet,Online Marketplace for Wedding Venues and vendors,Mumbai,Singularity Ventures,Private Equity,"10,00,000",,Mumbai,Consumer Internet,1000000,1/19/2017
1084,19/01/2017,Native Special,eCommerce,Indian Sweets & Snacks etailer,Karur,"Indian Angel Network, Native Angels Network",Seed Funding,,,Karur,E-Commerce,,1/19/2017
1085,19/01/2017,Fitnapp,Consumer Internet,Fitness Mobile App,Noida,SD Group,Private Equity,,,Noida,Consumer Internet,,1/19/2017
1086,20/01/2017,Ethosh,Technology,Visual and Interactive communications Solutions,Pune,Deepak Nathani,Seed Funding,,,Pune,Technology,,1/20/2017
1087,20/01/2017,Wydr,eCommerce,B2B Wholesale Marketplace in India,Gurugram,"Bessemer Venture Partners, Stellaris Venture Partners, Jungle Venture Partners, Axis Capital",Private Equity,,,Gurugram,E-Commerce,,1/20/2017
1088,20/01/2017,Tyre Express,Technology,IoT platform for Tyre Performance management & tracking,Mumbai,IvyCamp Ventures,Seed Funding,,,Mumbai,Technology,,1/20/2017
1089,20/01/2017,Connaizen,Technology,Data Analytics platform,New Delhi,Umang Moondra,Seed Funding,,,New Delhi,Technology,,1/20/2017
1090,22/01/2017,MessaGif,Consumer Internet,social messaging platform,New Delhi,Undisclosed investor,Seed Funding,"50,000",,New Delhi,Consumer Internet,50000,1/22/2017
1091,23/01/2017,SmartHi,Technology,Audit automation Solutions,Pune,Singapore based investor,Seed Funding,,,Pune,Technology,,1/23/2017
1092,23/01/2017,CRON Systems,Technology,Border Intrusion Alert Solutions,New Delhi,YourNest Fund II,Seed Funding,,,New Delhi,Technology,,1/23/2017
1093,23/01/2017,CueMath,Technology,Maths Learning program,New Delhi,"CapitalG, Sequoia India",Private Equity,"1,50,00,000",,New Delhi,Technology,15000000,1/23/2017
1094,23/01/2017,ChipperSage,Technology,Online learning platform,Bengaluru,India Educational Investment Fund,Seed Funding,,,Bengaluru,Technology,,1/23/2017
1095,24/01/2017,SelectJobs,Consumer Internet,Online Job portal,Mumbai,India Educational Investment Fund,Seed Funding,,,Mumbai,Consumer Internet,,1/24/2017
1096,24/01/2017,Khel Now,Consumer Internet,Mobile-based Social Platform for Sports,Bengaluru,Indochine International,Private Equity,"5,00,000",,Bengaluru,Consumer Internet,500000,1/24/2017
1097,24/01/2017,NowFloats,Consumer Internet,Platform to take businesses online,Hyderabad,"Iron Pillar and IIFL, Blume Ventures, Omidyar Network",Private Equity,"1,00,00,000",,Hyderabad,Consumer Internet,10000000,1/24/2017
1098,24/01/2017,Lets Transport,Consumer Internet,Online transport vehicle booking platform,Bengaluru,"GMO Japan, Neelesh Bhatnagar",Private Equity,"40,00,000",,Bengaluru,Consumer Internet,4000000,1/24/2017
1099,24/01/2017,BetaOut,Technology,ECommerce Marketing Software,Noida,East Ventures & Others,Private Equity,,,Noida,Technology,,1/24/2017
1100,25/01/2017,Wishberry,Consumer Internet,Crowdfunding Platform,Mumbai,"Sharad Sharma, Rajan Anandan,\\xc2\\xa0 Amit Ranjan, Alok Mittal & others",Seed Funding,,,Mumbai,Consumer Internet,,1/25/2017
1101,25/01/2017,RML Agtech,Technology,Agri Decision Support Solution for farmers,Pune,IvyCap Ventures,Private Equity,"40,00,000",,Pune,Technology,4000000,1/25/2017
1102,25/01/2017,LoyaltyPrime,Technology,Loyalty program management solutions,New Delhi,"Senovo, Unternehmertum Venture Capital, Alexander Bruehl",Private Equity,,,New Delhi,Technology,,1/25/2017
1103,25/01/2017,InstaSafe,Technology,Security-as-a-Service solution provider,Bengaluru,ABM Knowledgeware,Private Equity,"22,00,000",,Bengaluru,Technology,2200000,1/25/2017
1104,25/01/2017,Infibeam,eCommerce,eCommerce Marketplace,Ahmedabad,"Bennett, Coleman and Company Ltd",Private Equity,"88,00,000",,Ahmedabad,E-Commerce,8800000,1/25/2017
1105,2/1/2017,99Games,Technology,Mobile Game Developer Studio,Udupi,Dream Incubator,Seed Funding,,,Udupi,Technology,,1/2/2017
1106,26/01/2017,AirMed Labs,Consumer Internet,Health Tests Booking platform & ePharmacy,Ahmedabad,Brand Capital,Private Equity,"14,00,000",,Ahmedabad,Consumer Internet,1400000,1/26/2017
1107,26/01/2017,99PerHour,Consumer Internet,Hyper-local Handyman Service provider,Chennai,V Aanand R,Seed Funding,"3,00,000",,Chennai,Consumer Internet,300000,1/26/2017
1108,26/01/2017,Kochi Post,Consumer Internet,English Online News portal,Kochi,"Rajesh Yohannan, Puthen & Cole",Seed Funding,,,Kochi,Consumer Internet,,1/26/2017
1109,30/01/2017,Intuit Things,Technology,IoT solutions for home automation applications,Mumbai,Sanjay Mehta & Others ( The Ten Minute Million),Seed Funding,"1,06,000",,Mumbai,Technology,106000,1/30/2017
1110,30/01/2017,Cloudrino,Technology,Cloud based Virtual Servers,New Delhi,The Ten Minute Million,Seed Funding,"22,500",,New Delhi,Technology,22500,1/30/2017
1111,30/01/2017,FabX,eCommerce,Used Furniture Marketplace,Mumbai,The Ten Minute Million,Seed Funding,"68,000",,Mumbai,E-Commerce,68000,1/30/2017
1112,30/01/2017,Maptags,Consumer Internet,Smart Online address tags,Bengaluru,The Ten Minute Million,Seed Funding,"18,000",,Bengaluru,Consumer Internet,18000,1/30/2017
1113,30/01/2017,YOLO Health,Consumer Internet,Online Healthcare platform,Mumbai,Chandigarh Angels Network (CAN),Seed Funding,,,Mumbai,Consumer Internet,,1/30/2017
1114,31/01/2017,Heads Up For Tails,eCommerce,Online Pet Products Store,New Delhi,Undisclosed Investors,Private Equity,"20,00,000",,New Delhi,E-Commerce,2000000,1/31/2017
1115,31/01/2017,Register My Marriage,Consumer Internet,Online Marriage Registration services,New Delhi,Mumbai Angels,Seed Funding,,,New Delhi,Consumer Internet,,1/31/2017
1116,1/12/2016,SidQam,Technology,Healthcare Software System,Noida,"SQue Capital, Grace Capital Ventures, Soham Vencaps",Private Equity,"12,00,000",,Noida,Technology,1200000,12/1/2016
1117,1/12/2016,India Lends,Consumer Internet,Online Instant personal Loan provider,New Delhi,"DSG Consumer Partners, American Express Ventures, Cyber Carrier VC, AdvantEdge Partners",Private Equity,"40,00,000",,New Delhi,Consumer Internet,4000000,12/1/2016
1118,1/12/2016,Slide App,Consumer Internet,Lock screen Rewards mobile app,New Delhi,Songhyun Investment,Private Equity,"36,00,000",,New Delhi,Consumer Internet,3600000,12/1/2016
1119,2/12/2016,Badiyajobs,Consumer Internet,Entry-Level job Seekers platform,New Delhi,Undisclosed,Seed Funding,"1,00,000",,New Delhi,Consumer Internet,100000,12/2/2016
1120,2/12/2016,Streo,Consumer Internet,Live Music Streaming App,Bengaluru,"GEMs Advisory, Quarizon",Seed Funding,,,Bengaluru,Consumer Internet,,12/2/2016
1121,2/12/2016,TYGR,Technology,Transport and logistics mobile App,Mumbai,Franchise India,Private Equity,"30,00,000",,Mumbai,Technology,3000000,12/2/2016
1122,5/12/2016,Mr Hot Foods,Consumer Internet,Online Food Ordering & Delivery Portal,Indore,IvyCamp Ventures,Seed Funding,,,Indore,Consumer Internet,,12/5/2016
1123,5/12/2016,UrDoorStep,eCommerce,Online Grocery Store,Bengaluru,Lakshmi Vilas Bank & undisclosed HNIs,Private Equity,"14,00,000",,Bengaluru,E-Commerce,1400000,12/5/2016
1124,5/12/2016,ONN Bikes,eCommerce,"On-demand, self-drive bike rental platform",Mumbai,Grace Capital Ventures,Seed Funding,,,Mumbai,E-Commerce,,12/5/2016
1125,6/12/2016,Diro Labs,Consumer Internet,Mobile Contacts Management app,New Delhi,Info Edge (India),Seed Funding,"1,47,000",,New Delhi,Consumer Internet,147000,12/6/2016
1126,6/12/2016,THB,Technology,Clinical research and data analytics,Gurugram,"Ajith Sukumaran, Currae Healthtech Fund",Seed Funding,,,Gurugram,Technology,,12/6/2016
1127,7/12/2016,LookAtMe,Consumer Internet,Mobile App based Fashion Network,Singapore,Eros Labs,Seed Funding,,,Singapore,Consumer Internet,,12/7/2016
1128,7/12/2016,Netree,eCommerce,Mobile-only Retailers Engagement Solution,New Delhi,"The Chennai Angels, LetsVenture",Seed Funding,,,New Delhi,E-Commerce,,12/7/2016
1129,7/12/2016,BookEventz,Consumer Internet,"Venue, Events Booking platform",Mumbai,Investors from Mumbai Angels & LetsVenture,Seed Funding,,,Mumbai,Consumer Internet,,12/7/2016
1130,7/12/2016,Tailslife,Consumer Internet,Pet Parenting mobile app,Bengaluru,"Mohan Kumar, V. Balakrishnan",Seed Funding,,,Bengaluru,Consumer Internet,,12/7/2016
1131,7/12/2016,Revv,Consumer Internet,Self-Driven Car Services booking portal,New Delhi,Edelweiss Private Equity,Private Equity,"90,00,000",,New Delhi,Consumer Internet,9000000,12/7/2016
1132,7/12/2016,WealthApp,Consumer Internet,Online Investment Advisory platform,Bengaluru,"Venk Krishnan, MJ Aravind, Vikram Kotak, Jayant Davar,\\xc2\\xa0 Ramkumar Nishtal, Arjun Sharmaa",Seed Funding,"4,40,000",,Bengaluru,Consumer Internet,440000,12/7/2016
1133,7/12/2016,Vehico,Technology,Connected Transportation solutions,Bengaluru,"Calcutta Angel Network, Appliyifi",Seed Funding,,,Bengaluru,Technology,,12/7/2016
1134,8/12/2016,Zest Money,Consumer Internet,Online Consumer Lending platform,Mumbai,PayU,Private Equity,"65,00,000",,Mumbai,Consumer Internet,6500000,12/8/2016
1135,8/12/2016,GoMechanic,Consumer Internet,Online Car servicing Booking platform,Gurugram,Venture Catalysts,Seed Funding,"2,50,000",,Gurugram,Consumer Internet,250000,12/8/2016
1136,9/12/2016,Stalk Buy Love,eCommerce,Fashion Apparel eTailer,New Delhi,Kalaari Capital,Private Equity,"60,00,000",,New Delhi,E-Commerce,6000000,12/9/2016
1137,9/12/2016,Nykaa,eCommerce,Beauty Products etailer,Mumbai,Max Ventures and Industries,Private Equity,,,Mumbai,E-Commerce,,12/9/2016
1138,9/12/2016,Wittyparot,Technology,Content Management & Productivity platform,Bengaluru,Mumbai Angels,Seed Funding,"4,50,000",,Bengaluru,Technology,450000,12/9/2016
1139,9/12/2016,NeuroEquilibrium,Technology,Health-Tech platform,Jaipur,Unicorn India Ventures,Seed Funding,"2,50,000",,Jaipur,Technology,250000,12/9/2016
1140,12/12/2016,Xseed Education,Technology,Education & learning Tech platform,Bengaluru,Verlinvest SA,Private Equity,"1,00,00,000",,Bengaluru,Technology,10000000,12/12/2016
1141,12/12/2016,Rupaiya Exchange,Consumer Internet,P2P Lending platform,New Delhi,Undisclosed Investors,Seed Funding,"2,00,000",,New Delhi,Consumer Internet,200000,12/12/2016
1142,12/12/2016,Doctor Insta,Consumer Internet,Online Doctor Consulting platform,Gurugram,RoundGlass Partners,Private Equity,"20,00,000",,Gurugram,Consumer Internet,2000000,12/12/2016
1143,12/12/2016,UrbanPiper,Consumer Internet,Self-Branded Websites & Apps for Ecommerce,Bengaluru,"Axilor, undisclosed investors",Seed Funding,,,Bengaluru,Consumer Internet,,12/12/2016
1144,12/12/2016,Fresh Food Concepts,Food & Beverage,Cold Press Juice manufacturer & seller,New Delhi,"Siddhartha Gupta, Ashvin Chadha",Seed Funding,"20,00,000",,New Delhi,Food & Beverage,2000000,12/12/2016
1145,13/12/2016,Indifi,Consumer Internet,Online lending platform,Gurugram,Omidyar Network,Private Equity,"1,00,00,000",,Gurugram,Consumer Internet,10000000,12/13/2016
1146,13/12/2016,GoComet,Logistics,Marketplace for International Freight,Mumbai,"India Quotient, Rajul Garg, Rajesh Yabaji, Chanakya Hridaya, Ramasubramaniam B, Vishwanathan, Nobel House, Sunstone Capital",Seed Funding,,,Mumbai,Logistics,,12/13/2016
1147,13/12/2016,OfBusiness,eCommerce,Online business-to-business (B2B) marketplace,Gurugram,"Zodius Technology Opportunities Fund, Matrix Partners",Private Equity,"1,11,00,000",,Gurugram,E-Commerce,11100000,12/13/2016
1148,14/12/2016,Fitmein,Consumer Internet,Fitness Discovery & Booking platform,New Delhi,"FiNC, GHV",Seed Funding,,,New Delhi,Consumer Internet,,12/14/2016
1149,14/12/2016,Qacco,Consumer Internet,Hotel Booking platform,Gurugram,"Lead Angels Network, Anbu Pandian, Prabhakar MR & Others",Seed Funding,"1,50,000",,Gurugram,Consumer Internet,150000,12/14/2016
1150,14/12/2016,Fitpass,Consumer Internet,Fitness center aggregator & Booking mobile app,New Delhi,Mumbai Angels,Seed Funding,"10,00,000",,New Delhi,Consumer Internet,1000000,12/14/2016
1151,14/12/2016,MoEngage,Technology,User analytics and engagement platform,Bengaluru,Anand Chandrasekaran,Seed Funding,,,Bengaluru,Technology,,12/14/2016
1152,14/12/2016,Ten3t Health,Technology,medical grade wearable patch maker,Bengaluru,"V. Krishna Prasad, Bhupen Shah & Others",Seed Funding,,,Bengaluru,Technology,,12/14/2016
1153,14/12/2016,Trading Bells,Consumer Internet,Online Share & Commodity Broking platform,Indore,Swastika Investmart Ltd,Seed Funding,"2,97,000",,Indore,Consumer Internet,297000,12/14/2016
1154,15/12/2016,SERV\\xe2\\x80\\x99D,Consumer Internet,Financial Services For Unorganized Workforce,Pune,Digital Financial Service Lab,Seed Funding,"1,00,000",,Pune,Consumer Internet,100000,12/15/2016
1155,15/12/2016,IdeaForge,Technology,Drone Manufacturing,Mumbai,"WRV Capital and IndusAge Partners, Infosys Innovation Fund",Private Equity,"1,00,00,000",,Mumbai,Technology,10000000,12/15/2016
1156,15/12/2016,Amagi Media Labs,Technology,Media Technology Solutions,Mumbai,"Emerald Media, Premji Invest",Private Equity,"3,50,00,000",,Mumbai,Technology,35000000,12/15/2016
1157,15/12/2016,Pocket Aces,Technology,Digital Entertainment Company,Mumbai,"Sequoia Capital India, North Base Media, Aarin Capital, 3one4 Capital, Axilor Ventures, Kunal Shah, Sandeep Tandon",Private Equity,"30,00,000",,Mumbai,Technology,3000000,12/15/2016
1158,16/12/2016,Pi Data Centers,Technology,Cloud Data Center Solutions provider,Hyderabad,Epsilon Venture Partners,Private Equity,"2,30,00,000",,Hyderabad,Technology,23000000,12/16/2016
1159,16/12/2016,TripShelf,Consumer Internet,Holiday Packages provider,New Delhi,"GEMS Advisory, Quarizon",Seed Funding,"1,23,000",,New Delhi,Consumer Internet,123000,12/16/2016
1160,19/12/2016,Events High,Consumer Internet,Events & Activities Marketplace,Bengaluru,Axilor Ventures,Private Equity,,,Bengaluru,Consumer Internet,,12/19/2016
1161,19/12/2016,NoBroker,Consumer Internet,Rental property search portal,Bengaluru,"KTB Network, SAIF Partners, BEENEXT, Digital Garage",Private Equity,"74,00,000",,Bengaluru,Consumer Internet,7400000,12/19/2016
1162,20/12/2016,VivoCarat,eCommerce,Online jewellery marketplace,Mumbai,Undisclosed Investors,Seed Funding,"50,000",,Mumbai,E-Commerce,50000,12/20/2016
1163,20/12/2016,Tiyo,Consumer Internet,Doctor Search Mobile App,Kolkata,Ajith Nair,Seed Funding,,,Kolkata,Consumer Internet,,12/20/2016
1164,20/12/2016,Zoomcar,Consumer Internet,Self-Driven Cab booking platform,Bengaluru,Cyber Carrier CL,Private Equity,,,Bengaluru,Consumer Internet,,12/20/2016
1165,20/12/2016,BYJU\\xe2\\x80\\x99s,Consumer Internet,Online Learning platform,Bengaluru,International Financial Corporation,Private Equity,"1,50,00,000",,Bengaluru,Consumer Internet,15000000,12/20/2016
1166,21/12/2016,Supr Daily,Consumer Internet,Daily Subscription based Delivery service,Mumbai,"Dr. Apoorv Ranjan Sharma, Anil Jain, Anuj Golecha, Krishna Jhunjhunwala, Anirudh Damani",Seed Funding,,,Mumbai,Consumer Internet,,12/21/2016
1167,21/12/2016,The BlueBook,Consumer Internet,online to offline marketing platform,Bengaluru,"Indian Angel Network, Let\\xe2\\x80\\x99s Venture",Seed Funding,"5,00,000",,Bengaluru,Consumer Internet,500000,12/21/2016
1168,21/12/2016,MamaEarth,eCommerce,Babycare Products seller,New Delhi,Fireside Ventures & Others,Seed Funding,,,New Delhi,E-Commerce,,12/21/2016
1169,21/12/2016,Vegetall,eCommerce,Online Vegetable eTailer,Chennai,The Chennai Angels,Seed Funding,"1,62,000",,Chennai,E-Commerce,162000,12/21/2016
1170,22/12/2016,Innoplexus,Technology,Data as a Service Provider,Pune,HCS Venture capital fund,Private Equity,,,Pune,Technology,,12/22/2016
1171,22/12/2016,Mindler,Consumer Internet,Career Planning & Assessment platform,New Delhi,Taxmann,Seed Funding,"3,24,000",,New Delhi,Consumer Internet,324000,12/22/2016
1172,22/12/2016,MCaffeine,eCommerce,Personal care product etailer,Bengaluru,"Kaushal Agarwal, Harminder Sahani, KK Mehra, Pranay Jivrajka, Navjot Saini",Seed Funding,"3,00,000",,Bengaluru,E-Commerce,300000,12/22/2016
1173,23/12/2016,enKast,Technology,Cloud based CRM for Agencies,Bengaluru,Ivy League Alumni Angel Network,Private Equity,"20,00,000",,Bengaluru,Technology,2000000,12/23/2016
1174,23/12/2016,ShopKirana,eCommerce,B2B platform for Merchants & Retailers,Indore,"Incubate Fund, Lead Angels Group & Others",Private Equity,,,Indore,E-Commerce,,12/23/2016
1175,23/12/2016,MyAdvo,Consumer Internet,Legal Advice Platform,New Delhi,"Pradyumna Dalmia, S. Somasegar & Others",Seed Funding,,,New Delhi,Consumer Internet,,12/23/2016
1176,23/12/2016,Asocon,Technology,Process management startup,Noida,Quarizon,Seed Funding,,,Noida,Technology,,12/23/2016
1177,23/12/2016,LexComply,Consumer Internet,Compliance Management Software,New Delhi,Ajay Relan,Seed Funding,,,New Delhi,Consumer Internet,,12/23/2016
1178,26/12/2016,The Postbox,eCommerce,Art & Lifestyle ECommerce Store,Chennai,"The Chennai Angels, Ritesh Mehta, Aruna Ganesh Ram",Seed Funding,,,Chennai,E-Commerce,,12/26/2016
1179,26/12/2016,Pandorum Technologies,Technology,3D printed experimental Human Liver tissue creator,Bengaluru,"Sachin Bansal, Binny Bansal",Seed Funding,,,Bengaluru,Technology,,12/26/2016
1180,26/12/2016,Dekkho,Consumer Internet,Video Streaming platform,Mumbai,undisclosed investors,Seed Funding,"12,00,000",,Mumbai,Consumer Internet,1200000,12/26/2016
1181,26/12/2016,Shadowfox,Logistics,On-Demand Delivery Service,Gurugram,Eight Roads Ventures,Private Equity,"1,00,00,000",,Gurugram,Logistics,10000000,12/26/2016
1182,27/12/2016,ShopX,eCommerce,SAAS ECommerce Retail app,Bengaluru,Nandan Nilekani,Private Equity,"50,00,000",,Bengaluru,E-Commerce,5000000,12/27/2016
1183,28/12/2016,BookEventz,Consumer Internet,Online event-booking platform,Mumbai,"Lead Angels, Mumbai Angels, LetsVenture, Girish Mathrubootham, Anbu Pandian",Seed Funding,,,Mumbai,Consumer Internet,,12/28/2016
1184,29/12/2016,Healthifyme,Consumer Internet,Fitness Mobile App,Bengaluru,NB Ventures,Private Equity,"10,00,000",,Bengaluru,Consumer Internet,1000000,12/29/2016
1185,29/12/2016,LetsMD,Consumer Internet,Healthcare plan comparison platform,New Delhi,"WaterBridge Ventures,",Seed Funding,,,New Delhi,Consumer Internet,,12/29/2016
1186,29/12/2016,Justbooks,Consumer Internet,Library Chain Aggregator,Bengaluru,CoCreate Ventures,Seed Funding,,,Bengaluru,Consumer Internet,,12/29/2016
1187,30/12/2016,InstantPay,Consumer Internet,Digital payments & recharge platform,New Delhi,"RB Investments,\\xc2\\xa0 Kaleden Holdings",Private Equity,,,New Delhi,Consumer Internet,,12/30/2016
1188,1/11/2016,PickMyLaundry,Consumer Internet,On-Demand Washing & Dry Cleaning Services,New Delhi,"Kedar Lele, GHV Accelerator",Seed Funding,"2,00,000",,New Delhi,Consumer Internet,200000,11/1/2016
1189,2/11/2016,FreshDesk,Consumer Internet,SAAS Based HelpDesk Services,Chennai,"Sequoia Capital India, Accel Partners",Private Equity,"5,50,00,000",,Chennai,Consumer Internet,55000000,11/2/2016
1190,2/11/2016,LaundryAnna,Consumer Internet,On-Demand Washing & Dry Cleaning Services,Bengaluru,Undisclosed Investors,Seed Funding,"1,50,000",,Bengaluru,Consumer Internet,150000,11/2/2016
1191,2/11/2016,LetsMD,Consumer Internet,Healthcare Services Comparison Platform,New Delhi,"Calcutta Angels Network, LetsVenture, Anupam Mittal, Currae Healthtech Fund",Seed Funding,,,New Delhi,Consumer Internet,,11/2/2016
1192,2/11/2016,Sattviko,Food & Beverage,Health Food Restaurant Chain,New Delhi,"Raman Roy, Ashish Gupta, Yogesh Andlay, Vaibhav Jain",Seed Funding,,,New Delhi,Food & Beverage,,11/2/2016
1193,3/11/2016,Zarget,Technology,SaaS-based web optimisation and marketing platform,Chennai,Sequoia India,Private Equity,"60,00,000",,Chennai,Technology,6000000,11/3/2016
1194,3/11/2016,DoSelect,Consumer Internet,Skill Showcasing platform,Bengaluru,"3one4 Capital, Mumbai Angels, Aarin Capital",Seed Funding,,,Bengaluru,Consumer Internet,,11/3/2016
1195,3/11/2016,EasyPolicy,Consumer Internet,Online insurance Portal,Noida,"Unilazer Ventures,",Private Equity,"1,00,00,000",,Noida,Consumer Internet,10000000,11/3/2016
1196,4/11/2016,Browntape,Technology,cloud-based software solutions company,Goa,Gati Ltd,Private Equity,,,Goa,Technology,,11/4/2016
1197,4/11/2016,Connect India,Logistics,Last mile Delivery Network,Bengaluru,Aavishkaar Venture Management,Private Equity,"10,00,000",,Bengaluru,Logistics,1000000,11/4/2016
1198,4/11/2016,Corseco,Technology,AI-based Software as a Service Solution provider,New Delhi,"Ameera Shah, Vivek Bhargava",Seed Funding,"1,50,000",,New Delhi,Technology,150000,11/4/2016
1199,4/11/2016,vImmune,Consumer Internet,Immunisation Management Platform,Bengaluru,Undisclosed investor,Seed Funding,,,Bengaluru,Consumer Internet,,11/4/2016
1200,4/11/2016,The Gourmet Jar,eCommerce,Gourmet Food etailer,Noida,Chandigarh Angels Network,Seed Funding,,,Noida,E-Commerce,,11/4/2016
1201,5/11/2016,Medzin,eCommerce,Online ordering & Delivery of medicines,New Delhi,A M Sikander,Seed Funding,"45,000",,New Delhi,E-Commerce,45000,11/5/2016
1202,5/11/2016,Bizongo,eCommerce,Packaging Material Marketplace,Mumbai,"IDG Ventures, Accel Partners",Private Equity,"30,00,000",,Mumbai,E-Commerce,3000000,11/5/2016
1203,7/11/2016,Rivigo,Technology,Technology based Logistics platform,Gurugram,Warburg Pincus,Private Equity,"7,50,00,000",,Gurugram,Technology,75000000,11/7/2016
1204,7/11/2016,JustRide,Consumer Internet,Online Car Sharing platform,Mumbai,"Justin Kan, Qasar Younis, Paul Bucche, Susa Ventures, Kima Ventures, Axan Venture, SCM Holdings",Private Equity,"30,00,000",,Mumbai,Consumer Internet,3000000,11/7/2016
1205,9/11/2016,IIM Jobs,Consumer Internet,Online Job Portal,New Delhi,India Quotient,Private Equity,"20,00,000",,New Delhi,Consumer Internet,2000000,11/9/2016
1206,9/11/2016,Square Yards,Consumer Internet,Online Property Search Portal,Gurugram,ADAG Reliance Private Equity,Private Equity,"1,20,00,000",,Gurugram,Consumer Internet,12000000,11/9/2016
1207,10/11/2016,GolfLAN,Consumer Internet,Golf Session Online Bookings platform,New Delhi,"YourNest Angel Fund, iSON",Private Equity,"10,00,000",,New Delhi,Consumer Internet,1000000,11/10/2016
1208,10/11/2016,Yottaasys,Technology,Data Sciences platform,Bengaluru,Gleevoaz Ventures,Private Equity,,,Bengaluru,Technology,,11/10/2016
1209,10/11/2016,Tone Tag,Technology,Contactless Payment Solution,Bengaluru,"Arun Seth, T.V. Mohandas Pai, Anand Chandrasekaran, Deepak Ghaisas",Private Equity,,,Bengaluru,Technology,,11/10/2016
1210,11/11/2016,Life in Control,Consumer Internet,Online Diabetes Management platform,Gurugram,RoundGlass Partners,Private Equity,,,Gurugram,Consumer Internet,,11/11/2016
1211,14/11/2016,Active.ai,Technology,Banking & Fintech Platform,Singapore,"Kalaari Capital, IDG Ventures India",Private Equity,"30,00,000",,Singapore,Technology,3000000,11/14/2016
1212,14/11/2016,ElasticRun,Technology,Tech driven Logistic & distribution platform,Pune,"Kalaari Capital, Norwest Venture Partners",Private Equity,"20,00,000",,Pune,Technology,2000000,11/14/2016
1213,15/11/2016,NoBroker,Consumer Internet,Online Rental discovery,Bengaluru,Vijay Shekhar Sharma,Seed Funding,,,Bengaluru,Consumer Internet,,11/15/2016
1214,15/11/2016,Zefo,eCommerce,Used Furniture & Appliances Marketplace,Bengaluru,"Sequoia India, BEENEXT, Helion Ventures",Private Equity,"60,00,000",,Bengaluru,E-Commerce,6000000,11/15/2016
1215,15/11/2016,PlaySimple,Technology,Mobile Gaming portal,Bengaluru,"SAIF Partners, IDG Ventures India",Private Equity,"40,00,000",,Bengaluru,Technology,4000000,11/15/2016
1216,16/11/2016,Stasis Labs,Technology,Cloud based\\xc2\\xa0 health monitoring platform,Bengaluru,"RTP-HC, Wonder Ventures, Techstars Ventures & Others",Private Equity,"50,00,000",,Bengaluru,Technology,5000000,11/16/2016
1217,17/11/2016,Scienaptic,Technology,Data Analytics platform,Bengaluru,Pramod Bhasin,Seed Funding,,,Bengaluru,Technology,,11/17/2016
1218,17/11/2016,Koovs,eCommerce,Fashion eTailer,New Delhi,Times of India Group & Existing investors,Private Equity,"1,35,00,000",,New Delhi,E-Commerce,13500000,11/17/2016
1219,17/11/2016,Lawrato,Consumer Internet,Free Legal Advice,New Delhi,Indian Angel Network,Seed Funding,,,New Delhi,Consumer Internet,,11/17/2016
1220,17/11/2016,Trip Tap Toe,Consumer Internet,Online Travel Portal,Gurugram,R.S Sharma,Seed Funding,,,Gurugram,Consumer Internet,,11/17/2016
1221,17/11/2016,Pictor Imaging,Consumer Internet,Product Photography Mobile App,Mumbai,Quarizon,Seed Funding,"1,47,000",,Mumbai,Consumer Internet,147000,11/17/2016
1222,18/11/2016,GramCover,Finance,Insurance Marketplace for the Rural Sector,New Delhi,Omnivore Capital,Seed Funding,"10,00,000",,New Delhi,Finance,1000000,11/18/2016
1223,18/11/2016,AerMed,eCommerce,Online Pharmacy,Mumbai,Hitesh Windlass,Seed Funding,,,Mumbai,E-Commerce,,11/18/2016
1224,18/11/2016,WorkIndia,Consumer Internet,Job Board for Clue Collar Jobs,Mumbai,Asuka Holdings,Seed Funding,,,Mumbai,Consumer Internet,,11/18/2016
1225,21/11/2016,Bats on delivery,Consumer Internet,"Online food, Grocery ordering & Delivery",Gurugram,Devdeep Singh,Seed Funding,"90,000",,Gurugram,Consumer Internet,90000,11/21/2016
1226,21/11/2016,numberz.in,Technology,Cash Flow Management Solution for Businesses,Gurugram,"Kae Capital, Khosla Impact",Seed Funding,"6,50,000",,Gurugram,Technology,650000,11/21/2016
1227,22/11/2016,Housing.com,Consumer Internet,Real Estate Portal,Mumbai,Softbank Group,Private Equity,"50,00,000",,Mumbai,Consumer Internet,5000000,11/22/2016
1228,22/11/2016,Awesummly,Consumer Internet,Short News Mobile App,Bengaluru,"Vivek Bhargava, Ameera Shah",Seed Funding,"1,47,000",,Bengaluru,Consumer Internet,147000,11/22/2016
1229,22/11/2016,VoLT,Consumer Internet,Ed-Tech Platform,Mumbai,YMS Mobitech,Seed Funding,,,Mumbai,Consumer Internet,,11/22/2016
1230,22/11/2016,Vymo,Technology,SaaS-based predictive analytics platform,Bengaluru,Sequoia India,Private Equity,"50,00,000",,Bengaluru,Technology,5000000,11/22/2016
1231,22/11/2016,ShubhLoans,Technology,Consumer Finance & Credit Score platform,Bengaluru,"Sanjai Vohra, V. Bunty Bohra",Seed Funding,,,Bengaluru,Technology,,11/22/2016
1232,22/11/2016,Noddapp,Consumer Internet,App based networking platform,Mumbai,Undisclosed multiple investors,Seed Funding,"1,47,000",,Mumbai,Consumer Internet,147000,11/22/2016
1233,23/11/2016,Knowlarity,Consumer Internet,Cloud Telephony Platform,Bengaluru,"Delta Partners, Sequoia India,\\xc2\\xa0 Mayfield, Blacksoil, Trifecta Capital",Private Equity,"2,00,00,000",,Bengaluru,Consumer Internet,20000000,11/23/2016
1234,23/11/2016,Infisecure,Technology,Bot Protection Solutions,Mumbai,"IDG Ventures, Axilor Ventures",Seed Funding,"6,00,000",,Mumbai,Technology,600000,11/23/2016
1235,23/11/2016,Udaan,eCommerce,B2B Marketplace,Bengaluru,"Lightspeed Venture Partners India, Lightspeed US",Private Equity,"1,00,00,000",,Bengaluru,E-Commerce,10000000,11/23/2016
1236,24/11/2016,FroyoFit,Consumer Internet,Fitness Discovery Platform,Indore,Dr. Pooja Gandhi,Seed Funding,,,Indore,Consumer Internet,,11/24/2016
1237,24/11/2016,Betterplace,Consumer Internet,Background Verification Services,Bengaluru,Venture Highway,Seed Funding,,,Bengaluru,Consumer Internet,,11/24/2016
1238,24/11/2016,ShareChat,Consumer Internet,Local Language Social Networking Platform,Mumbai,"Lightspeed India Partners, SAIF Partners, India Quotient, Venture Highway",Private Equity,"40,00,000",,Mumbai,Consumer Internet,4000000,11/24/2016
1239,24/11/2016,UClean,Consumer Internet,Tech Enabled Laundry Service Provider,Gurugram,Franchise India,Private Equity,,,Gurugram,Consumer Internet,,11/24/2016
1240,24/11/2016,Servify,Consumer Internet,Personal Device Assistant App,Mumbai,"Blume Ventures, BEENEXT, Barkawi Holdings GmbH, TM Service Technology Holdings Gmbh, Sreevathsa Prabhakar",Private Equity,,,Mumbai,Consumer Internet,,11/24/2016
1241,25/11/2016,Hubilo,Consumer Internet,End-to-end Event Organizers Solutions,Ahmedabad,"Girish Mathrubootham, VC Karthic, Miten Mehta, Umasankar Nistala, Rakesh Patel, Akash Bhavsar, Jeevanandhan Rajagopal, Vikas Chadha & Others",Seed Funding,,,Ahmedabad,Consumer Internet,,11/25/2016
1242,25/11/2016,FunOnGo,Consumer Internet,Digital Media Content and Distribution platform,Mumbai,Reliance Entertainment,Private Equity,,,Mumbai,Consumer Internet,,11/25/2016
1243,25/11/2016,121Policy,Consumer Internet,Online Insurance Platform,Kolkata,Xelpmoc,Seed Funding,,,Kolkata,Consumer Internet,,11/25/2016
1244,26/11/2016,TapChief,Consumer Internet,Professional Expert Advice Platform,Bengaluru,"Paytm, Aprameya Radhakrishna, Subramanya Venkat, Venk Krishnan",Seed Funding,,,Bengaluru,Consumer Internet,,11/26/2016
1245,28/11/2016,Kloseby,Consumer Internet,proximity based\\xc2\\xa0 Rewards platform,Bengaluru,Undisclosed Investor,Seed Funding,"1,00,000",,Bengaluru,Consumer Internet,100000,11/28/2016
1246,28/11/2016,WholeSaleBox,eCommerce,B2B Wholesale Apparel Marketplace,Jaipur,"Manish Maheshwari, Contrarian Vriddhi Fund",Private Equity,"20,00,000",,Jaipur,E-Commerce,2000000,11/28/2016
1247,29/11/2016,Crossahead,Consumer Internet,Creative Artists Discovery & Booking platform,Noida,Mohit Sharma,Seed Funding,,,Noida,Consumer Internet,,11/29/2016
1248,29/11/2016,Affordplan,Consumer Internet,Savings platform for Medical Expenses,New Delhi,"Prime Venture Partners, Kalaari Capital",Private Equity,"30,00,000",,New Delhi,Consumer Internet,3000000,11/29/2016
1249,30/11/2016,HandyTrain,Consumer Internet,Mobile App for SAAS based Training,Goa,"Silver Range Investments, Lumina Datamatics, Shun Yoshida & Others",Private Equity,"10,00,000",,Goa,Consumer Internet,1000000,11/30/2016
1250,30/11/2016,ShopsUp,eCommerce,Hyperlocal Shopping App,Bengaluru,"Anand Sankeshwar, Yang Shu",Seed Funding,"9,63,000",,Bengaluru,E-Commerce,963000,11/30/2016
1251,30/11/2016,Indofash,eCommerce,Ethnic Indian Fashion Marketplace,Bengaluru,"Shekhar Sahu, Nitesh Pant",Seed Funding,"1,50,000",,Bengaluru,E-Commerce,150000,11/30/2016
1252,30/11/2016,Entropika,Technology,"AI, Machine learning Solutions",Bengaluru,"Dileep Bhatt, Milind Chaudhary",Seed Funding,"2,00,000",,Bengaluru,Technology,200000,11/30/2016
1253,30/11/2016,MarianaIQ,Technology,AI-driven B2B marketing platform,Bengaluru,Exfinity Venture Partners,Private Equity,"20,00,000",,Bengaluru,Technology,2000000,11/30/2016
1254,30/11/2016,Chai Thela,Food & Beverage,Quick Service Restaurants,Noida,Quarizon,Seed Funding,"2,18,000",,Noida,Food & Beverage,218000,11/30/2016
1255,30/11/2016,Interviewpad,Technology,Engineering Interview facilitation platform,Pune,Krishna Rokhale,Seed Funding,"1,00,000",,Pune,Technology,100000,11/30/2016
1256,30/11/2016,Math Buddy,Consumer Internet,Online Math Learn,Vadodara,Menterra Social Impact Fund,Seed Funding,"4,40,000",,Vadodara,Consumer Internet,440000,11/30/2016
1257,30/11/2016,Pulse,Consumer Internet,Campus Social Networking App,Bengaluru,SAIF Partners,Private Equity,"5,00,000",,Bengaluru,Consumer Internet,500000,11/30/2016
1258,30/11/2016,MonkeyBox,Consumer Internet,Healthy Food Delivery platform,Bengaluru,Blume Ventures & Others,Seed Funding,,,Bengaluru,Consumer Internet,,11/30/2016
1259,30/11/2016,Carcrew.in,Consumer Internet,Online Car repair Marketplace,Mumbai,TVS Group,Seed Funding,"5,00,000",,Mumbai,Consumer Internet,500000,11/30/2016
1260,3/10/2016,MeraKisan,eCommerce,Fruit & vegetable eTailer,Bengaluru,Mahindra Univeg,Seed Funding,,,Bengaluru,E-Commerce,,10/3/2016
1261,3/10/2016,Mystifly,Consumer Internet,Airline Ticket Aggregator,Bengaluru,Recruit Holdings,Private Equity,"50,00,000",,Bengaluru,Consumer Internet,5000000,10/3/2016
1262,3/10/2016,HelpChat,Consumer Internet,AI Powered Content & Commerce platform,Bengaluru,"American Express Ventures, Sequoia Capital",Private Equity,,,Bengaluru,Consumer Internet,,10/3/2016
1263,3/10/2016,Uniphore,Technology,Speech Recognition Solutions,Chennai,"IDG Ventures, Indian Angel Network (IAN), YourNest Angel Fund",Private Equity,"20,00,000",,Chennai,Technology,2000000,10/3/2016
1264,3/10/2016,World Art Community,eCommerce,Art & Craft Marketplace,Gurugram,Viraj Tyagi & Others,Seed Funding,"2,00,000",,Gurugram,E-Commerce,200000,10/3/2016
1265,4/10/2016,Giftxoxo,eCommerce,Online Gifting platform,Bengaluru,Mahindra Holidays & Resorts India Ltd,Private Equity,"4,50,000",,Bengaluru,E-Commerce,450000,10/4/2016
1266,4/10/2016,Bharat Bazaar,eCommerce,Online B2B Marketplace,Mumbai,"BeeNext, TV Mohandas Pai, Kunal Shah, Sandeep Tandon",Seed Funding,,,Mumbai,E-Commerce,,10/4/2016
1267,4/10/2016,GOQii,Consumer Internet,Health & Fitness Wearable Device,Mumbai,Ratan Tata,Private Equity,,,Mumbai,Consumer Internet,,10/4/2016
1268,4/10/2016,India Gifts Portal,eCommerce,Online Gifting platform,Noida,"Naveen Arya, Tarun Joshi",Private Equity,"20,00,000",,Noida,E-Commerce,2000000,10/4/2016
1269,4/10/2016,Moglix,eCommerce,Industrial & Home products marketplace,Noida,"Accel Partners, Jungle Ventures, SeedPlus",Private Equity,"42,00,000",,Noida,E-Commerce,4200000,10/4/2016
1270,4/10/2016,NetLinx,Consumer Internet,Internet Service Provider,Hyderabad,"Xchange Investors NV, TransGlobal FZC",Private Equity,"30,00,000",,Hyderabad,Consumer Internet,3000000,10/4/2016
1271,4/10/2016,Scandid,Consumer Internet,Product Shopping Comparison App,Pune,3One4 Capital,Private Equity,,,Pune,Consumer Internet,,10/4/2016
1272,4/10/2016,Remitr,Consumer Internet,Foreign Currency Payments Platform,Mumbai,"Vijay Shekhar Sharma, Pravin Gandhi,\\xc2\\xa0 Smart Start Fund; Kunal Shah,\\xc2\\xa0 Sandeep Tandon, Vishal Gondal, & Others",Seed Funding,"10,00,000",,Mumbai,Consumer Internet,1000000,10/4/2016
1273,4/10/2016,InnerChef,Consumer Internet,Online food ordering platform,Gurugram,"Mistletoe, M&S Partners",Private Equity,"25,00,000",,Gurugram,Consumer Internet,2500000,10/4/2016
1274,4/10/2016,AppsDaily,Consumer Internet,"Mobile Phone Theft, Damage Protection platform",Mumbai,"Zodius Capital, Kalaari Capital, Qualcomm Ventures, Russian venture capital fund Ru-Net, Mumbai Angels",Private Equity,"37,50,000",,Mumbai,Consumer Internet,3750000,10/4/2016
1275,5/10/2016,MuhurtMaza,Consumer Internet,Online Puja Booking Service,Pune,Undisclosed Investor,Seed Funding,,,Pune,Consumer Internet,,10/5/2016
1276,5/10/2016,Azuro,Consumer Internet,Rental Property Finder platform,Mumbai,"White Unicorn Ventures, Kae Capital, Mumbai Angels",Private Equity,,,Mumbai,Consumer Internet,,10/5/2016
1277,5/10/2016,NeuroSynaptic,Technology,Remote Healthcare Delivery Solutions,Bengaluru,"Indian Angel Network, Healthsquad, Axilor Ventures",Private Equity,,,Bengaluru,Technology,,10/5/2016
1278,5/10/2016,UE LifeSciences,Technology,Mobile Health Technology Solutions,Mumbai,"Kiran Mazumdar-Shaw, Unitus Seed Fund",Private Equity,"12,00,000",,Mumbai,Technology,1200000,10/5/2016
1279,6/10/2016,FindmeaShoe,Consumer Internet,Footwear Recommendation App,Bengaluru,Ventureast Fund Advisors,Seed Funding,,,Bengaluru,Consumer Internet,,10/6/2016
1280,6/10/2016,RealBox,Technology,Data Sciences Platform,Noida,Hyderabad Angels,Seed Funding,"3,00,000",,Noida,Technology,300000,10/6/2016
1281,6/10/2016,Sportido,Consumer Internet,Sports Discovery platform,Noida,Sumpoorna Group,Seed Funding,,,Noida,Consumer Internet,,10/6/2016
1282,6/10/2016,GoZefo,eCommerce,Used Furniture & Appliances Marketplace,Bengaluru,"Helion Venture Partners, BeeNext",Private Equity,"10,50,000",,Bengaluru,E-Commerce,1050000,10/6/2016
1283,7/10/2016,RayIOT,Technology,Baby Monitoring Devices manufacturer,Bengaluru,HAX Accelerator,Seed Funding,"1,00,000",,Bengaluru,Technology,100000,10/7/2016
1284,7/10/2016,KOOH Sports,Technology,Sports Training & Technology,Mumbai,"HDFC, Faering Capital, Elevate Sports",Private Equity,"22,00,000",,Mumbai,Technology,2200000,10/7/2016
1285,7/10/2016,Flexiloans,Consumer Internet,Online Funds Raising Platform,Mumbai,"Sanjay Nayar, Vikram Sud, Anil Jaggia, Narayan Seshadri",Private Equity,"1,50,00,000",,Mumbai,Consumer Internet,15000000,10/7/2016
1286,7/10/2016,Sibia Analytics,Technology,Marketing & Customer Analytics Solutions,Kolkata,Radhakrishnan Natarajan & Others,Seed Funding,,,Kolkata,Technology,,10/7/2016
1287,10/10/2016,Vithi.com,eCommerce,Online Hair Extension etailer,New Delhi,undisclosed investor,Seed Funding,"3,75,000",,New Delhi,E-Commerce,375000,10/10/2016
1288,11/10/2016,Yupp TV,Consumer Internet,Internet-based TV streaming service provider,Bengaluru,Emerald Media,Private Equity,"5,00,00,000",,Bengaluru,Consumer Internet,50000000,10/11/2016
1289,11/10/2016,Deyor Camps,Consumer Internet,Branded Camping location Aggregator,Gurugram,"Nitin Passi, Manickam Mahalingam, Udaan Angels, Rajesh Arora, Arkas Industries",Seed Funding,"5,00,000",,Gurugram,Consumer Internet,500000,10/11/2016
1290,12/10/2016,ZipLoan,Consumer Internet,online lending platform,New Delhi,"GrowX Ventures, Sunil Kalra, Arun Venkatachalam,\\xc2\\xa0 Badal Malick",Seed Funding,,,New Delhi,Consumer Internet,,10/12/2016
1291,13/10/2016,FabAlley,ecommerce,online fashion brand store,Noida,"India Quotient, FAO Ventures, Indian Angel Network, Tushar Singh, Ranjan Sharma",Private Equity,"20,00,000",,Noida,E-Commerce,2000000,10/13/2016
1292,13/10/2016,Shoekonnect,eCommerce,B2B Marketplace for Shoes,Agra,Indian Angel Network,Seed Funding,,,Agra,E-Commerce,,10/13/2016
1293,13/10/2016,Maya,Consumer Internet,Womens Health Tracker App,Bengaluru,Rajan Anandan,Seed Funding,,,Bengaluru,Consumer Internet,,10/13/2016
1294,13/10/2016,RoboVac,Technology,waterless car washing solution,Ahmedabad,Virendra Patel,Seed Funding,"4,50,000",,Ahmedabad,Technology,450000,10/13/2016
1295,14/10/2016,Newspatrolling,Consumer Internet,Online News portal,New Delhi,Undisclosed,Seed Funding,"25,000",,New Delhi,Consumer Internet,25000,10/14/2016
1296,14/10/2016,Postman,Consumer Internet,API Platform,Bengaluru,Nexus Venture Partners,Private Equity,"70,00,000",,Bengaluru,Consumer Internet,7000000,10/14/2016
1297,14/10/2016,ISFC,Finance,Education Sector Lending,Hyderabad,Gray Matters Capital,Private Equity,"60,00,000",,Hyderabad,Finance,6000000,10/14/2016
1298,14/10/2016,BeatRoute,Technology,SAAS based mobile application platform,Gurugram,Quarizon Consultancy Services LLP,Seed Funding,,,Gurugram,Technology,,10/14/2016
1299,14/10/2016,Kidsstoppress,Consumer Internet,Parenting and Baby care Platform,Mumbai,Karan Bhagat,Seed Funding,,,Mumbai,Consumer Internet,,10/14/2016
1300,14/10/2016,Innov8,Consumer Internet,Co-Working Spaces aggregator,Bengaluru,Punit Soni,Seed Funding,,,Bengaluru,Consumer Internet,,10/14/2016
1301,15/10/2016,DailyHunt,Consumer Internet,Vernacular content mobile app,Bengaluru,"ByteDance, Arun Sarin, Matrix Partners, Sequoia Capital India, Omidyar Network,\\xc2\\xa0 Falcon Edge",Private Equity,"2,50,00,000",,Bengaluru,Consumer Internet,25000000,10/15/2016
1302,15/10/2016,Tazzo Bikes,Consumer Internet,Motorbike rental platform,Hyderabad,DSG Consumer Partners,Seed Funding,"2,27,000",,Hyderabad,Consumer Internet,227000,10/15/2016
1303,15/10/2016,MyKindofJob,Consumer Internet,Internet & Fresher Job platform,Mumbai,"Mayank Shah, Shreyans Shah",Seed Funding,"10,00,000",,Mumbai,Consumer Internet,1000000,10/15/2016
1304,17/10/2016,Trilyo,Technology,B2B SAAS based product,Bengaluru,"Vishnu Bhat, Rajiv Lunkad, Naresh Ravindranath",Seed Funding,,,Bengaluru,Technology,,10/17/2016
1305,17/10/2016,Rooter,Consumer Internet,Sports Social Network mobile app,New Delhi,"Boman Irani, Dhruv Chitgopekar, Prantik Dasgupta",Seed Funding,,,New Delhi,Consumer Internet,,10/17/2016
1306,17/10/2016,Yumigo,Consumer Internet,App based Travel Discovery and Transactions platform,Gurugram,Hemant Sahni,Seed Funding,"3,00,000",,Gurugram,Consumer Internet,300000,10/17/2016
1307,17/10/2016,Rentalpha,Others,equipment rental and leasing company,Mumbai,Bravia Capital,Private Equity,"1,60,00,000",,Mumbai,Others,16000000,10/17/2016
1308,18/10/2016,3Dexter,Technology,3D Printing Solutions for Edu space,New Delhi,Newbie Promoters,Seed Funding,"1,50,000",,New Delhi,Technology,150000,10/18/2016
1309,18/10/2016,BabyChakra,Consumer Internet,Parenting and Child Care portal,Mumbai,RoundGlass Partners,Private Equity,,,Mumbai,Consumer Internet,,10/18/2016
1310,18/10/2016,Coppre,eCommerce,Copper based items etailer,Pune,Ganesh Natarajan,Seed Funding,,,Pune,E-Commerce,,10/18/2016
1311,18/10/2016,MySUN,Technology,Solar Energy harnessing products marketplace,Noida,General Catalyst Partners,Private Equity,"25,00,000",,Noida,Technology,2500000,10/18/2016
1312,18/10/2016,ePathsala,Technology,Cloud based ERP for Accreditation & ICT,Bengaluru,"Hyderabad Angels, TLabs",Seed Funding,,,Bengaluru,Technology,,10/18/2016
1313,19/10/2016,Furlenco,Consumer Internet,Online Furniture Rental platform,Bengaluru,"Lightbox Ventures, Axis Capital & Others",Private Equity,"3,00,00,000",,Bengaluru,Consumer Internet,30000000,10/19/2016
1314,19/10/2016,Fisdom,Consumer Internet,Personal Wealth Management Platform & App,Bengaluru,"Saama Capital, Raghunandan G, Aprameya Radhakrishna",Private Equity,"11,00,000",,Bengaluru,Consumer Internet,1100000,10/19/2016
1315,19/10/2016,Actofit,Technology,Wearable Technology platform & devices,Mumbai,Next Orbit Ventures Fund,Private Equity,"7,50,000",,Mumbai,Technology,750000,10/19/2016
1316,20/10/2016,Stayology,Consumer Internet,Stay & Travel related services,Bengaluru,Ranjan Pai,Seed Funding,,,Bengaluru,Consumer Internet,,10/20/2016
1317,20/10/2016,Hipcask,Consumer Internet,Alcoholic beverage discovery platform,Mumbai,Mobikon,Seed Funding,,,Mumbai,Consumer Internet,,10/20/2016
1318,20/10/2016,RailYatri,Consumer Internet,Train Travel Info mobile app,Noida,"Helion Ventures, Blume ventures",Private Equity,,,Noida,Consumer Internet,,10/20/2016
1319,21/10/2016,ChatOnGo,Consumer Internet,Hyperlocal\\xc2\\xa0 Communication Mobile app,Mumbai,Janak Jain,Seed Funding,"3,00,000",,Mumbai,Consumer Internet,300000,10/21/2016
1320,23/10/2016,WOTU,eCommerce,B2B Marketplace for traders,Bengaluru,KAE capital,Seed Funding,,,Bengaluru,E-Commerce,,10/23/2016
1321,24/10/2016,Healthians,Consumer Internet,Health Test Discovery & Ordering service,Gurugram,BEENEXT,Private Equity,"30,00,000",,Gurugram,Consumer Internet,3000000,10/24/2016
1322,24/10/2016,Box8,Consumer Internet,Online Food Ordering platform/App,Mumbai,"IIFL Seed Ventures Fund, Mayfield Ventures",Private Equity,"75,00,000",,Mumbai,Consumer Internet,7500000,10/24/2016
1323,25/10/2016,Kredx,eCommerce,Invoice discounting marketplace,Bengaluru,Sequoia Capital,Private Equity,"60,00,000",,Bengaluru,E-Commerce,6000000,10/25/2016
1324,25/10/2016,CreditMate,Consumer Internet,Credit Report Info platform,Mumbai,India Quotient,Seed Funding,"5,00,000",,Mumbai,Consumer Internet,500000,10/25/2016
1325,25/10/2016,Pickrr,Technology,Courier Logistics & Order management Solutions,New Delhi,Swastika Company Ltd,Seed Funding,,,New Delhi,Technology,,10/25/2016
1326,25/10/2016,SatvaKart,eCommerce,Online Grocery Etailer,Gurugram,Nimit Panigrahi,Seed Funding,,,Gurugram,E-Commerce,,10/25/2016
1327,25/10/2016,SooperMO,Technology,Android utility app suite creator,Gurugram,Lalit Vase,Seed Funding,"1,00,000",,Gurugram,Technology,100000,10/25/2016
1328,26/10/2016,OrangeTwig,Consumer Internet,Social Media Marketing platform,New Delhi,Undisclosed investor,Seed Funding,"10,00,000",,New Delhi,Consumer Internet,1000000,10/26/2016
1329,26/10/2016,Wooplr,Consumer Internet,Fashion Discovery App,Bengaluru,"Astarc Ventures, Anand Chandrasekaran",Seed Funding,,,Bengaluru,Consumer Internet,,10/26/2016
1330,26/10/2016,The Kettlery,eCommerce,Online Tea Etailer,Ahmedabad,"hooting Starts Sports LLP, Franchise India Brands",Private Equity,"10,00,000",,Ahmedabad,E-Commerce,1000000,10/26/2016
1331,27/10/2016,Idea Bubbles,Consumer Internet,Doctor Consulting platform,Bengaluru,"1Crowd, Eureka Forbes Ltd, Shapoorji Pallonji & Co. Ltd.",Private Equity,"7,00,000",,Bengaluru,Consumer Internet,700000,10/27/2016
1332,27/10/2016,FR8,Technology,Truck Fleet Operation platform,Chennai,Omnivore Partners,Private Equity,"9,71,000",,Chennai,Technology,971000,10/27/2016
1333,27/10/2016,Ather Energy,Technology,Electric Vehicle Manufacturer,Bengaluru,Hero MotoCorp,Private Equity,"2,70,00,000",,Bengaluru,Technology,27000000,10/27/2016
1334,28/10/2016,Pikkol,Logistics,Relocation Service provider,Bengaluru,"Ajay Nanavati, Afsal Salu",Seed Funding,,,Bengaluru,Logistics,,10/28/2016
1335,29/10/2016,Velmenni,Technology,LiFi based wireless communication provider,New Delhi,Kalaari Capital,Seed Funding,"1,00,000",,New Delhi,Technology,100000,10/29/2016
1336,29/10/2016,Volta Motors,Technology,Electric Bike Manufacturer,Chennai,Kalaari Capital,Seed Funding,"1,00,000",,Chennai,Technology,100000,10/29/2016
1337,29/10/2016,Cyclops,Technology,Clinical and Wearable Diagnostic Product creator,Bengaluru,Kalaari Capital,Seed Funding,"1,00,000",,Bengaluru,Technology,100000,10/29/2016
1338,30/10/2016,Impact Analytics,Technology,Business intelligence and data science Startup,Bengaluru,"Aarin Capital, Michael Herzig, Ashish Lakhanpal",Private Equity,"7,50,000",,Bengaluru,Technology,750000,10/30/2016
1339,31/10/2016,Talent Next,Consumer Internet,Talent Discovery & Audition management platform,Mumbai,Karanpal Singh & Others,Seed Funding,"10,00,000",,Mumbai,Consumer Internet,1000000,10/31/2016
1340,1/9/2016,Mad Street Den,Technology,Artificial Intelligence platform,Chennai,"Sequoia India, Exfinity Ventures, growX ventures,",Private Equity,,,Chennai,Technology,,9/1/2016
1341,1/9/2016,Mihup,Technology,Personal Digital Assistant,Kolkata,Accel Partners,Private Equity,"67,00,000",,Kolkata,Technology,6700000,9/1/2016
1342,1/9/2016,Renowala,eCommerce,Home Improvement Marketplace,Hyderabad,Pradeep Dhobale,Seed Funding,,,Hyderabad,E-Commerce,,9/1/2016
1343,1/9/2016,Lucideus,Technology,IT Risk Assessment and Digital Security Services provider.,New Delhi,Amit Choudhary,Seed Funding,,,New Delhi,Technology,,9/1/2016
1344,4/9/2016,Trackbizz,Technology,Field Force Automation System,Kochi,Grasshoppers,Private Equity,,,Kochi,Technology,,9/4/2016
1345,5/9/2016,Social Quotient,Technology,Platform for Social Causes,Mumbai,"Anita Dongre, Yash Dongre, Milind Sarwate",Seed Funding,,,Mumbai,Technology,,9/5/2016
1346,5/9/2016,Stalk Buy Love,eCommerce,Fashion Apparel eTailer,New Delhi,William Bissel,Seed Funding,,,New Delhi,E-Commerce,,9/5/2016
1347,6/9/2016,eShakti,eCommerce,Women\xe2\x80\x99s Fashion Apparel eTailer,Chennai,"Infina Finance Pvt. Ltd, Uday Kotak",Private Equity,"13,50,000",,Chennai,E-Commerce,1350000,9/6/2016
1348,6/9/2016,CheersOye!,Consumer Internet,Online Gift Vouchers platform,Mumbai,Undisclosed Investors,Seed Funding,"5,00,000",,Mumbai,Consumer Internet,500000,9/6/2016
1349,6/9/2016,Lenskart,eCommerce,Online Eyewear eTailer,New Delhi,PremjiInvest,Private Equity,,,New Delhi,E-Commerce,,9/6/2016
1350,6/9/2016,BigStylist,Consumer Internet,Hyperlocal doorstep Beauty Services provider,Mumbai,Info Edge (India) Ltd,Private Equity,"9,00,000",,Mumbai,Consumer Internet,900000,9/6/2016
1351,7/9/2016,Zilingo,eCommerce,Online Fashion Retailer,Bangalore/ Bangkok,"Venturra Capital, Sequoia India, Susquehanna International Group.\\xc2\\xa0 Wavemaker Partners, Beenext, Beenos, Digital Garage",Private Equity,"80,00,000",,Bengaluru,E-Commerce,8000000,9/7/2016
1352,7/9/2016,Alternacare,Consumer Internet,Online Doctor Consulting platform,New Delhi,Eros Labs,Seed Funding,"5,00,000",,New Delhi,Consumer Internet,500000,9/7/2016
1353,7/9/2016,Simplilearn,Education,Online Certification programs,Bengaluru,InnoVen Capital India,Private Equity,"60,00,000",,Bengaluru,Education,6000000,9/7/2016
1354,7/9/2016,Prozo,eCommerce,Study Material Marketplace,Gurugram,"Earlsfield Capital, Sailender Solanki, Rajiv Solanki",Seed Funding,"3,15,000",,Gurugram,E-Commerce,315000,9/7/2016
1355,8/9/2016,TopRankers,Education,Online Test Preparation platform,Bengaluru,"CareerNet Consulting Pvt. Ltd, Ideation Initiative Pvt. Ltd,",Seed Funding,"6,70,000",,Bengaluru,Education,670000,9/8/2016
1356,8/9/2016,BuildTraders,eCommerce,Online Construction Materials Marketplace,Bengaluru,Idein Ventures,Seed Funding,"2,00,000",,Bengaluru,E-Commerce,200000,9/8/2016
1357,9/9/2016,Byju\\xe2\\x80\\x99s,Education,Online Learning App,Bengaluru,"Chan Zuckerberg Initiative, Times Internet Ltd, Sequoia Capital, Sofina, Lightspeed Ventures",Private Equity,"5,00,00,000",,Bengaluru,Education,50000000,9/9/2016
1358,9/9/2016,NoBroker,Consumer Internet,Online Home Rental platform,Bengaluru,Anand Chandrasekaran,Seed Funding,,,Bengaluru,Consumer Internet,,9/9/2016
1359,10/9/2016,Freshboxx,eCommerce,Fruits & vegetable eTailer,Hubli,Ravi Linganuri,Seed Funding,,,Hubli,E-Commerce,,9/10/2016
1360,10/9/2016,CureInstant,Consumer Internet,Social Health Networking Platform,New Delhi,Dr. Rameshwar Kumar,Seed Funding,"1,50,000",,New Delhi,Consumer Internet,150000,9/10/2016
1361,10/9/2016,Poshtic,Consumer Internet,Online health & Wellness platform,Noida,"havya Sharma, Amit Nagar",Seed Funding,"4,50,000",,Noida,Consumer Internet,450000,9/10/2016
1362,10/9/2016,KarmaCircles,Consumer Internet,Peer-to-peer Social Learning platform,New Delhi,"Harinder Takhar, Zain Raj, Dr. Prasad Kaipa, Abaran Deep, Aseem Sood, Mustafa Patni",Seed Funding,,,New Delhi,Consumer Internet,,9/10/2016
1363,12/9/2016,Purple Style Labs,Consumer Internet,Personal Styling Online platform,Mumbai,"Augment Ventures, Rahul Kayan, Nikhil Golcha, Shubham Gupta, Roy Kwan",Seed Funding,"4,48,000",,Mumbai,Consumer Internet,448000,9/12/2016
1364,12/9/2016,Inuxu,Technology,Online Advertising Solutions,Pune,Fork Media,Private Equity,"30,00,000",,Pune,Technology,3000000,9/12/2016
1365,12/9/2016,Nykaa,eCommerce,Online Beauty products eTailer,Mumbai,"Sunil Munjal, Mariwala family",Private Equity,"1,23,00,000",,Mumbai,E-Commerce,12300000,9/12/2016
1366,12/9/2016,Glam Studios,Consumer Internet,Beauty Salon Aggregator,Noida,"Pradeep Mirani, Aqeel Ahmed, Anand Ladsariya, Nitin Agarwal",Seed Funding,"3,00,000",,Noida,Consumer Internet,300000,9/12/2016
1367,13/09/2016,Findow,Consumer Internet,Fashion Discovery Mobile app,Bengaluru,Raj Singh Bhandal,Seed Funding,,,Bengaluru,Consumer Internet,,9/13/2016
1368,13/09/2016,IdeaChakki,Consumer Internet,Restaurant Menu & Food mobile app,New Delhi,Ratan Tata,Seed Funding,,,New Delhi,Consumer Internet,,9/13/2016
1369,13/09/2016,ShoeKonnect,eCommerce,Footwear & Leather B2B App,Agra,Indian Angels Network,Seed Funding,,,Agra,E-Commerce,,9/13/2016
1370,13/09/2016,NearBuy,Consumer Internet,Online Deals & Discount platform,Gurugram,BlackSoil Capital Pvt. Ltd.,Private Equity,"25,00,000",,Gurugram,Consumer Internet,2500000,9/13/2016
1371,14/09/2016,ZeroInfy,Consumer Internet,Online Video Lectures platform,Kolkata,Calcutta Angels Network,Seed Funding,,,Kolkata,Consumer Internet,,9/14/2016
1372,14/09/2016,Flocareer,Consumer Internet,Jobs & Skill Validation platform,Bengaluru,"Balasubramanian Krishnamurthy, Sidhartha Hazarika & Others",Seed Funding,"1,50,000",,Bengaluru,Consumer Internet,150000,9/14/2016
1373,14/09/2016,LensPick,eCommerce,eyewear eTailer,Bengaluru,Scadea Solutions Inc,Private Equity,,,Bengaluru,E-Commerce,,9/14/2016
1374,15/09/2016,infeedo,Consumer Internet,Employee engagement platform,Gurugram,"Dheeraj Jain, Palash Jain, Anupam Mittal, Ameera Shah,\\xc2\\xa0 Vivek Bhargava, Rahul Singh, Ambarish Gupta,",Seed Funding,"2,00,000",,Gurugram,Consumer Internet,200000,9/15/2016
1375,15/09/2016,Furlenco,eCommerce,Online furniture rental startup,Bengaluru,Lightbox Ventures and others,Private Equity,"50,00,000",,Bengaluru,E-Commerce,5000000,9/15/2016
1376,15/09/2016,GoPigeon,Consumer Internet,on-demand logistics service provider,Bengaluru,Nexus Venture Partners,Private Equity,"15,00,000",,Bengaluru,Consumer Internet,1500000,9/15/2016
1377,16/09/2016,NewsDistill,Consumer Internet,City based News Aggregator App,Hyderabad,"Ganesh Narasimhan, Ramana Thumu, Sudhir Mallem",Seed Funding,"1,00,000",,Hyderabad,Consumer Internet,100000,9/16/2016
1378,16/09/2016,DoctorInsta,Consumer Internet,Online Doctor Consultations,Gurugram,RoundGlass Partners,Private Equity,"10,00,000",,Gurugram,Consumer Internet,1000000,9/16/2016
1379,19/09/2016,Milofy,Consumer Internet,Couple Socialization App,Bengaluru,Accel Partners,Seed Funding,"7,50,000",,Bengaluru,Consumer Internet,750000,9/19/2016
1380,19/09/2016,Liqvid,Technology,Integrated eLearning content solutions,New Delhi,Gray Matters Capital,Private Equity,,,New Delhi,Technology,,9/19/2016
1381,19/09/2016,Swiggy,Consumer Internet,Online Food Ordering & Delivery,Bengaluru,Bessemer Venture Partners,Private Equity,"1,50,00,000",,Bengaluru,Consumer Internet,15000000,9/19/2016
1382,20/09/2016,Codemojo,Consumer Internet,Customer Engagement Platform,Bengaluru,CIO Angel Network,Seed Funding,,,Bengaluru,Consumer Internet,,9/20/2016
1383,20/09/2016,JustLikeNew,eCommerce,Online gadget Repair Services Marketplace,Hyderabad,LetsVenture,Seed Funding,"5,00,000",,Hyderabad,E-Commerce,500000,9/20/2016
1384,20/09/2016,JoeHukum,Technology,Enterprise customer engagement solutions,New Delhi,Sumit Jain,Seed Funding,,,New Delhi,Technology,,9/20/2016
1385,21/09/2016,Co Life,Consumer Internet,shared living and working spaces platform,Bengaluru,Undisclosed Investors,Seed Funding,"10,00,000",,Bengaluru,Consumer Internet,1000000,9/21/2016
1386,21/09/2016,PurpleDocs,Consumer Internet,Electronic Health care records platform,Vadodara,"KellyGamma, Lead Angels & Others",Seed Funding,,,Vadodara,Consumer Internet,,9/21/2016
1387,21/09/2016,Pepperfry,eCommerce,Furniture eTailer,Mumbai,"Goldman Sachs Group, Zodius Technology Fund, Norwest Venture Partners, Bertelsmann India",Private Equity,"3,13,00,000",,Mumbai,E-Commerce,31300000,9/21/2016
1388,21/09/2016,eQuickies,eCommerce,Online Book etailer,Ahmedabad,Lothal Angel Ventures,Seed Funding,"2,98,000",,Ahmedabad,E-Commerce,298000,9/21/2016
1389,21/09/2016,Khel Now,Consumer Internet,Mobile-based social networking platform,New Delhi,Anglian Omega Network,Seed Funding,"3,50,000",,New Delhi,Consumer Internet,350000,9/21/2016
1390,22/09/2016,Gadgetwood,Consumer Internet,On-Demand Gadget repair services platform,New Delhi,Carpediem Capital,Private Equity,"60,00,000",,New Delhi,Consumer Internet,6000000,9/22/2016
1391,22/09/2016,DailyRounds,Consumer Internet,Mobile App for Doctors,Bengaluru,"Accel Partners, Beenext, Powerhouse Ventures, Akusa Holdings",Private Equity,,,Bengaluru,Consumer Internet,,9/22/2016
1392,22/09/2016,Flixy Games,Technology,Mobile Game Publisher for Indian audience,Bengaluru,Rebright Partners,Seed Funding,"4,25,000",,Bengaluru,Technology,425000,9/22/2016
1393,22/09/2016,HashTaag,Technology,Mobile App Development company,Bengaluru,Undisclosed investors,Seed Funding,"10,00,000",,Bengaluru,Technology,1000000,9/22/2016
1394,22/09/2016,PharmaRack,Technology,SAAS application for Pharma Industry,Pune,"Currae Healthtech Fund, Unicorn India Ventures",Private Equity,"7,45,000",,Pune,Technology,745000,9/22/2016
1395,23/09/2016,\\xc2\\xa0CloudCherry,Technology,CRM SAAS Platform,Chennai,"Vertex Ventures, Cisco Ventures, IDG Ventures",Private Equity,"60,00,000",,Chennai,Technology,6000000,9/23/2016
1396,23/09/2016,Parentlane,Consumer Internet,Social Platform for babycare and parenting,Bengaluru,Rohit MA,Seed Funding,,,Bengaluru,Consumer Internet,,9/23/2016
1397,23/09/2016,First Moms Club,Consumer Internet,Social Network for Mothers,Mumbai,Idea Wave Labs,Seed Funding,,,Mumbai,Consumer Internet,,9/23/2016
1398,23/09/2016,inMotion,Technology,Financial platform for daily wage earning communities,Noida,"Prashant Tandon, Gaurav Agarwal, Gaurav Bhogle, Shrishti Sahu, Shantanu Mathur, Prabhat Aggarwal",Seed Funding,,,Noida,Technology,,9/23/2016
1399,26/09/2016,Let\xe2\x80\x99s Barter,Consumer Internet,Goods & Services Barter Platform,New Delhi,Scale Ventures Funds,Seed Funding,,,New Delhi,Consumer Internet,,9/26/2016
1400,26/09/2016,EvenGini,Consumer Internet,Event Registration and Ticketing platform,Chennai,Procam International Pvt. Ltd,Private Equity,,,Chennai,Consumer Internet,,9/26/2016
1401,27/09/2016,TinyStep,Consumer Internet,Parenting Network Platform,Bengaluru,Flipkart Logistics Pvt. Ltd,Private Equity,"15,80,000",,Bengaluru,Consumer Internet,1580000,9/27/2016
1402,27/09/2016,Canvs,Consumer Internet,Community Platform for Artists and Designers,Mumbai,Pratik Seal,Seed Funding,,,Mumbai,Consumer Internet,,9/27/2016
1403,28/09/2016,Beardo,eCommerce,Mens Grooming products etailer,Ahmedabad,Venture Catalysts,Seed Funding,"5,00,000",,Ahmedabad,E-Commerce,500000,9/28/2016
1404,28/09/2016,Instacar,Consumer Internet,Out-Station Taxi Rental Platform,Indore,Swastika Co Ltd.,Seed Funding,"10,00,000",,Indore,Consumer Internet,1000000,9/28/2016
1405,28/09/2016,Celes Care,Consumer Internet,Virtual Health Clinic for Women,Hyderabad,Endiya Partners,Seed Funding,"10,00,000",,Hyderabad,Consumer Internet,1000000,9/28/2016
1406,28/09/2016,Druva,Technology,Cloud Based Data Protection Solution,Pune,"Sequoia India, EDBI, Blue Cloud Ventures, Hercules Capital",Private Equity,"5,10,00,000",,Pune,Technology,51000000,9/28/2016
1407,29/09/2016,Promon,eCommerce,Local Commerce Platform,New Delhi,Now Capital,Seed Funding,"1,80,000",,New Delhi,E-Commerce,180000,9/29/2016
1408,29/09/2016,Fastudent,eCommerce,Education eCommerce platform,Noida,"Kanwaljit Singh, Ajay Lakhotia, Pavan Ongole, Ashish Gupta",Seed Funding,,,Noida,E-Commerce,,9/29/2016
1409,29/09/2016,Unocoin,Consumer Internet,Bitcoin Wallet,Bengaluru,"Blume Ventures, Mumbai Angels, ah! Ventures, Digital Currency Group, Boost VC, Bank to the Future and Funders Club",Private Equity,"15,00,000",,Bengaluru,Consumer Internet,1500000,9/29/2016
1410,30/09/2016,Demyto,Consumer Internet,Vehicle maintenance Services platform,Pune,Deepak Nathani,Seed Funding,,,Pune,Consumer Internet,,9/30/2016
1411,30/09/2016,Zeta,Technology,Enterprise Cloud Solutions,Mumbai,Bhavin Turakhia,Private Equity,"1,90,00,000",,Mumbai,Technology,19000000,9/30/2016
1412,30/09/2016,Kalaage,Consumer Internet,Social Networking Platform for Writers,Jaipur,Rajasthan Angel Innovators Network,Seed Funding,,,Jaipur,Consumer Internet,,9/30/2016
1413,1/8/2016,HealthKart,eCommerce,Online Pharmacy & Health Marketplace,Gurugram,"Sequoia Capital India, Omidyar Network, Kae Capital",Private Equity,"1,20,00,000",,Gurugram,E-Commerce,12000000,8/1/2016
1414,1/8/2016,Medinfi,Consumer Internet,Doctor & Clinic\\xc2\\xa0 Discovery Platform,Bengaluru,"Mudit Saxena, Evan Lim",Seed Funding,"2,00,000",,Bengaluru,Consumer Internet,200000,8/1/2016
1415,1/8/2016,RepairEasy,Consumer Internet,Gadget Repair Services Platform,Pune,Undisclosed HNIs,Seed Funding,"2,75,000",,Pune,Consumer Internet,275000,8/1/2016
1416,1/8/2016,Voonik,eCommerce,Online Women\\xe2\\x80\\x99s Fashion Marketplace,Bengaluru,InnoVen Capital,Private Equity,"30,00,000",,Bengaluru,E-Commerce,3000000,8/1/2016
1417,1/8/2016,Tokri,Consumer Internet,Hyperlocal Grocery Delivery platform,Pune,Syska LED group,Private Equity,"25,00,000",,Pune,Consumer Internet,2500000,8/1/2016
1418,2/8/2016,Sheroes,Consumer Internet,Online Job and Career Platform for Women,Noida,"Lumis Partners, The HR Fund, Rajul Garg, Quintillion Media",Private Equity,"18,00,000",,Noida,Consumer Internet,1800000,8/2/2016
1419,2/8/2016,Daily Ninja,Consumer Internet,Hyperlocal daily needs Products delivery platform,Bengaluru,"Venk Krishnan, Aprameya Radhakrishna, Anupam Mittal, Kunal Shah, Tracxn Labs, Subramanya SV, Ravi Garkipati",Seed Funding,,,Bengaluru,Consumer Internet,,8/2/2016
1420,2/8/2016,Yumlane,Food & Beverage,Retail Food & Snack Offline centres,Mumbai,"Binny Bansal, Anupam Mittal, Sachin Bhatia, Darius Pandole, Kunal Khattar, Dheerag Jain",Seed Funding,"10,00,000",,Mumbai,Food & Beverage,1000000,8/2/2016
1421,3/8/2016,Xcode,Healthcare,Personal Genomics,Chennai,RoundGlass Partners,Private Equity,,,Chennai,Healthcare,,8/3/2016
1422,3/8/2016,ExtraCarbon,Consumer Internet,Waste Recycle Management platform,Gurugram,Brand Capital,Seed Funding,"2,25,000",,Gurugram,Consumer Internet,225000,8/3/2016
1423,3/8/2016,FlickBay,Consumer Internet,Mobile Based Bollywood Discovery platform,Mumbai,Paul Roy,Seed Funding,"8,90,000",,Mumbai,Consumer Internet,890000,8/3/2016
1424,4/8/2016,Petoo,Consumer Internet,Food Delivery Platform,Bengaluru,Existing Investors,Seed Funding,"5,00,000",,Bengaluru,Consumer Internet,500000,8/4/2016
1425,4/8/2016,lehlehsports,Others,Sports Arena discovery,New Delhi,Anglian Omega Network,Seed Funding,,,New Delhi,Others,,8/4/2016
1426,5/8/2016,Tricog,Healthcare,Healthcare Analytics Platform,Bengaluru,"Inventus Capital Partners, Blume Ventures & Others",Private Equity,,,Bengaluru,Healthcare,,8/5/2016
1427,6/8/2016,VST Travels,Technology,Travel Ticket Booking Software,Kerala,Promatus Group,Seed Funding,"27,000",,Unknown,Technology,27000,8/6/2016
1428,8/8/2016,AdPushUp,Technology,Ad optimization Platform,New Delhi,"Geniee, Inc, Purvi Capital",Private Equity,,,New Delhi,Technology,,8/8/2016
1429,8/8/2016,Wefly Indoor Skydiving,Others,Indoor Skydiving Sports Provider,Mumbai,Swastika Company Ltd.,Seed Funding,"40,000",,Mumbai,Others,40000,8/8/2016
1430,8/8/2016,Mojarto,eCommerce,"Original Art, Digital Prints etailer",Gurugram,Undisclosed Investors,Seed Funding,"4,45,000",,Gurugram,E-Commerce,445000,8/8/2016
1431,8/8/2016,Zipgrid,Consumer Internet,Community services platform,Mumbai,1Crowd (through crowd funding),Seed Funding,"2,00,000",,Mumbai,Consumer Internet,200000,8/8/2016
1432,9/8/2016,MobiDent,Healthcare,Dental Protection Solution,Bengaluru,Centre for Innovation Incubation and Entrepreneurship (CIIE),Seed Funding,,,Bengaluru,Healthcare,,8/9/2016
1433,9/8/2016,Zeolr/RespirON,Technology,Healthcare related IoT platform,New Delhi,Centre for Innovation Incubation and Entrepreneurship (CIIE),Seed Funding,,,New Delhi,Technology,,8/9/2016
1434,10/8/2016,Vebbler,Consumer Internet,Photo Sharing Mobile App,Bengaluru,"Anupam Mittal, Sharad Sharma & 14 others",Seed Funding,"5,00,000",,Bengaluru,Consumer Internet,500000,8/10/2016
1435,10/8/2016,Bombay Shaving Company,eCommerce,Men\\xe2\\x80\\x99s Grooming Product etailer,New Delhi,"Noshir Kaka, Subramanian Ramadorai, Kiran Deshpande, Pankaj Gupta, Ravi Nigam & Others",Seed Funding,"6,00,000",,New Delhi,E-Commerce,600000,8/10/2016
1436,11/8/2016,Travelyaari,Consumer Internet,Online ticket booking platform,Bengaluru,"Gujarat Venture Finance Limited (GVFL), Bennett Coleman & Co. Ltd",Private Equity,"70,00,000",,Bengaluru,Consumer Internet,7000000,8/11/2016
1437,11/8/2016,91SpringBoard,Consumer Internet,Co-Working Spaces Discovery & Booking platform,Mumbai,"Khattar Holdings, ThirtyThree Investments, Soumitra Sharma, Deepak Sharma, Sumit Dayal and others",Private Equity,,,Mumbai,Consumer Internet,,8/11/2016
1438,11/8/2016,Genextstudents,Consumer Internet,Online Tutoring Service provider,Mumbai,1Crowd (through crowdfunding),Seed Funding,"2,09,000",,Mumbai,Consumer Internet,209000,8/11/2016
1439,11/8/2016,Zenoti,Technology,Cloud Based Software Solutions Provider,Hyderabad,"Norwest Venture Partners, Accel India",Private Equity,"1,50,00,000",,Hyderabad,Technology,15000000,8/11/2016
1440,12/8/2016,Crofarm,Technology,Agri-Tech supply chain Solution provider,Gurugram,"Mukul Singhal, Rohit Jain, Himanshu Aggrawal, Sunil Goyal Ashish Gupta,",Private Equity,"15,00,000",,Gurugram,Technology,1500000,8/12/2016
1441,12/8/2016,Faircent.com,Consumer Internet,peer-to-peer lending platform,Gurugram,Brand Capital,Private Equity,"15,00,000",,Gurugram,Consumer Internet,1500000,8/12/2016
1442,12/8/2016,Innovaccer,Technology,Integrated Enterprise Analytics Platform,Noida,Westbridge Capital Partners,Private Equity,"1,56,00,000",,Noida,Technology,15600000,8/12/2016
1443,12/8/2016,Cuberoot,Technology,Data Analytics & Audience Management Platform,Gurugram,Undisclosed Investors,Seed Funding,"5,00,000",,Gurugram,Technology,500000,8/12/2016
1444,12/8/2016,Funcastic,Consumer Internet,B2C vernacular podcast aggregator platform,New Delhi,"HT Media Ltd, North Base Media",Seed Funding,,,New Delhi,Consumer Internet,,8/12/2016
1445,15/08/2016,Buttercups,ECommerce,Women Intimate Wear eTailer,Bengaluru,"Anand Chandrasekaran, Kanwaljit Singh, Manoj Varghese",Seed Funding,,,Bengaluru,E-Commerce,,8/15/2016
1446,16/08/2016,Zappfresh,ECommerce,Raw Meat Products eTailer,Gurugram,Ashvin Chadha,Seed Funding,,,Gurugram,E-Commerce,,8/16/2016
1447,16/08/2016,OyoRooms,Consumer Internet,Budget Hotels Aggregator,New Delhi,SoftBank Group,Private Equity,"6,20,00,000",,New Delhi,Consumer Internet,62000000,8/16/2016
1448,16/08/2016,Hike,Consumer Internet,Mobile Messaging App,New Delhi,"Tencent Holdings, Foxconn Technology Group, Tiger Global, SoftBank Group, Bharti Enterprises",Private Equity,"17,50,00,000",,New Delhi,Consumer Internet,175000000,8/16/2016
1449,16/08/2016,Joolz,eCommerce,Online Jewellery Store,Mumbai,"Powerhouse Ventures, M&S Partners",Private Equity,"5,00,000",,Mumbai,E-Commerce,500000,8/16/2016
1450,16/08/2016,SaleBhai,eCommerce,"Sweets, Dry Fruits & Handicrafts etailer",Ahmedabad,Brand Capital,Private Equity,"15,00,000",,Ahmedabad,E-Commerce,1500000,8/16/2016
1451,16/08/2016,Makkajai,Technology,Online & Mobile learning for kids,Pune,"Anand Chandrasekaran, Ananth Narayanan, Mekin Maheshwari, Ravi Garikipati, Divyesh Shah, Swastika Company Ltd",Seed Funding,"2,50,000",,Pune,Technology,250000,8/16/2016
1452,16/08/2016,Gradopedia,Consumer Internet,Career progression Portal,Mumbai,Undisclosed Dubai based HNIs,Seed Funding,,,Mumbai,Consumer Internet,,8/16/2016
1453,17/08/2016,MaalGaadi,Logistics,Online Logistics Marketplace,Indore,"Swan Angel Network,Sachin Khandelwal and others",Seed Funding,"3,75,000",,Indore,Logistics,375000,8/17/2016
1454,17/08/2016,ZiPi,Technology,Mobile Chatbot App,Bengaluru,Swan Angel Network,Seed Funding,,,Bengaluru,Technology,,8/17/2016
1455,17/08/2016,Appknox,Technology,Mobile security solutions,Bengaluru,"SeedPlus, Infocomm Investments, Accel Partners RNT Associates",Private Equity,"6,75,000",,Bengaluru,Technology,675000,8/17/2016
1456,17/08/2016,Pikkol,Logistics,Packers & Movers,Bengaluru,Indian Angel Network,Seed Funding,,,Bengaluru,Logistics,,8/17/2016
1457,18/08/2016,Meesho,eCommerce,Mobile based eCommerce SAAS platform,Bengaluru,"Kashyap Deorah, Rajul Garg, Maninder Gulati",Seed Funding,,,Bengaluru,E-Commerce,,8/18/2016
1458,18/08/2016,Sesame Software,Technology,Financial Technology Solutions Provider,Kozhikode,Speridian Technologies,Private Equity,,,Kozhikode,Technology,,8/18/2016
1459,19/08/2016,Quikr,Consumer Internet,Classified Listings platform,Mumbai,Brand Capital,Private Equity,"2,00,00,000",,Mumbai,Consumer Internet,20000000,8/19/2016
1460,19/08/2016,Digio,Technology,Aadhar based Document Signing platform,Bengaluru,Rainmatter,Private Equity,"3,75,000",,Bengaluru,Technology,375000,8/19/2016
1461,19/08/2016,Ziffity,Technology,Full Service Ecommerce Agency,Chennai,Aspire Systems,Private Equity,,,Chennai,Technology,,8/19/2016
1462,22/08/2016,Zzungry,Consumer Internet,Food Delivery platform,Bengaluru,"Satish Vasudeva, Madhusudhan Jujare & Others",Seed Funding,,,Bengaluru,Consumer Internet,,8/22/2016
1463,22/08/2016,Puro Wellness,healthcare,"Organic,\\xc2\\xa0 Natural\\xc2\\xa0 Food substitute manufacturer",Mumbai,Torrent Group,Private Equity,"3,70,00,000",,Mumbai,Healthcare,37000000,8/22/2016
1464,22/08/2016,Fitternity,Consumer Internet,Fitness Gym & Services Discovery platform,Mumbai,"Saha Fund, Exfinity Venture Partners & Others",Private Equity,,,Mumbai,Consumer Internet,,8/22/2016
1465,23/08/2016,TAC Security,Technology,Cyber-Security Solutions Provider,New Delhi,Vijay Kedia,Seed Funding,,,New Delhi,Technology,,8/23/2016
1466,23/08/2016,Notesgen,Consumer Internet,Online Notes Sharing Portal,New Delhi,"Riju Gupta, Kamal Chabra",Seed Funding,"1,00,000",,New Delhi,Consumer Internet,100000,8/23/2016
1467,23/08/2016,NearU,Consumer Internet,Marketing app for retailers,Mumbai,Dr. Goutam Challagalla,Seed Funding,,,Mumbai,Consumer Internet,,8/23/2016
1468,23/08/2016,Octo.ai,Technology,Artificial Intelligence based marketing platform,New Delhi,"Outbox Ventures, Jaspreet Bindra, Arjun Malhotra, Rohan Malhotra, Sidharth Rao, Rakesh Agrawal",Seed Funding,"2,00,000",,New Delhi,Technology,200000,8/23/2016
1469,24/08/2016,ShaadiSaga,Consumer Internet,Wedding Website Creator,New Delhi,"ah! Ventures, Anupam Mittal, Kunal Shah, Sandeep Tandon, Dheeraj Jain, Rohit Chokhani",Seed Funding,,,New Delhi,Consumer Internet,,8/24/2016
1470,24/08/2016,UnaAcademy,Consumer Internet,Free Interactive education platform,Bengaluru,"Blume Ventures, Sachin Bansal, Vijay Shekhar Sharma, Binny Bansal,\\xc2\\xa0 Kunal Shah, Sandeep Tandon, Ashish Tulsian",Private Equity,"10,00,000",,Bengaluru,Consumer Internet,1000000,8/24/2016
1471,24/08/2016,Advenio,Technology,Clinical Imaging Solution Provider,Chandigarh,Kalaari Capital,Seed Funding,"1,00,000",,Chandigarh,Technology,100000,8/24/2016
1472,24/08/2016,Guarented,eCommerce,Home Furnishing rental marketplace,Bengaluru,Kalaari Capital,Seed Funding,"5,00,000",,Bengaluru,E-Commerce,500000,8/24/2016
1473,24/08/2016,Beyond Evolution,Technology,Mobile Apps & Tech Services provider,Gurugram,"Vineet Taneja, Kamal Puri",Seed Funding,,,Gurugram,Technology,,8/24/2016
1474,24/08/2016,Uber Dreams,eCommerce,Dreams fulfilling marketplace,Mumbai,Mohit Lalvani,Seed Funding,"5,00,000",,Mumbai,E-Commerce,500000,8/24/2016
1475,24/08/2016,Convegenius,Education,Edutainment platform,Noida,Michael and Susan Dell Foundation,Private Equity,"9,00,000",,Noida,Education,900000,8/24/2016
1476,24/08/2016,UrbanLadder,eCommerce,Online Furniture Store,Mumbai,Trifecta Capital,Private Equity,"30,00,000",,Mumbai,E-Commerce,3000000,8/24/2016
1477,24/08/2016,enCashea,Consumer Internet,Scrap Collection and Recycling platform,Bengaluru,"Kunal Shah, Sandeep Tandon, Tracxn Labs",Seed Funding,,,Bengaluru,Consumer Internet,,8/24/2016
1478,25/08/2016,EngineerBabu,Technology,Mobile App & Web Development company,Indore,Scale Ventures,Seed Funding,,,Indore,Technology,,8/25/2016
1479,25/08/2016,Cult,Healthcare,Health and Fitness Centres,Bengaluru,CureFit,Private Equity,"30,00,000",,Bengaluru,Healthcare,3000000,8/25/2016
1480,25/08/2016,WitWorks,Technology,Consumer IoT Startup,Bengaluru,"Fireside Ventures, Investopad, P39 Capital, Anupam Mittal, Pranay Jivrajka, Maninder Gulati, Abhinav Sinha",Seed Funding,,,Bengaluru,Technology,,8/25/2016
1481,25/08/2016,NearFox,Consumer Internet,Local Lifestyle Content and Discovery Platform,Mumbai,"Globevestor Angel Fund, Devendra Rane, Ravi Jain,\\xc2\\xa0 Arpan Nagdeve",Seed Funding,,,Mumbai,Consumer Internet,,8/25/2016
1482,25/08/2016,ZoomCar,Consumer Internet,Self-driven car booking platform,Bengaluru,Ford Smart Mobility Llc,Private Equity,"2,40,00,000",,Bengaluru,Consumer Internet,24000000,8/25/2016
1483,26/08/2016,Plix,Consumer Internet,Photo and Video Sharing App,Gurugram,Instalabs,Seed Funding,"5,00,000",,Gurugram,Consumer Internet,500000,8/26/2016
1484,26/08/2016,Mobikwik,Consumer Internet,Digital Wallet platform,Gurugram,Net1 UEPS Technologies Inc,Private Equity,"4,00,00,000",,Gurugram,Consumer Internet,40000000,8/26/2016
1485,26/08/2016,MyDidi,Consumer Internet,"on-demand, hyper-local Cleaning services provider",Mumbai,Undisclosed Ex Mckinsey Directors and Partners,Seed Funding,"5,50,000",,Mumbai,Consumer Internet,550000,8/26/2016
1486,26/08/2016,CrownIt,Consumer Internet,Cashback Mobile app,Gurugram,"Kunal Shah & Sandeep Tandon, Girish Mathrubootham, Anand Chandrasekaran",Seed Funding,,,Gurugram,Consumer Internet,,8/26/2016
1487,29/08/2016,LoanTap,Consumer Internet,Lending platform for Salaried professionals,Mumbai,"Dr. Abhishek Pandey, Jaysukh Sapra",Private Equity,"30,00,000",,Mumbai,Consumer Internet,3000000,8/29/2016
1488,29/08/2016,Runnr,Consumer Internet,hyperlocal Logistics services provider,Bengaluru,"Nexus Venture Partners, Blume Ventures",Private Equity,"70,00,000",,Bengaluru,Consumer Internet,7000000,8/29/2016
1489,29/08/2016,Zolo,Consumer Internet,on-demand online talent marketplace,Noida,Hitouch AG,Private Equity,,,Noida,Consumer Internet,,8/29/2016
1490,29/08/2016,Notion Press,Consumer Internet,Self-Publishing books platform,Chennai,Undisclosed HNI investors,Private Equity,"10,00,000",,Chennai,Consumer Internet,1000000,8/29/2016
1491,29/08/2016,LivSpace,Consumer Internet,Online portal for Home Design,Bengaluru,"Bessemer Venture Partners, Jungle Ventures, Helion Ventures",Private Equity,"1,50,00,000",,Bengaluru,Consumer Internet,15000000,8/29/2016
1492,30/08/2016,iAugmentor Labs,Technology,Assessment & Learning Platform,Gurugram,Rajasthan Angel Investor Network & Others,Seed Funding,"1,49,000",,Gurugram,Technology,149000,8/30/2016
1493,30/08/2016,DayBox,Consumer Internet,Fruit & Vegetable Delivery platform,New Delhi,"Ashutosh Lawania, Rajul Jain, Badal Malick, Rishi Gupta & Others",Seed Funding,"1,04,000",,New Delhi,Consumer Internet,104000,8/30/2016
1494,30/08/2016,Paytm,eCommerce,Mobile Wallet & ECommerce platform,Bengaluru,MediaTek Inc.,Private Equity,"6,00,00,000",,Bengaluru,E-Commerce,60000000,8/30/2016
1495,30/08/2016,CropIn,Technology,Agriculture Technology Solutions,Bengaluru,Sophia Investment ApS,Private Equity,"20,00,000",,Bengaluru,Technology,2000000,8/30/2016
1496,30/08/2016,Canvera,Consumer Internet,Photographer Discovery & Information platform,Bengaluru,Info Edge (India) Ltd,Private Equity,"30,00,000",,Bengaluru,Consumer Internet,3000000,8/30/2016
1497,30/08/2016,Prime Focus Technologies,Technology,Hybrid Cloud technology enabled Media ERP platform,Mumbai,Ambit Pragma,Private Equity,,,Mumbai,Technology,,8/30/2016
1498,31/08/2016,Flyrobe,eCommerce,Online fashion rental platform,Mumbai,"IDG Ventures, Sequoia Capital, GREE Ventures",Private Equity,"53,00,000",,Mumbai,E-Commerce,5300000,8/31/2016
1499,31/08/2016,inclov,Consumer Internet,Matchmaking App for Disabled,Mumbai,"Sarbvir Singh, Raghav Bahl",Seed Funding,,,Mumbai,Consumer Internet,,8/31/2016
1500,1/7/2016,RazorPay,Consumer Internet,Online Payment Gateway,Bengaluru,MasterCard,Private Equity,,,Bengaluru,Consumer Internet,,7/1/2016
1501,1/7/2016,DarwinBox,Technology,HR Software Services Startup,Hyderabad,"3one4 Capital, Tracxn Labs, Aaruha Technology Fund, Endiya Partners",Seed Funding,,,Hyderabad,Technology,,7/1/2016
1502,1/7/2016,Venture Catalysts,Consumer Internet,Seed Investment & Innovation Platform,Mumbai,Zaffiro Ventures,Seed Funding,"5,00,000",,Mumbai,Consumer Internet,500000,7/1/2016
1503,1/7/2016,PressPlay TV,Consumer Internet,Video Content Discovery Platform,New Delhi,"Sequoia Capital, SD Ventures, Vistaar Investment Advisors Pvt. Ltd.",Private Equity,,,New Delhi,Consumer Internet,,7/1/2016
1504,2/7/2016,Playment,Consumer Internet,Mobile Marketplace for Crowdsourced Work,Bengaluru,SAIF Partners,Private Equity,"7,00,000",,Bengaluru,Consumer Internet,700000,7/2/2016
1505,4/7/2016,WealthTrust,Consumer Internet,Wealth Management App,Mumbai,India Quotient,Seed Funding,,,Mumbai,Consumer Internet,,7/4/2016
1506,4/7/2016,Curefit,Consumer Internet,Online Preventive Healthcare Platform,Bengaluru,"Accel Partners, IDG Ventures, Kalaari Capital",Private Equity,"1,50,00,000",,Bengaluru,Consumer Internet,15000000,7/4/2016
1507,4/7/2016,StitchWood,eCommerce,Custom Furniture Online,Mumbai,Deepak Gupta,Seed Funding,"2,00,000",,Mumbai,E-Commerce,200000,7/4/2016
1508,4/7/2016,Grab.in,Logistics,hyperlocal logistics service,Mumbai,Aramex Ventures Llc,Private Equity,"20,00,000",,Mumbai,Logistics,2000000,7/4/2016
1509,4/7/2016,Fulfil.IO,Consumer Internet,Cloud Based ERP Software,US,Rajan Anandan,Seed Funding,,,Unknown,Consumer Internet,,7/4/2016
1510,4/7/2016,NeoGrowth,Finance,SME Lending platform,Mumbai,"IIFL Wealth Management Seed Venture Fund, Omidyar Network, Khosla Impact, Aspada",Private Equity,"1,60,00,000",,Mumbai,Finance,16000000,7/4/2016
1511,5/7/2016,SeeDoc,Consumer Internet,Video Based Doctor Consulting platform App,Gurugram,YourNest Angel Fund\\xc2\\xa0 & Others,Private Equity,"10,00,000",,Gurugram,Consumer Internet,1000000,7/5/2016
1512,5/7/2016,BookMyShow,Consumer Internet,Event & Movie Ticketing platform,Mumbai,"Stripes Group, Network 18, Accel Partners, SAIF Partners",Private Equity,"8,20,00,000",,Mumbai,Consumer Internet,82000000,7/5/2016
1513,5/7/2016,Flyrobe,eCommerce,Online fashion rental platform,Mumbai,"Sequoia Capital, Rohit Bansal, Kunal Bahl, Sandeep Tandon, Kunal Shah, Zishaan Hayath,\\xc2\\xa0 Abhishek Jain",Seed Funding,"17,00,000",,Mumbai,E-Commerce,1700000,7/5/2016
1514,6/7/2016,HappilyUnmarried,eCommerce,Online Merchandize etailer,New Delhi,Info Edge (India) Ltd,Private Equity,"7,40,000",,New Delhi,E-Commerce,740000,7/6/2016
1515,6/7/2016,Don\\xe2\\x80\\x99t Scratch Your Head,Technology,Full Stack Offline & Online ERP Solution,Ahmedabad,"Gaurav Singhvi, Zaffiro Ventures",Seed Funding,"2,50,000",,Ahmedabad,Technology,250000,7/6/2016
1516,6/7/2016,Wedding Wishlist,Consumer Internet,"Wedding Wishlist, Gifts & Registry Creation platform",Chennai,"Kirthiga Reddy, Renuka Ramanath,Cherry Tin",Seed Funding,"2,97,000",,Chennai,Consumer Internet,297000,7/6/2016
1517,7/7/2016,AppDaily,Technology,Mobile Security App development & Distribution,Mumbai,"Kalaari Capital, Qualcomm Ventures, ru-Net, Zodius Technology Opportunities Fund,",Private Equity,"20,00,000",,Mumbai,Technology,2000000,7/7/2016
1518,7/7/2016,Adytude,Consumer Internet,Gamified Consumer Insights Portal,New Delhi,Indian Angel Network,Private Equity,"10,00,000",,New Delhi,Consumer Internet,1000000,7/7/2016
1519,7/7/2016,Quickli,Logistics,On-Demand Delivery Startup,Gurugram,"AVG Group, 500 Startups",Private Equity,,,Gurugram,Logistics,,7/7/2016
1520,7/7/2016,SpectraVR,Technology,Virtual Reality Content Studio,Mumbai,Rothenberg Ventures,Seed Funding,,,Mumbai,Technology,,7/7/2016
1521,8/7/2016,Pitstop,Consumer Internet,Online Car Repair and Servicing Booking platform,Bengaluru,"Alex Chua, Rahul Garg",Seed Funding,,,Bengaluru,Consumer Internet,,7/8/2016
1522,8/7/2016,HolaChef,Consumer Internet,Online Food Ordering & Delivery Platform,Mumbai,"Kalaari Capital, India Quotient",Private Equity,"19,50,000",,Mumbai,Consumer Internet,1950000,7/8/2016
1523,11/7/2016,Purplle,eCommerce,Beauty Products Marketplace,Mumbai,"JSW Ventures, Blume Ventures & IvyCap Ventures",Private Equity,"60,00,000",,Mumbai,E-Commerce,6000000,7/11/2016
1524,11/7/2016,Trak N Tell,Technology,Car Tracking & Safety System,Gurugram,Brian Acton,Private Equity,"35,00,000",,Gurugram,Technology,3500000,7/11/2016
1525,11/7/2016,Overcart.com,eCommerce,Unboxed & refurbished electronic products marketplace,Gurugram,"JSW Ventures, Omidyar Network, Sattva Capital, Venture Works",Private Equity,"30,00,000",,Gurugram,E-Commerce,3000000,7/11/2016
1526,12/7/2016,SirionLabs,Technology,SAAS based Service Agreement Management,Gurugram,Sequoia Capital,Private Equity,"1,22,50,000",,Gurugram,Technology,12250000,7/12/2016
1527,12/7/2016,GyanDhan,Consumer Internet,Education Focused Financing Platform,New Delhi,"Stanford Angels & Entrepreneurs, Harvard Angels",Seed Funding,,,New Delhi,Consumer Internet,,7/12/2016
1528,12/7/2016,MintM,Consumer Internet,Digital Marketing & AdTech Platform,Bengaluru,"Mumbai Angels,\\xc2\\xa0 Times Internet",Private Equity,,,Bengaluru,Consumer Internet,,7/12/2016
1529,12/7/2016,HitGrit,Consumer Internet,Online Legal Consultation platform,Chandigarh,"Ashish Mahajan, Sarvesh Sharma",Seed Funding,,,Chandigarh,Consumer Internet,,7/12/2016
1530,12/7/2016,Find My Stay,Consumer Internet,Online Budget Hotel Aggregator & Booking Platform,New Delhi,"Rishi Parti, Yogesh Bansal",Seed Funding,,,New Delhi,Consumer Internet,,7/12/2016
1531,13/07/2016,YAAP,Consumer Internet,"Online Content Discovery, Creation & Distribution Platform",New Delhi,Rainmaker Ventures,Private Equity,"50,00,000",,New Delhi,Consumer Internet,5000000,7/13/2016
1532,13/07/2016,Utoo Cabs,Consumer Internet,Cab aggregation & Rental platform,Chennai,Ajay Piramal,Seed Funding,,,Chennai,Consumer Internet,,7/13/2016
1533,13/07/2016,Twigly,Consumer Internet,Online Food Ordering & Delivery Startup,Gurugram,"Tracxn Labs, Hyderabad Angels, Kunal Shah, Gaurav Bhalotia",Seed Funding,"6,00,000",,Gurugram,Consumer Internet,600000,7/13/2016
1534,13/07/2016,ShareChat,Consumer Internet,Vernacular Language Content Creation & Sharing App,Bengaluru,"SAIF Partners, India Quotient",Private Equity,"13,50,000",,Bengaluru,Consumer Internet,1350000,7/13/2016
1535,13/07/2016,Urban Tailor,Consumer Internet,E-Tailoring service provider,Bengaluru,Unitus Seed Fund,Private Equity,,,Bengaluru,Consumer Internet,,7/13/2016
1536,13/07/2016,RentMojo,Consumer Internet,Online Furniture Renting Platform,Bengaluru,"Accel Partners, IDG Ventures India",Private Equity,"50,00,000",,Bengaluru,Consumer Internet,5000000,7/13/2016
1537,13/07/2016,CityFurnish,Consumer Internet,Online Furniture Renting Platform,Gurugram,Brand Capital,Seed Funding,,,Gurugram,Consumer Internet,,7/13/2016
1538,13/07/2016,HEAL Institute,Healthcare,Sports Focused Healthcare Startup,Mumbai,"Jaspal Bindra, Parth Jindal",Seed Funding,,,Mumbai,Healthcare,,7/13/2016
1539,14/07/2016,Augrav,eCommerce,Personalized precious Jewellery etailer,Coimbatore,Keiretsu Forum,Seed Funding,"4,50,000",,Coimbatore,E-Commerce,450000,7/14/2016
1540,14/07/2016,ShoppinPal,Technology,M-Commerce Solutions for Retail Stores,Pune,"Plug and Play Tech Center, Steelhead Ventures & Others",Private Equity,"10,70,000",,Pune,Technology,1070000,7/14/2016
1541,14/07/2016,TransTutors / AskIITians,Consumer Internet,Online Education & Tutoring portals,New Delhi,500 Startups,Private Equity,,,New Delhi,Consumer Internet,,7/14/2016
1542,15/07/2016,WorkApps,Technology,Enterprise Work Management Software,Pune,SRI Capital,Seed Funding,"10,00,000",,Pune,Technology,1000000,7/15/2016
1543,15/07/2016,BankerBay,Consumer Internet,Online Investment Banking platform,Bengaluru,undisclosed investors,Private Equity,"20,00,000",,Bengaluru,Consumer Internet,2000000,7/15/2016
1544,15/07/2016,BaggOut,eCommerce,Women\\xe2\\x80\\x99s Fashion etailer,New Delhi,"Sumit Jain, Sumit Jain, Anurag Gupta, Varun Khanna, Faraz Khan",Seed Funding,,,New Delhi,E-Commerce,,7/15/2016
1545,15/07/2016,TripShelf,eCommerce,Travel Package Marketplace,New Delhi,GEMS group,Seed Funding,"2,50,000",,New Delhi,E-Commerce,250000,7/15/2016
1546,15/07/2016,SatvaCart,eCommerce,Online Grocers,New Delhi,"Abhijit Avasthi, Karan Chellani, SP Vijay",Seed Funding,,,New Delhi,E-Commerce,,7/15/2016
1547,15/07/2016,Ridlr,Consumer Internet,Public Transport Mobile App,Mumbai,"Times Internet, Innoven Capital, Matrix Partners India, Qualcomm Ventures",Private Equity,"60,00,000",,Mumbai,Consumer Internet,6000000,7/15/2016
1548,18/07/2016,Yellowdig,Consumer Internet,Online Learning Platform,Pune,SRI Capital,Seed Funding,"6,50,000",,Pune,Consumer Internet,650000,7/18/2016
1549,18/07/2016,Zuppler,Consumer Internet,Online Food Ordering platform,New Delhi,SRI Capital,Seed Funding,"6,50,000",,New Delhi,Consumer Internet,650000,7/18/2016
1550,18/07/2016,BlueStone,eCommerce,Jewellery Etailer,Mumbai,"IIFL and Accel Partners, Kalaari Capital, IvyCap Ventures, RB Investments",Private Equity,"3,00,00,000",,Mumbai,E-Commerce,30000000,7/18/2016
1551,18/07/2016,underDOGS,Technology,Game Development Startup,Mumbai,Intelli Reboot Digital Pvt. Ltd,Private Equity,,,Mumbai,Technology,,7/18/2016
1552,18/07/2016,ImageProVision,Technology,Image Analysis Solutions,Pune,Satish Jamdar,Seed Funding,,,Pune,Technology,,7/18/2016
1553,19/07/2016,Sagacito,Technology,Cloud-Based Enterprise Solutions,New Delhi,Star India Pvt. Ltd,Private Equity,"1,00,00,000",,New Delhi,Technology,10000000,7/19/2016
1554,19/07/2016,Deal4Loans / Wishfin,Consumer Internet,\\nLoans Comparison platform\\n\\n\\n\\n     (adsbygoogle = window.adsbygoogle || []).push({});\\n\\n,Noida,Franklin Templeton International Services Pvt. Ltd,Private Equity,"1,50,00,000",,Noida,Consumer Internet,15000000,7/19/2016
1555,19/07/2016,NiYO Solutions,Technology,Payroll & Benefits Software solutions,Bengaluru,Prime Venture Partners,Private Equity,"10,00,000",,Bengaluru,Technology,1000000,7/19/2016
1556,19/07/2016,AppLop,Consumer Internet,Mobile Apps SaaS Platform,Gurugram,Green House Ventures Accelerator,Seed Funding,"2,50,000",,Gurugram,Consumer Internet,250000,7/19/2016
1557,20/07/2016,Tax2Win,Consumer Internet,Online Tax Filing Portal,Jaipur,Undisclosed Investors,Private Equity,"10,00,000",,Jaipur,Consumer Internet,1000000,7/20/2016
1558,20/07/2016,Truckola,Logistics,Tech-focused cargo transport startup,Mumbai,"Abhishek Agarwal, Krishnakumar Nataraj, Sarath Sura, Shanti Mohan, Sarthak and Nihit Agarwal, Suramya Gupta",Seed Funding,"5,95,000",,Mumbai,Logistics,595000,7/20/2016
1559,20/07/2016,iServe Financial,Consumer Internet,Loan Comparison & Deals platform,Pune,Nilesh Shah,Seed Funding,,,Pune,Consumer Internet,,7/20/2016
1560,21/07/2016,MyTaxiIndia,Consumer Internet,Online Car rental booking platform,New Delhi,Nihon Kotsu Co,Private Equity,"10,00,000",,New Delhi,Consumer Internet,1000000,7/21/2016
1561,21/07/2016,AbeRuk,eCommerce,Online Marketplace for books,Bengaluru,Swastika Company Pvt Ltd,Seed Funding,,,Bengaluru,E-Commerce,,7/21/2016
1562,21/07/2016,Wiwigo,Consumer Internet,Inter-City Taxi Booking platform,Bengaluru,Indian Angel Network,Seed Funding,"5,95,000",,Bengaluru,Consumer Internet,595000,7/21/2016
1563,21/07/2016,Drums Food,Food & Beverage,Yogurt and Ice Cream maker,Mumbai,"Verlinvest, DSG Consumer Partners",Unknown,,,Mumbai,Food & Beverage,,7/21/2016
1564,1/6/2016,Chikoop,Consumer Internet,Free Ad based Voice Calling,Indore,Undisclosed Investors,Seed Funding,,,Indore,Consumer Internet,,6/1/2016
1565,1/6/2016,BRIDGEi2I,Technology,Data Analytics Platform,Bengaluru,Edelweiss Private Equity,Private Equity,,,Bengaluru,Technology,,6/1/2016
1566,2/6/2016,Droom,eCommerce,Online marketplace for used automobiles,New Delhi,"Beenext, Digital Garage, Lightbox, Beenos",Private Equity,,,New Delhi,E-Commerce,,6/2/2016
1567,2/6/2016,Visit,Consumer Internet,On-Demand Healthcare Service provider,New Delhi,MapmyIndia,Seed Funding,,,New Delhi,Consumer Internet,,6/2/2016
1568,2/6/2016,Atomberg,Technology,"smart, energy efficient home appliance manufacturer",Mumbai,Parampara Capital,Private Equity,"10,00,000",,Mumbai,Technology,1000000,6/2/2016
1569,2/6/2016,Coutloot,eCommerce,Fashion Re-Commerce Platform,Mumbai,Venture Catalysts,Seed Funding,,,Mumbai,E-Commerce,,6/2/2016
1570,2/6/2016,Limo,Consumer Internet,Bus Aggregator Mobile app,Mumbai,Rainmaker Ventures,Private Equity,"10,00,000",,Mumbai,Consumer Internet,1000000,6/2/2016
1571,3/6/2016,iCliniq,Consumer Internet,Doctor Consultation platform,Bengaluru,MadhanKumar Madathupalayam,Seed Funding,,,Bengaluru,Consumer Internet,,6/3/2016
1572,3/6/2016,GoGo Truck,Consumer Internet,Truck Aggregator & Booking platform,Chennai,Undisclosed Investor,Seed Funding,"75,000",,Chennai,Consumer Internet,75000,6/3/2016
1573,3/6/2016,Vyome Biosciences,Healthcare,Treatment Development for Antibiotic-resistant diseases,New Delhi,Romulus Capital,Private Equity,"20,00,000",,New Delhi,Healthcare,2000000,6/3/2016
1574,6/6/2016,SillyMonks,Consumer Internet,Digital Media and Entertainment Startup,Hyderabad,Sreenivasa Reddy Musani,Seed Funding,"4,48,000",,Hyderabad,Consumer Internet,448000,6/6/2016
1575,7/6/2016,CueMath,Education,K-12 Maths Learning Courses,Bengaluru,"Sequoia Capital, Unitus Seed Fund",Private Equity,"40,00,000",,Bengaluru,Education,4000000,6/7/2016
1576,7/6/2016,KrazyBee,Consumer Internet,Student Micro-Loan platform,Bengaluru,"Yeahmobi, Fenqile",Private Equity,"20,00,000",,Bengaluru,Consumer Internet,2000000,6/7/2016
1577,7/6/2016,Intgrea,Technology,Post merger Integration Partners,Bengaluru,Undisclosed Investor,Seed Funding,"1,00,000",,Bengaluru,Technology,100000,6/7/2016
1578,7/6/2016,HelpShift,Technology,Mobile CRM Platform,Pune,"Microsoft Ventures, Salesforce Ventures",Private Equity,"2,30,00,000",,Pune,Technology,23000000,6/7/2016
1579,7/6/2016,CreditVidya,Technology,Credit Scoring Platform,Mumbai,Kalaari Capital,Private Equity,"10,00,000",,Mumbai,Technology,1000000,6/7/2016
1580,8/6/2016,Grey Campus,Consumer Internet,Online Learning Platform,Hyderabad,Sarath Sura,Seed Funding,"10,00,000",,Hyderabad,Consumer Internet,1000000,6/8/2016
1581,8/6/2016,ListUp,eCommerce,Location based Classified Mobile app,Mumbai,"Kae Capital, Kunal Shah, Sandeep Tandon",Seed Funding,"5,00,000",,Mumbai,E-Commerce,500000,6/8/2016
1582,8/6/2016,6Degree,Technology,Tech-enabled Fashion Talent platform,Mumbai,Indian Angel Network,Seed Funding,"2,00,000",,Mumbai,Technology,200000,6/8/2016
1583,8/6/2016,Shopwati,Consumer Internet,Online Fashion Discussion Community,Gurugram,Sanjiv Rai,Seed Funding,,,Gurugram,Consumer Internet,,6/8/2016
1584,8/6/2016,Cookifi,Consumer Internet,Online Chef Discovery & Booking Service,Bengaluru,"Kunal Shah, Aneesh Reddy, Tracxn Labs, Venkat Tadanki, Krishna Mehra, Amit Rathore",Seed Funding,,,Bengaluru,Consumer Internet,,6/8/2016
1585,8/6/2016,StoreKing,eCommerce,Connecting Small Town Consumers to E-Commerce,Bengaluru,Axiata Digital,Private Equity,"1,60,00,000",,Bengaluru,E-Commerce,16000000,6/8/2016
1586,8/6/2016,Wired Hub,Real Estate,Co-Working Spaces,Jaipur,"Ankit Maheshwari, Anand Singh",Seed Funding,,,Jaipur,Real Estate,,6/8/2016
1587,8/6/2016,MySeniorDoctor,Consumer Internet,Online medical support platform,Gurugram,BlackJag Partners,Seed Funding,"2,00,000",,Gurugram,Consumer Internet,200000,6/8/2016
1588,9/6/2016,Teabox,eCommerce,Online Tea Store,Siliguri,Cameron Jones,Seed Funding,,,Siliguri,E-Commerce,,6/9/2016
1589,9/6/2016,ExtraaEdge,Consumer Internet,Student Acquisition Platform,Pune,"Ritesh Dwivedy, Priti Padhy",Seed Funding,,,Pune,Consumer Internet,,6/9/2016
1590,9/6/2016,EPayLater,Technology,Fin-Tech Platform,Mumbai,3 undisclosed HNIs,Seed Funding,"20,00,000",,Mumbai,Technology,2000000,6/9/2016
1591,10/6/2016,Kyazoonga,eCommerce,Online event ticketing Platform,Mumbai,Ratan Tata,Seed Funding,,,Mumbai,E-Commerce,,6/10/2016
1592,10/6/2016,Paytunes,Consumer Internet,Mobile based rewards platform,New Delhi,"CIO Angel Network, Indian Angel Network",Private Equity,"5,00,000",,New Delhi,Consumer Internet,500000,6/10/2016
1593,10/6/2016,Kickstart Jobs,Technology,Entry level hiring platform,Gurugram,"Vivek Joshi, Mohit Satyanand, Amit Banati, Arun Khanna",Seed Funding,,,Gurugram,Technology,,6/10/2016
1594,10/6/2016,Freshee,FMCG,Household packaging & Storage product manufacturer,Mumbai,Edelweiss Private Equity,Private Equity,,,Mumbai,FMCG,,6/10/2016
1595,10/6/2016,MadRat Games,Technology,Wearable Gaming Platform,Bengaluru,"Ratan Tata, Bhavish Aggarwal, Ankit Bhati, Binny Bansal, Girish Mathrubootham",Seed Funding,,,Bengaluru,Technology,,6/10/2016
1596,11/6/2016,Jazzmyride,eCommerce,Auto Parts & Accessories eTailer,New Delhi,TVS Automobile Solutions Ltd,Private Equity,,,New Delhi,E-Commerce,,6/11/2016
1597,11/6/2016,AutoSense,Technology,Data Analytics based Customer Management Services,New Delhi,TVS Automobile Solutions Ltd,Private Equity,,,New Delhi,Technology,,6/11/2016
1598,11/6/2016,Redsun Telematics,Consumer Internet,Internet of Things Platform,Chennai,TVS Automobile Solutions Ltd,Private Equity,,,Chennai,Consumer Internet,,6/11/2016
1599,13/06/2016,KhanaGadi,Consumer Internet,Online Food Delivery for Train Travelers,Jaipur,50K Ventures,Seed Funding,,,Jaipur,Consumer Internet,,6/13/2016
1600,13/06/2016,Bombay Shirt Company,eCommerce,Online custom Shirt retailer,Mumbai,undisclosed investor,Private Equity,"10,00,000",,Mumbai,E-Commerce,1000000,6/13/2016
1601,13/06/2016,Matrubharti,Consumer Internet,e-Book Publisher,,Viridian Capital,Seed Funding,"30,000",,Unknown,Consumer Internet,30000,6/13/2016
1602,14/06/2016,EdTechReview,Consumer Internet,Education based online portal,New Delhi,EVC Ventures,Seed Funding,,,New Delhi,Consumer Internet,,6/14/2016
1603,14/06/2016,Bonhomia,Food & Beverage,Premium Tea & Coffee Capsules maker,New Delhi,Valpro Capital and existing investors,Private Equity,,,New Delhi,Food & Beverage,,6/14/2016
1604,14/06/2016,Gobolt,Logistics,B2B Logistics provider,New Delhi,MCube8,Seed Funding,,,New Delhi,Logistics,,6/14/2016
1605,14/06/2016,Jivox,Technology,Data Driven Advertising platform,Bengaluru,"You & Mr Jones, Fortisure Ventures, Diaz Nesamoney",Private Equity,"60,00,000",,Bengaluru,Technology,6000000,6/14/2016
1606,14/06/2016,Sminq,Consumer Internet,Queue management Mobile app,Pune,"Saama Capital, Blume Ventures & Vaibhav Domkundwar",Seed Funding,"10,00,000",,Pune,Consumer Internet,1000000,6/14/2016
1607,14/06/2016,CureJoy,Consumer Internet,Online Alternative health community platform,Bengaluru,Accel Partners India,Private Equity,"44,00,000",,Bengaluru,Consumer Internet,4400000,6/14/2016
1608,15/06/2016,Oneway.cab,Consumer Internet,Taxi Rental Platform,Vadodara,Indian Angel Network,Seed Funding,"4,50,000",,Vadodara,Consumer Internet,450000,6/15/2016
1609,15/06/2016,GrabOnRent,eCommerce,On-demand product rental marketplace,Bengaluru,IvyCap Ventures and Unicorn India Ventures,Private Equity,,,Bengaluru,E-Commerce,,6/15/2016
1610,16/06/2016,Diro Labs,Consumer Internet,Contact Management Mobile App,New Delhi,Info Edge (India) Ltd,Private Equity,"4,50,000",,New Delhi,Consumer Internet,450000,6/16/2016
1611,16/06/2016,Unnati Helpers,Consumer Internet,Help Hiring Platform,Gurugram,Info Edge (India) Ltd,Private Equity,"6,00,000",,Gurugram,Consumer Internet,600000,6/16/2016
1612,16/06/2016,Athletto,Consumer Internet,Sports Venue discovery and booking platform,Bengaluru,Atul Ingle,Seed Funding,,,Bengaluru,Consumer Internet,,6/16/2016
1613,16/06/2016,Saavn,Consumer Internet,Web/Mobile Music Streaming service,USA,Guy Oseary,Private Equity,,,Unknown,Consumer Internet,,6/16/2016
1614,16/06/2016,Voonik,eCommerce,Online Women\\xe2\\x80\\x99s Fashion Marketplace,Bengaluru,Sequoia Capital,Private Equity,"2,00,00,000",,Bengaluru,E-Commerce,20000000,6/16/2016
1615,16/06/2016,ThinkPhi,Technology,Sustainable Green Tech Solution developer,Mumbai,Nimmagadda Prasad,Seed Funding,,,Mumbai,Technology,,6/16/2016
1616,17/06/2016,Cleartax,Consumer Internet,Online Tax Filing Platform,New Delhi,"Ravi Adusumalli, SAIF Partners",Private Equity,"1,20,00,000",,New Delhi,Consumer Internet,12000000,6/17/2016
1617,17/06/2016,Silvan Innovation Labs,Technology,Home Automation Solutions,Bengaluru,Infuse Ventures,Private Equity,"9,00,000",,Bengaluru,Technology,900000,6/17/2016
1618,17/06/2016,GreytHR,Technology,Payroll & HR Software Developer,Bengaluru,"New Enterprise Associates (NEA), Blume Ventures",Private Equity,"52,00,000",,Bengaluru,Technology,5200000,6/17/2016
1619,17/06/2016,Duffl,eCommerce,Fashion Rental Marketplace,Bengaluru,BetOnIndia Technology Pvt Ltd,Seed Funding,,,Bengaluru,E-Commerce,,6/17/2016
1620,17/06/2016,BYG,Consumer Internet,Fitness centre Discovery & Booking Mobile app,Bengaluru,"Sanjay Verma, Amit Khanna (LetsVenture)",Seed Funding,,,Bengaluru,Consumer Internet,,6/17/2016
1621,20/06/2016,Dipper,eCommerce,Freight Logistics Marketplace,New Delhi,Undisclosed investor,Seed Funding,,,New Delhi,E-Commerce,,6/20/2016
1622,20/06/2016,Qonfuse,Consumer Internet,Online Test Papers for competitive exams,New Delhi,Hamraj Kumar,Seed Funding,,,New Delhi,Consumer Internet,,6/20/2016
1623,20/06/2016,The Indian IRIS,Consumer Internet,Govt Policy Research & Information portal,Ahmedabad,Timbru Ventures,Seed Funding,,,Ahmedabad,Consumer Internet,,6/20/2016
1624,21/06/2016,Onspoon,Consumer Internet,Online Platform for Event Sponsorship,Mumbai,Swan Angel Network,Seed Funding,"1,50,000",,Mumbai,Consumer Internet,150000,6/21/2016
1625,21/06/2016,REstate,Consumer Internet,Real Estate Platform,Bengaluru,Idein Ventures,Seed Funding,,,Bengaluru,Consumer Internet,,6/21/2016
1626,21/06/2016,Cleartrip,Consumer Internet,Online Travel Agency,Mumbai,"Concur Technologies, Gund Investment",Private Equity,,,Mumbai,Consumer Internet,,6/21/2016
1627,21/06/2016,ProcMart,Consumer Internet,Online Procurement Marketplace,Noida,IndiaMart,Private Equity,,,Noida,Consumer Internet,,6/21/2016
1628,21/06/2016,Celerix,Technology,Fintech Product Development & Services Startup,Bengaluru,Bitkemy Ventures,Seed Funding,"4,00,000",,Bengaluru,Technology,400000,6/21/2016
1629,21/06/2016,NatureNama,Consumer Internet,Online Outdoors & travel,Mumbai,Unicorn Venture,Seed Funding,"2,25,000",,Mumbai,Consumer Internet,225000,6/21/2016
1630,21/06/2016,CyclopsMedtech,Technology,Medical Technology Provider,Bengaluru,CP Bothra,Seed Funding,,,Bengaluru,Technology,,6/21/2016
1631,21/06/2016,Syona Cosmetics,FMCG,Beauty Products & Training to Salons & Spas,Chennai,The Chennai Angels,Seed Funding,"1,50,000",,Chennai,FMCG,150000,6/21/2016
1632,21/06/2016,PrettySecrets,eCommerce,Women Lingerie Store,Mumbai,"RB Investments PTE Ltd, Orios Venture Partners",Private Equity,"60,00,000",,Mumbai,E-Commerce,6000000,6/21/2016
1633,22/06/2016,SpiderG,Consumer Internet,Online invoice app for SMEs,Pune,"Rahul Kirloskar, Fusion Tech Ventures, Adi Saravanan, Pravin Dongre, Mahendra Doshi",Seed Funding,"1,50,000",,Pune,Consumer Internet,150000,6/22/2016
1634,23/06/2016,FarEye,Technology,Logistics Management Software,New Delhi,Saif Partners,Private Equity,"35,00,000",,New Delhi,Technology,3500000,6/23/2016
1635,23/06/2016,The Uolo,Consumer Internet,School Parent Communication App,Bengaluru,"Purvi Ventures, Rajul Garg, Vipin Arora",Seed Funding,"2,10,000",,Bengaluru,Consumer Internet,210000,6/23/2016
1636,23/06/2016,Staqu,Technology,Artificial Intelligence based search platform,Gurugram,Indian Angel Network,Seed Funding,,,Gurugram,Technology,,6/23/2016
1637,23/06/2016,Padhopadhao,Consumer Internet,Home Tutors search & Discovery,New Delhi,Rise India,Private Equity,,,New Delhi,Consumer Internet,,6/23/2016
1638,24/06/2016,Drivify,Consumer Internet,Professional Driver discovery & Booking Mobile app,Mumbai,"Jitendra Gupta, Pankaj Tripathi",Seed Funding,"50,000",,Mumbai,Consumer Internet,50000,6/24/2016
1639,24/06/2016,PratiLipi,Consumer Internet,Multi-Lingual self-publishing platform,Bengaluru,Nexus Venture Partners,Seed Funding,,,Bengaluru,Consumer Internet,,6/24/2016
1640,24/06/2016,ParaBlu,Technology,Cloud Data Security & Privacy Solutions,Bengaluru,Kalaari Capital,Seed Funding,"5,00,000",,Bengaluru,Technology,500000,6/24/2016
1641,24/06/2016,Schedulers Logistics,Logistics,Cold Storage Logistics solutions,Mumbai,GVFL,Private Equity,"60,00,000",,Mumbai,Logistics,6000000,6/24/2016
1642,24/06/2016,LEAP India,Others,Supply Chain Equipment & Services provider,Mumbai,Mayfield Ventures,Private Equity,"30,00,000",,Mumbai,Others,3000000,6/24/2016
1643,24/06/2016,KabadiExpress,Others,Free Door Step Scrap Pickup Service,New Delhi,Undisclosed investor,Seed Funding,"1,48,000",,New Delhi,Others,148000,6/24/2016
1644,27/06/2016,YourDost,Consumer Internet,Online counselling & Personal coaching platform,Bengaluru,"SAIF Partners, Aprameya Radhakrishnan, Phanindra Sama, Subba Rao Telidevara, Vibhu Garg, Paula Ravindra Mariwala, Gaurav Bhalotia",Seed Funding,"12,00,000",,Bengaluru,Consumer Internet,1200000,6/27/2016
1645,27/06/2016,Gomalon,Consumer Internet,Online Spa & Salon discovery & Booking platform,Bengaluru,Undisclosed investor,Seed Funding,"1,00,000",,Bengaluru,Consumer Internet,100000,6/27/2016
1646,27/06/2016,Voler Cars,Consumer Internet,Self-Driven Car rental platform,New Delhi,"Kanodia family, Amit Banka",Seed Funding,,,New Delhi,Consumer Internet,,6/27/2016
1647,27/06/2016,Travelyaari,Consumer Internet,Online ticket booking platform,Bengaluru,GVFL Ltd,Private Equity,"30,00,000",,Bengaluru,Consumer Internet,3000000,6/27/2016
1648,28/06/2016,FabHotels,Consumer Internet,Online Hotel aggregator & Booking platform,Gurugram,"Accel Partners, RB Investments",Private Equity,"80,00,000",,Gurugram,Consumer Internet,8000000,6/28/2016
1649,28/06/2016,Locanix,Technology,GPS based SaaS Solutions,Ahmedabad,Undisclosed investors,Seed Funding,"3,00,000",,Ahmedabad,Technology,300000,6/28/2016
1650,28/06/2016,LendingKart,Consumer Internet,Online Working Capital Business Loans Platform,Ahmedabad,"Bertelsmann India Investments, Mayfield India, Saama Capital, India Quotient",Private Equity,"3,20,00,000",,Ahmedabad,Consumer Internet,32000000,6/28/2016
1651,28/06/2016,Hello Tax,Consumer Internet,Online Tax Filing Platform,New Delhi,Sanjeev Sinha,Seed Funding,"2,95,000",,New Delhi,Consumer Internet,295000,6/28/2016
1652,28/06/2016,MySuperBrain,Consumer Internet,Online Talent Discovery Platform for Kids,Hyderabad,Soniks Consulting,Seed Funding,,,Hyderabad,Consumer Internet,,6/28/2016
1653,28/06/2016,BlogBeats,Consumer Internet,Online Blogging Platform,Bengaluru,Undisclosed Investor,Seed Funding,,,Bengaluru,Consumer Internet,,6/28/2016
1654,29/06/2016,LetReach,eCommerce,ECommerce SAAS Solutions,New Delhi,vCommission,Private Equity,"1,00,000",,New Delhi,E-Commerce,100000,6/29/2016
1655,29/06/2016,TrendieApp,Technology,Visual Content Marketing,Kolkata,Harsh Vardhan Hada,Seed Funding,"50,000",,Kolkata,Technology,50000,6/29/2016
1656,29/06/2016,ImpactGuru,Consumer Internet,Crowdfunding Platform,Mumbai,Piyush Jain,Seed Funding,,,Mumbai,Consumer Internet,,6/29/2016
1657,29/06/2016,Velvetcase,eCommerce,Online designer jewellery marketplace,Mumbai,"Uniqorn Ventures Fund, TV Mohandas Pai, S Somasegar",Private Equity,"15,00,000",,Mumbai,E-Commerce,1500000,6/29/2016
1658,30/06/2016,Meru Cabs,Consumer Internet,Online/ Mobile Tax Cab booking,Mumbai,Brand Capital,Private Equity,"2,50,00,000",,Mumbai,Consumer Internet,25000000,6/30/2016
1659,30/06/2016,Campus Diaries,Consumer Internet,Student focussed Content Discovery portal,Bengaluru,Aarin Capital,Seed Funding,"2,20,000",,Bengaluru,Consumer Internet,220000,6/30/2016
1660,30/06/2016,Scripbox,Consumer Internet,Online Mutual Fund Investment platform,Bengaluru,"Omidyar Network, Accel Partners & existing investors",Private Equity,,,Bengaluru,Consumer Internet,,6/30/2016
1661,30/06/2016,Biryani Blues,Food & Beverage,QSR Chain,Gurugram,Carpediem Capital & Others,Private Equity,"3,68,000",,Gurugram,Food & Beverage,368000,6/30/2016
1662,1/5/2016,MotoMojo,Consumer Internet,Mobile based Vehicle maintenance App,Mumbai,"Niloufer Dundh, Fauzan Rahim, Balamurugan Mani,",Seed Funding,,,Mumbai,Consumer Internet,,5/1/2016
1663,1/5/2016,Get My Parking,Technology,Parking Technology Platform,New Delhi,The Chennai Angels,Seed Funding,"3,76,000",,New Delhi,Technology,376000,5/1/2016
1664,1/5/2016,Prescribez,Consumer Internet,Health Service Aggregator Platform,Pune,Ankush Mehta,Seed Funding,"1,45,000",,Pune,Consumer Internet,145000,5/1/2016
1665,2/5/2016,Airwood,Technology,Agri Data & Analytics Platform,Chennai,StartupXseed Ventures,Seed Funding,,,Chennai,Technology,,5/2/2016
1666,3/5/2016,Mobikwik,Consumer Internet,Mobile & Digital Wallet,Gurugram,"GMO Payment Gateway, MediaTek",Private Equity,"5,00,00,000",,Gurugram,Consumer Internet,50000000,5/3/2016
1667,3/5/2016,iDreamCareer,Consumer Internet,Career Planning Services Portal,New Delhi,Brand Capital,Private Equity,,,New Delhi,Consumer Internet,,5/3/2016
1668,3/5/2016,Zwayam,Consumer Internet,Online Recruitment Platform,Bengaluru,Undisclosed investors,Seed Funding,"2,50,000",,Bengaluru,Consumer Internet,250000,5/3/2016
1669,3/5/2016,BoiBanit,Consumer Internet,Online Food Delivery platform,Vadodara,Undisclosed investors,Seed Funding,,,Vadodara,Consumer Internet,,5/3/2016
1670,3/5/2016,Zuver,Consumer Internet,Car driver Discovery App,Mumbai,"Shruth & Smith Group, Hermes Group",Seed Funding,"1,80,000",,Mumbai,Consumer Internet,180000,5/3/2016
1671,3/5/2016,Prepathon,Education,Competitive Exam learning platform,Mumbai,Blume Ventures,Private Equity,,,Mumbai,Education,,5/3/2016
1672,4/5/2016,EasyRoads,Consumer Internet,Road Trip planning Mobile app,Mumbai,"Rohan Angrish, Hrishi Oberoi, Rahul Mehta, Kapil Hetamsaria, Pranav Dedhia",Seed Funding,"2,00,000",,Mumbai,Consumer Internet,200000,5/4/2016
1673,4/5/2016,Lenskart,eCommerce,Eyewear & Accessories etailer,New Delhi,"International Finance Corp, TPG Growth, Adveq Management, IDG Ventures, Ratan Tata, Kris Gopalakrishnan",Private Equity,"6,00,00,000",,New Delhi,E-Commerce,60000000,5/4/2016
1674,4/5/2016,Seclore,Technology,Enterprise Security Technology platform,Mumbai,"Sistema Asia Fund, Helion Venture, VentureEast, India Alternatives",Private Equity,"1,20,00,000",,Mumbai,Technology,12000000,5/4/2016
1675,4/5/2016,SolarTown,Technology,Solar Rooftop system installation company,Chennai,Grex.in,Seed Funding,"2,00,000",,Chennai,Technology,200000,5/4/2016
1676,4/5/2016,Comarete,Technology,Telecom & Media IT services company,Pune,Grex.in,Seed Funding,"2,00,000",,Pune,Technology,200000,5/4/2016
1677,4/5/2016,MyDentistChoice,eCommerce,Medical Supplies eTailer,Hyderabad,Undisclosed investors,Seed Funding,"1,50,000",,Hyderabad,E-Commerce,150000,5/4/2016
1678,4/5/2016,Active.ai,Technology,Intelligent Tech platform for Finance vertical,Singapore,Kalaari Capital Accelerator Program,Seed Funding,"5,00,000",,Singapore,Technology,500000,5/4/2016
1679,4/5/2016,Affordplan,Technology,Affordable non-emergency medical service health plans,New Delhi,Kalaari Capital Accelerator Program,Seed Funding,"5,00,000",,New Delhi,Technology,500000,5/4/2016
1680,4/5/2016,Indee,Consumer Internet,Web Video Streaming Platform,Bengaluru,Kalaari Capital Accelerator Program,Seed Funding,"5,00,000",,Bengaluru,Consumer Internet,500000,5/4/2016
1681,5/5/2016,Unbxd,Technology,eCommerce product discovery software,New Delhi,"IDG Ventures, Inventus Capital, Indian Angel Network",Private Equity,,,New Delhi,Technology,,5/5/2016
1682,5/5/2016,WebAlligator,Consumer Internet,Cloud Based Software Solutions,Bengaluru,Group of undisclosed Angel Investors & HNIs,Seed Funding,"3,75,000",,Bengaluru,Consumer Internet,375000,5/5/2016
1683,6/5/2016,EduAce Services,Education,Education Workshops & mentoring programs,Lucknow,MoMagic Technologies,Private Equity,"10,00,000",,Lucknow,Education,1000000,5/6/2016
1684,6/5/2016,Meesho,eCommerce,Social commerce platform,Bengaluru,Rajul Garg & Others,Seed Funding,,,Bengaluru,E-Commerce,,5/6/2016
1685,7/5/2016,Zebroads,Logistics,Logistics and Warehousing services,Hyderabad,Undisclosed investors,Seed Funding,"75,000",,Hyderabad,Logistics,75000,5/7/2016
1686,9/5/2016,Locus,Technology,Logistics Intelligence platform,Bengaluru,"Exfinity Venture Partners, Blume Ventures, BeeNext, Rajesh Ranavat",Private Equity,"27,50,000",,Bengaluru,Technology,2750000,5/9/2016
1687,9/5/2016,Toko Innovations,Consumer Internet,Children\\xe2\\x80\\x99s Entertainment Portal,Bengaluru,"Roopak Saluja, Vishal Khare",Seed Funding,"4,50,000",,Bengaluru,Consumer Internet,450000,5/9/2016
1688,9/5/2016,Rentickle,eCommerce,"Furniture, appliances Portal",New Delhi,"Manish Kheterpal, Vinay Mittal, Dinesh Mittal, Sandeep Gupta",Seed Funding,"2,50,000",,New Delhi,E-Commerce,250000,5/9/2016
1689,10/5/2016,HealthifyMe,Consumer Internet,Health & Fitness App,Bengaluru,"IDG Ventures India, Inventus Capital, Blume Ventures",Private Equity,"60,00,000",,Bengaluru,Consumer Internet,6000000,5/10/2016
1690,10/5/2016,Zarget,Consumer Internet,Conversion Rate Optimization Platform,Chennai,"Accel Partners, Matrix Partners, Girish Mathrubootham",Private Equity,"15,00,000",,Chennai,Consumer Internet,1500000,5/10/2016
1691,10/5/2016,InnoNano Research,Technology,Clean Water Technology,Chennai,NanoHoldings,Private Equity,"1,80,00,000",,Chennai,Technology,18000000,5/10/2016
1692,10/5/2016,SchoolWear,eCommerce,School Uniform & Supplies Marketplace,Mumbai,Undisclosed investors,Seed Funding,"15,00,000",,Mumbai,E-Commerce,1500000,5/10/2016
1693,10/5/2016,Swiggy,Consumer Internet,Food Delivery Platform,Bengaluru,"Norwest Venture Partners, DST Global, Accel Partners",Private Equity,"70,00,000",,Bengaluru,Consumer Internet,7000000,5/10/2016
1694,11/5/2016,Zenify,Consumer Internet,Home rental Discovery & Booking Portal,Bengaluru,Undisclosed Investors,Private Equity,"9,00,000",,Bengaluru,Consumer Internet,900000,5/11/2016
1695,11/5/2016,Faircent,Consumer Internet,Online Peer to Peer Lending platform,Gurugram,"JM Financial Products Ltd, Arun Tadanki, Doreswamy Nandkishore, Kshitij Jain",Private Equity,,,Gurugram,Consumer Internet,,5/11/2016
1696,11/5/2016,Fractal Analytics,Technology,Data Analytics Company,Mumbai,Khazanah Nasional Berhad,Private Equity,"10,00,00,000",,Mumbai,Technology,100000000,5/11/2016
1697,12/5/2016,Unacademy,Consumer Internet,Free Online Education Platform,Bengaluru,"Blume Ventures, Rajan Anandan, Sumit Jain, Aprameya Radhakrishna, Sujeet Kumar, Phanindra Sama",Seed Funding,"5,00,000",,Bengaluru,Consumer Internet,500000,5/12/2016
1698,12/5/2016,Capital Float,Consumer Internet,Online Lending Platform,Bengaluru,"Creation Investments Capital Management, SAIF Partners, Sequoia Capital, Aspada Ventures",Private Equity,"2,50,00,000",,Bengaluru,Consumer Internet,25000000,5/12/2016
1699,12/5/2016,Life Circle,Healthcare,Senior Healthcare Services,Hyderabad,GROUPE SOS,Private Equity,"1,50,000",,Hyderabad,Healthcare,150000,5/12/2016
1700,12/5/2016,Dream Wallets,Consumer Internet,Online Crowdfunding platform,Jaipur,"Rakesh Gupta, Aditya Aggarwal, Siddharth Banerjee, Vikas Ranjan, Anshul Jindal, Sunil Koul, and Sanjeev Agrawal",Seed Funding,,,Jaipur,Consumer Internet,,5/12/2016
1701,12/5/2016,ShabdNagari,Consumer Internet,Hindi social networking portal,Kanpur,ah! Ventures,Seed Funding,,,Kanpur,Consumer Internet,,5/12/2016
1702,12/5/2016,Galleri5,Consumer Internet,Visual Content Discovery platform,Bengaluru,"Phanindra Sama, Raghunandan G,",Seed Funding,,,Bengaluru,Consumer Internet,,5/12/2016
1703,12/5/2016,Derbii,Logistics,Carpooling Services,Gurugram,Anurag Chauhan,Seed Funding,,,Gurugram,Logistics,,5/12/2016
1704,13/05/2016,StayZilla,Consumer Internet,Budget Room Aggregator Booking platform,Chennai,"Matrix Partners, Nexus Ventures",Private Equity,"1,35,00,000",,Chennai,Consumer Internet,13500000,5/13/2016
1705,13/05/2016,WoW Express,Logistics,E-Commerce Logistics Solutions,Mumbai,Undisclosed Investors & Tamarind Family Private Trust,Private Equity,"22,00,000",,Mumbai,Logistics,2200000,5/13/2016
1706,16/05/2016,Smartivity,eCommerce,Smart Learning products,New Delhi,"S Chand, AdvantEdge Partners",Private Equity,"10,00,000",,New Delhi,E-Commerce,1000000,5/16/2016
1707,16/05/2016,BedBathMore,Consumer Internet,Home Decor eMarketplace,Mumbai,"Kinnevik Group, Rocket Internet",Private Equity,,,Mumbai,Consumer Internet,,5/16/2016
1708,17/05/2016,Murgency,Consumer Internet,Medical Emergency Response App,Mumbai,Rata Tata,Private Equity,,,Mumbai,Consumer Internet,,5/17/2016
1709,17/05/2016,Crownit,Consumer Internet,Mobile customer rewards management platform,Gurugram,"Undisclosed investors, Accel Partners, Helion Venture Partners",Private Equity,,,Gurugram,Consumer Internet,,5/17/2016
1710,17/05/2016,Blinge,eCommerce,Apparel Rental platform,Mumbai,"Anupam Mittal, Anuj Srivastava, Ankit Nagori",Seed Funding,,,Mumbai,E-Commerce,,5/17/2016
1711,18/05/2016,TheSmartQ,Consumer Internet,Food Ordering Mobile App,Bengaluru,YourNest Angel Fund,Seed Funding,"2,50,000",,Bengaluru,Consumer Internet,250000,5/18/2016
1712,18/05/2016,PurpleHealth,Consumer Internet,Online health-on-demand platform,Trivandrum,Katabole Technology Venture,Seed Funding,"1,00,000",,Trivandrum,Consumer Internet,100000,5/18/2016
1713,18/05/2016,Fundamentor,Education,Aptitude Development Program,Pune,Subramanya SV,Seed Funding,,,Pune,Education,,5/18/2016
1714,18/05/2016,EduPristine,Education,Online Certification Courses,Mumbai,"Kaizen Management Advisors, DeVry Inc",Private Equity,"1,00,00,000",,Mumbai,Education,10000000,5/18/2016
1715,18/05/2016,BhiveWorkspace,Reality,Co-Working Spaces,Bengaluru,Blume Ventures,Private Equity,"10,00,000",,Bengaluru,Reality,1000000,5/18/2016
1716,18/05/2016,Parentlane,Consumer Internet,Parenting & Child Care app,Bengaluru,"Sujeet Kumar, Aprameya, Sumit Jain, Subramanya Venkat, Venk, Ravi Machani, Hitesh Gupta, Rohit Choudhary",Seed Funding,,,Bengaluru,Consumer Internet,,5/18/2016
1717,19/05/2016,Appie,Consumer Internet,Location-based offline retail discovery platform,Mumbai,Undisclosed investors,Seed Funding,"10,00,000",,Mumbai,Consumer Internet,1000000,5/19/2016
1718,19/05/2016,Niki.ai,Technology,Artificial Intelligence Platform,Bengaluru,Ratan Tata,Private Equity,,,Bengaluru,Technology,,5/19/2016
1719,19/05/2016,TaxiVaxi,Consumer Internet,Cab Aggregating Platform,New Delhi,Undisclosed HNIs,Seed Funding,"5,00,000",,New Delhi,Consumer Internet,500000,5/19/2016
1720,19/05/2016,Veqta,Consumer Internet,On Demand Digital Sports Network,New Delhi,"Chatsworth Management, ITW Digital",Seed Funding,"5,00,000",,New Delhi,Consumer Internet,500000,5/19/2016
1721,20/05/2016,i2ifunding,Consumer Internet,Online Peer to Peer Funding,Noida,Undisclosed Investors,Seed Funding,"3,00,000",,Noida,Consumer Internet,300000,5/20/2016
1722,23/05/2016,EduRev,Consumer Internet,Online Learning Platform,Gurugram,Pradeep Reddy Kamasan,Seed Funding,,,Gurugram,Consumer Internet,,5/23/2016
1723,23/05/2016,Hoppingo,Consumer Internet,Fashion Discovery platform,New Delhi,vCommission,Seed Funding,"89,000",,New Delhi,Consumer Internet,89000,5/23/2016
1724,24/05/2016,Eatonomist,Consumer Internet,Food Delivery Platform,Gurugram,MCube Capital Advisors Pvt Ltd,Seed Funding,,,Gurugram,Consumer Internet,,5/24/2016
1725,24/05/2016,Goalwise,Consumer Internet,Online investment platform,Bengaluru,Undisclosed HNIs,Seed Funding,"10,00,000",,Bengaluru,Consumer Internet,1000000,5/24/2016
1726,25/05/2016,Roast,Consumer Internet,Mobile entertainment App,New Delhi,Indian Angel Network,Seed Funding,,,New Delhi,Consumer Internet,,5/25/2016
1727,25/05/2016,Address Health,Healthcare,Pediatric Primary Healthcare Network,Bengaluru,Gray Matters Capital,Private Equity,"15,00,000",,Bengaluru,Healthcare,1500000,5/25/2016
1728,25/05/2016,Arcatron Mobility,Technology,Mobility Devices for differently abled,Pune,Sudhir Mehta,Seed Funding,"1,00,000",,Pune,Technology,100000,5/25/2016
1729,25/05/2016,SheThePeople,Consumer Internet,Digital platform for Women,New Delhi,Anand Mahindra,Seed Funding,,,New Delhi,Consumer Internet,,5/25/2016
1730,26/05/2016,Cleartax,Consumer Internet,Online Income Tax Filing platform,Bengaluru,"FF Angel, Sequoia Capital",Private Equity,"20,00,000",,Bengaluru,Consumer Internet,2000000,5/26/2016
1731,26/05/2016,Consure Medical,Healthcare,Medical Devices Kit manufacturer,New Delhi,"Accel Partners, Indian Angel Network, India Innovation Fund India Venture Partners",Private Equity,,,New Delhi,Healthcare,,5/26/2016
1732,26/05/2016,mChamp,Consumer Internet,Celebrity Entertainment Contest App,New Delhi,MoMagic Technologies,Seed Funding,"4,75,000",,New Delhi,Consumer Internet,475000,5/26/2016
1733,27/05/2016,Pianta,Consumer Internet,Online healthcare service discovery platform,Bengaluru,"Kunal Shah, Sandeep Tandon",Seed Funding,,,Bengaluru,Consumer Internet,,5/27/2016
1734,30/05/2016,Vahanalytics,Technology,Safe driving Analytics platform,Mumbai,"Anirudh Damani, Vikram Lakhotia",Seed Funding,"2,00,000",,Mumbai,Technology,200000,5/30/2016
1735,31/05/2016,Play Your Sport,Consumer Internet,Location based Sports & Fitness Discovery App,New Delhi,Ashish Gupta and other undisclosed investors,Seed Funding,,,New Delhi,Consumer Internet,,5/31/2016
1736,31/05/2016,Koovs,eCommerce,Apparel & Lifestyle eTailer,New Delhi,HT Media Ltd,Private Equity,"44,00,000",,New Delhi,E-Commerce,4400000,5/31/2016
1737,31/05/2016,CCavenue,Consumer Internet,Payment Gateway,Mumbai,NSI Infinium Global Pvt. Ltd,Private Equity,"89,00,000",,Mumbai,Consumer Internet,8900000,5/31/2016
1738,31/05/2016,1mg,eCommerce,Online Pharmacy,Gurugram,HBM Healthcare Investments,Private Equity,,,Gurugram,E-Commerce,,5/31/2016
1739,31/05/2016,Tpot,Food & Beverage,QSR Chain,Gurugram,Ashish Gupta,Seed Funding,,,Gurugram,Food & Beverage,,5/31/2016
1740,31/05/2016,MachaDalo,Consumer Internet,Hyperlocal Advertising Platform,Mumbai,Undisclosed Investors,Seed Funding,"1,75,000",,Mumbai,Consumer Internet,175000,5/31/2016
1741,1/4/2016,Dil Mil,Consumer Internet,Matchmaking Mobile App,SFO / Bangalore,"Nelstone Ventures, Transmedia Capital, Maiden Lane Ventures, CSC Upshot & Angel investors",Private Equity,"27,00,000",,Bengaluru,Consumer Internet,2700000,4/1/2016
1742,1/4/2016,PicsDream,Consumer Internet,Online Marketplace for Photographers,New Delhi,Raman Roy,Seed Funding,,,New Delhi,Consumer Internet,,4/1/2016
1743,1/4/2016,Process 9,Consumer Internet,online translation and transliteration,Gurugram,"Indian Angel Network, Alok Sharma, Kris Gopalakrishnan, Saurabh Srivastava, and Ajai Chowdhry",Seed Funding,,,Gurugram,Consumer Internet,,4/1/2016
1744,4/4/2016,Housing,Consumer Internet,Real Estate Portal,Mumbai,Vineet Singh,Private Equity,,,Mumbai,Consumer Internet,,4/4/2016
1745,4/4/2016,Roll Mafia,Food & Beverage,Rolls & Biryanis QSR chain,Pune,Equentia Natural Resource & Other undisclosed investors,Seed Funding,,,Pune,Food & Beverage,,4/4/2016
1746,4/4/2016,Hungama,Consumer Internet,Digital Media Entertainment Portal,Mumbai,Xiaomi Inc,Private Equity,"2,50,00,000",,Mumbai,Consumer Internet,25000000,4/4/2016
1747,4/4/2016,Highway Delite,Consumer Internet,Various Highway Help Services,Bengaluru,N.S. Raghavan Centre for Entrepreneurial Learning,Seed Funding,,,Bengaluru,Consumer Internet,,4/4/2016
1748,5/4/2016,Cult Fitness,Healthcare,Healthcare training programs,Bengaluru,Mukesh Bansal,Seed Funding,,,Bengaluru,Healthcare,,4/5/2016
1749,5/4/2016,Haptik,Technology,Personal Assistant App,Mumbai,Times Internet Ltd,Private Equity,,,Mumbai,Technology,,4/5/2016
1750,5/4/2016,Servify,Consumer Internet,Gadget & Appliances Service App,Mumbai,"Blume Ventures, Barkawi Holdings GmbH, TM Service Technology Holdings GmbH",Private Equity,,,Mumbai,Consumer Internet,,4/5/2016
1751,6/4/2016,Shipsy,Logistics,Logistics Solutions,Gurugram,DTDC Express Ltd,Private Equity,"10,00,000",,Gurugram,Logistics,1000000,4/6/2016
1752,6/4/2016,gear6,Consumer Internet,Online bike service and repairs platform,Bengaluru,Ninestarter,Seed Funding,"5,00,000",,Bengaluru,Consumer Internet,500000,4/6/2016
1753,6/4/2016,MyGlamm,Consumer Internet,Mobile based on-demand Beauty Services platform,Mumbai,L\\xe2\\x80\\x99Occitane,Private Equity,"60,00,000",,Mumbai,Consumer Internet,6000000,4/6/2016
1754,6/4/2016,Petoo,Consumer Internet,Online Food Delivery Platform,Bengaluru,Axilor Ventures,Private Equity,"10,00,000",,Bengaluru,Consumer Internet,1000000,4/6/2016
1755,7/4/2016,Truly Social,Consumer Internet,Mobile Gaming Studio,London,Nazara Technologies Pvt Ltd,Private Equity,,,London,Consumer Internet,,4/7/2016
1756,8/4/2016,Little Black Book,Consumer Internet,"Curated Food, event & Lifestyle guide",New Delhi,"IDG, Indian Angel Network",Seed Funding,,,New Delhi,Consumer Internet,,4/8/2016
1757,8/4/2016,Vahan,Education,Mobile Education Platform,Chennai,Villgro,Seed Funding,,,Chennai,Education,,4/8/2016
1758,8/4/2016,imedilane,Consumer Internet,Online Health Diagnosis platform,New Delhi,"Mahendra Patel, Nilender Chauhan",Seed Funding,"40,000",,New Delhi,Consumer Internet,40000,4/8/2016
1759,11/4/2016,Living Local,Consumer Internet,Social discovery platform,Mumbai,Rattan Chadha,Seed Funding,"2,00,000",,Mumbai,Consumer Internet,200000,4/11/2016
1760,11/4/2016,Vegfru,eCommerce,Online Fruit & Vegetable Marketplace,New Delhi,Wingify,Seed Funding,,,New Delhi,E-Commerce,,4/11/2016
1761,11/4/2016,Oyo,Consumer Internet,Online Branded Budget Room Booking Service,New Delhi,"Softbank, Sequoia Capital, Lightspeed Venture Partners, Greenoaks Capital, DSG Consumer Partners and Venture Nursery",Private Equity,"10,00,00,000",,New Delhi,Consumer Internet,100000000,4/11/2016
1762,11/4/2016,PriceRaja,Consumer Internet,Price Comparison Portal,Gurugram,Prashant Puri,Seed Funding,"3,00,000",,Gurugram,Consumer Internet,300000,4/11/2016
1763,12/4/2016,MagicX,Consumer Internet,On-Demand Task Management App,Bengaluru,"Kris Gopalakrishnan, Dr. Ranjan Pai",Seed Funding,"10,00,000",,Bengaluru,Consumer Internet,1000000,4/12/2016
1764,12/4/2016,Happydemic,Consumer Internet,Artist Discovery & Booking platform,Mumbai,Shaan,Seed Funding,,,Mumbai,Consumer Internet,,4/12/2016
1765,12/4/2016,LenDenClub,Finance,Peer-to-Peer Lending Platform,Mumbai,"Anirudh Damani, Daud Ali, Narendra Karnavat, Vikas Kapoor, Vikram Lakhotia, Krishna Jhunjhunwaala, Jayesh Shah",Seed Funding,,,Mumbai,Finance,,4/12/2016
1766,12/4/2016,Indi.com,Consumer Internet,Video Social Network,,Anil Kapoor,Seed Funding,,,Unknown,Consumer Internet,,4/12/2016
1767,13/04/2016,Legalraasta,Consumer Internet,Online legal Services for Startups,New Delhi,"Pravin Khandelwal, Yatin Kumar Jain",Seed Funding,"10,00,000",,New Delhi,Consumer Internet,1000000,4/13/2016
1768,13/04/2016,RainCan,Consumer Internet,Subscription-based grocery delivery Mobile App,Pune,Dr. Aniruddha Malpani,Seed Funding,"1,50,000",,Pune,Consumer Internet,150000,4/13/2016
1769,13/04/2016,Hippily,eCommerce,Fashion ECommerce App,Mumbai,"Dr. Sridhar Ramaswamy, Rakesh Mathur",Seed Funding,"2,50,000",,Mumbai,E-Commerce,250000,4/13/2016
1770,13/04/2016,kredX,eCommerce,Invoice discounting\\xc2\\xa0 Marketplace,Bengaluru,"Prime Venture Partners,",Seed Funding,"7,50,000",,Bengaluru,E-Commerce,750000,4/13/2016
1771,14/04/2016,Wedwise,Consumer Internet,Wedding related services community,New Delhi,StartUp Equity Partners,Seed Funding,,,New Delhi,Consumer Internet,,4/14/2016
1772,14/04/2016,BeaconsTalk,Technology,contextual mobile advertising,Mumbai,"Rajeev Agrawal, Prashant Gooty",Seed Funding,"1,00,000",,Mumbai,Technology,100000,4/14/2016
1773,15/04/2016,Deal 4Loans,Consumer Internet,Loan Comparison Portal,Noida,"Ram Shriram, Neeraj Arora, Puru Vashishtha",Seed Funding,,,Noida,Consumer Internet,,4/15/2016
1774,15/04/2016,RenewBuy,Consumer Internet,Online Car & Bike Insurance Comparison portal,New Delhi,Mount Nathan Advisors,Seed Funding,"10,00,000",,New Delhi,Consumer Internet,1000000,4/15/2016
1775,15/04/2016,Blue Box Media,Consumer Internet,Online Tech Portals,Jaipur,"Mahavir Pratap Sharma, Ajay Data, Yogesh Chaudhary, Sanjay Phophaliya, Siddharth Agarwal, Kamal Kothari",Seed Funding,,,Jaipur,Consumer Internet,,4/15/2016
1776,15/04/2016,Vyomo,Consumer Internet,On-Demand Beauty Service provider,New Delhi,Naturals Salon Chain,Private Equity,"1,50,00,000",,New Delhi,Consumer Internet,15000000,4/15/2016
1777,15/04/2016,Organicshop,eCommerce,Marketplace for organic products,Jaipur,"Vivek Nathani, Yogesh Chaudhary, Mahavir Pratap Sharma, Kamal Kothari, H C Jain",Seed Funding,,,Jaipur,E-Commerce,,4/15/2016
1778,15/04/2016,MInd Your Fleet,Consumer Internet,Car Rental Software,Noida,Undisclosed Investors,Seed Funding,,,Noida,Consumer Internet,,4/15/2016
1779,15/04/2016,NestAway,Consumer Internet,Furnished Home Rental Platform,Bengaluru,Tiger Global,Private Equity,"3,00,00,000",,Bengaluru,Consumer Internet,30000000,4/15/2016
1780,15/04/2016,Tapchief,Consumer Internet,Expert Advice Platform,Bengaluru,Vijay Shekhar Sharma,Seed Funding,"1,50,000",,Bengaluru,Consumer Internet,150000,4/15/2016
1781,18/04/2016,Rapido,Consumer Internet,Bike Aggregator App,Bengaluru,"Pawan Munjal, AdvantEdge Partners, Astarc Ventures",Private Equity,,,Bengaluru,Consumer Internet,,4/18/2016
1782,18/04/2016,Yufta,eCommerce,Women\\xe2\\x80\\x99s Fashion ECommerce Portal,Bengaluru,Ajay Data & other HNIs,Seed Funding,,,Bengaluru,E-Commerce,,4/18/2016
1783,18/04/2016,Smytten,eCommerce,Online Discovery and Shopping Platform,Gurugram,Rajan Anandan,Seed Funding,,,Gurugram,E-Commerce,,4/18/2016
1784,18/04/2016,Houssup,Consumer Internet,interior design and home furnishing portal,Jaipur,"Mitin Patel, Gaurav Agarwal",Seed Funding,,,Jaipur,Consumer Internet,,4/18/2016
1785,18/04/2016,Jugnoo,Consumer Internet,On-demand Delivery & Logistics platform,Chandigarh,Paytm & existing investors,Private Equity,"1,00,00,000",,Chandigarh,Consumer Internet,10000000,4/18/2016
1786,18/04/2016,Tork Motocycles,Auto,Electric Motorcycle Manufacturer,Pune,"Bhavish Aggarwal, Ankit Bhati",Seed Funding,,,Pune,Automobile,,4/18/2016
1787,19/04/2016,Betaout,eCommerce,customer intelligence and marketing automation platform,Noida,"Stanford Angels, LetsVenture, Chennai Angels, Hyderabad Angels, Mumbai Angels",Private Equity,"15,00,000",,Noida,E-Commerce,1500000,4/19/2016
1788,19/04/2016,DriversCart,Consumer Internet,on-demand chauffeur provider,Chennai,ah! Ventures,Seed Funding,"4,50,000",,Chennai,Consumer Internet,450000,4/19/2016
1789,19/04/2016,LensKart,eCommerce,Eyewear etailing platform,New Delhi,Ratan Tata,Private Equity,,,New Delhi,E-Commerce,,4/19/2016
1790,19/04/2016,CollegeDekho,Consumer Internet,College & Student information platform,New Delhi,Man Capital,Private Equity,"20,00,000",,New Delhi,Consumer Internet,2000000,4/19/2016
1791,19/04/2016,OYOfit,Consumer Internet,Fitness Services Aggregator platform,Bengaluru,RN Agarwal,Seed Funding,,,Bengaluru,Consumer Internet,,4/19/2016
1792,19/04/2016,Oliveboard,Consumer Internet,Online exam practice & preparation platform,Bengaluru,India Educational Investment Fund,Private Equity,,,Bengaluru,Consumer Internet,,4/19/2016
1793,19/04/2016,Simplilearn,Consumer Internet,Online certification platform,Bengaluru,Brand Capital,Private Equity,,,Bengaluru,Consumer Internet,,4/19/2016
1794,20/04/2016,1mg,eCommerce,Online Pharmacy,Gurugram,"Maverick Capital Ventures, Sequoia Capital, Omidyar Network",Private Equity,"1,50,00,000",,Gurugram,E-Commerce,15000000,4/20/2016
1795,20/04/2016,Fashalot,Consumer Internet,Fashion and Store discovery mobile app,New Delhi,"YourNest Angel Fund, Rajul Garg",Seed Funding,,,New Delhi,Consumer Internet,,4/20/2016
1796,20/04/2016,Broomberg,Consumer Internet,Cleaning Services Provider,New Delhi,Undisclosed Angel investors & HNIs,Seed Funding,,,New Delhi,Consumer Internet,,4/20/2016
1797,21/04/2016,m.paani,Consumer Internet,Loyalty rewards platform,Mumbai,"Blume Ventures, Adil Allana, Aprameya Radhakrishna, Gautam Ivatury, Signal Point Partners",Seed Funding,,,Mumbai,Consumer Internet,,4/21/2016
1798,21/04/2016,Yufta,eCommerce,hyperlocal fashion retail platform,Jaipur,Ajay Data & undisclosed HNIs,Seed Funding,,,Jaipur,E-Commerce,,4/21/2016
1799,21/04/2016,mishTag,Consumer Internet,"Style, Fashion Discovery Mobile app",New Delhi,"M&Y Partners, SVG Media, Anthil Ventures & others",Seed Funding,,,New Delhi,Consumer Internet,,4/21/2016
1800,21/04/2016,Advanced Structures India,Auto,Automotive Design and Engineering company,Bengaluru,GirnarSoft,Private Equity,,,Bengaluru,Automobile,,4/21/2016
1801,22/04/2016,Licious,eCommerce,Mobile based Meat ordering App,Bengaluru,Mayfield India II Management Ltd,Private Equity,"30,00,000",,Bengaluru,E-Commerce,3000000,4/22/2016
1802,22/04/2016,Knolskae,Consumer Internet,Educational Gamification & Simulation platform,Bengaluru,"Inventus Capital Partners, HR Fund",Private Equity,,,Bengaluru,Consumer Internet,,4/22/2016
1803,22/04/2016,Druva,Technology,Converged Backup & Data Protection Solutions for Enterprises,Pune,"NTT Finance, Telephone Corporation",Private Equity,,,Pune,Technology,,4/22/2016
1804,22/04/2016,TOKO Innovation Studios,Consumer Internet,Children\xe2\x80\x99s Entertainment Games & Products,New Delhi,Indian Angel network,Seed Funding,"4,50,000",,New Delhi,Consumer Internet,450000,4/22/2016
1805,25/04/2016,Commut,Consumer Internet,Shuttle Service Provider,Hyderabad,50K Ventures,Seed Funding,"2,00,000",,Hyderabad,Consumer Internet,200000,4/25/2016
1806,25/04/2016,intouchapp,Consumer Internet,Contact Management Mobile App,Pune,Blume Ventures,Seed Funding,,,Pune,Consumer Internet,,4/25/2016
1807,25/04/2016,Dropkaffe,Food & Beverage,Ready-to-Drink Beverage Producer,Bengaluru,"GrowthStory, Apurva Salapuria, Hitesh Oberoi, Sidharth Pansari, Nirupa Shankar",Seed Funding,"5,50,000",,Bengaluru,Food & Beverage,550000,4/25/2016
1808,26/04/2016,Transerv,Consumer Internet,Digital Payments platform,Mumbai,"IDFC SPICE Fund, Micromax Informatics",Private Equity,"1,50,00,000",,Mumbai,Consumer Internet,15000000,4/26/2016
1809,26/04/2016,ClearTax,Consumer Internet,Online filing of Tax returns,Bengaluru,"Max Levchin, Scott Banister",Private Equity,"13,00,000",,Bengaluru,Consumer Internet,1300000,4/26/2016
1810,26/04/2016,Roposo,eCommerce,Social Fashion ECommerce Discovery platform,Gurugram,Bertelsmann India Investments,Private Equity,"1,50,00,000",,Gurugram,E-Commerce,15000000,4/26/2016
1811,27/04/2016,MilkBasket,Consumer Internet,Micro Grocery Delivery Platform,Gurugram,EVC Ventures,Seed Funding,"5,00,000",,Gurugram,Consumer Internet,500000,4/27/2016
1812,27/04/2016,CareonGO,Consumer Internet,Online Pharmacy,,"Farooq Oomerbhoy, Anupam Mittal, Anand Mittal, Ravi Garikipati, Vibhu Garg, Singapore Angel Network, Konglo Ventures",Seed Funding,,,Unknown,Consumer Internet,,4/27/2016
1813,27/04/2016,RailYatri,Consumer Internet,Train Related Information portal,Noida,"Nandan Nilekani, Helion Ventures, Omidyar Networks, Blume Ventures",Private Equity,,,Noida,Consumer Internet,,4/27/2016
1814,27/04/2016,ICHR,Consumer Internet,Mobile based Children health Information app,New Delhi,Undisclosed,Seed Funding,"4,50,000",,New Delhi,Consumer Internet,450000,4/27/2016
1815,27/04/2016,Murgency,Consumer Internet,Medical Emergency Response App,Mumbai,Axilor Ventures,Private Equity,,,Mumbai,Consumer Internet,,4/27/2016
1816,28/04/2016,The Wedding Brigade,Consumer Internet,Online Wedding Information Portal,Mumbai,Blume Ventures & Other unnamed Investors,Seed Funding,"6,00,000",,Mumbai,Consumer Internet,600000,4/28/2016
1817,28/04/2016,DocsApp,Consumer Internet,Online Doctor Discovery & Chat platform,Bengaluru,"Rebright Partners, Anand Rajaraman, Venky Harinarayan",Private Equity,"12,00,000",,Bengaluru,Consumer Internet,1200000,4/28/2016
1818,29/04/2016,Impact Guru,Consumer Internet,Online Crowdfunding platform for NGOs & Social Projects,Mumbai,"RB Investments, Fundnel",Seed Funding,"5,00,000",,Mumbai,Consumer Internet,500000,4/29/2016
1819,29/04/2016,LetReach,eCommerce,ECommerce SAAS Solutions,New Delhi,vCommission,Private Equity,"1,00,000",,New Delhi,E-Commerce,100000,4/29/2016
1820,1/3/2016,DriveU,Consumer Internet,Chauffeurs Discovery for private car owners,Bengaluru,Unitus Seed Fund,Seed Funding,,,Bengaluru,Consumer Internet,,3/1/2016
1821,1/3/2016,Gympik,Consumer Internet,"Fitness Centres, Gym Discovery online marketplace",Bengaluru,RoundGlass Partners,Private Equity,,,Bengaluru,Consumer Internet,,3/1/2016
1822,1/3/2016,Testbook,Consumer Internet,Online Test Preparation Platform,Mumbai,S Chand & Co,Private Equity,,,Mumbai,Consumer Internet,,3/1/2016
1823,1/3/2016,IQlect,Technology,Big Data Analytics Platform,Bengaluru,"Lip-Bu Tan, Michael Marks, Nicolas Braithwaite",Private Equity,,,Bengaluru,Technology,,3/1/2016
1824,2/3/2016,MoMark,Consumer Internet,Mobile Wallet Aggregation platform,Noida,YourNest Angel Fund,Private Equity,"6,00,000",,Noida,Consumer Internet,600000,3/2/2016
1825,2/3/2016,Skedool,Consumer Internet,AI based Office Assistant Mobile App,Seattle / Bangalore,"Kludein LLC\\nPhanindra Sama, Narayan Ramachandran, Pranav Pai",Seed Funding,,,Bengaluru,Consumer Internet,,3/2/2016
1826,2/3/2016,Systemantics,Technology,Industrial robots maker,Bengaluru,"Nandan Nilekani, Accel Partners",Private Equity,"14,00,000",,Bengaluru,Technology,1400000,3/2/2016
1827,3/3/2016,Vertuals,Technology,Audio Visual Digital Content creators for Brands,Mumbai,Dino Morea,Seed Funding,,,Mumbai,Technology,,3/3/2016
1828,3/3/2016,Imarticus Learning,Education,Financial Services & Analytics Education Institute,Mumbai,"Blinc Advisors, Amit Nanavati, Tashwinder Singh, Taranjit Jaswal, Amit Khanna",Private Equity,"10,00,000",,Mumbai,Education,1000000,3/3/2016
1829,3/3/2016,Shouut,Consumer Internet,Social Discovery Mobile app,New Delhi,Undisclosed investor,Seed Funding,"5,00,000",,New Delhi,Consumer Internet,500000,3/3/2016
1830,4/3/2016,TinyStep,Consumer Internet,Parenting Social Network Platform,Bengaluru,Matt Glickman,Private Equity,,,Bengaluru,Consumer Internet,,3/4/2016
1831,4/3/2016,Aahaa,ECommerce,Office Products Super Store,Chennai,"YourNest Angel Fund,",Private Equity,"10,00,000",,Chennai,E-Commerce,1000000,3/4/2016
1832,4/3/2016,Arcatron Mobility,Technology,Smart wheelchair Design and Development,Pune,"Sudhir Mehta, Anoop Hingorani",Seed Funding,,,Pune,Technology,,3/4/2016
1833,4/3/2016,FTCash,Consumer Internet,Mobile Payments Platform,Kolkata,IvyCap Ventures,Seed Funding,"1,50,000",,Kolkata,Consumer Internet,150000,3/4/2016
1834,4/3/2016,Civilsdaily,Consumer Internet,Civil Services News Aggregator,New Delhi,Manoj Kumar & Other undisclosed investors,Seed Funding,,,New Delhi,Consumer Internet,,3/4/2016
1835,4/3/2016,Zappka,Consumer Internet,Mobile App discovery and review platform,Gurugram,"Daman Soni, Rajat Gupta & Others",Seed Funding,"1,00,000",,Gurugram,Consumer Internet,100000,3/4/2016
1836,4/3/2016,Tarusa World,ECommerce,Handicraft products eTailer,Mumbai,Mohit Gulati,Seed Funding,,,Mumbai,E-Commerce,,3/4/2016
1837,4/3/2016,medECUBE,Healthcare,Healthcare related Services provider,Gurugram,Artiman Ventures,Private Equity,"40,00,000",,Gurugram,Healthcare,4000000,3/4/2016
1838,7/3/2016,N.O.W,Consumer Internet,Bike Taxi Service & Hyperlocal Delivery App,Noida,"Ruchirans Jaipuria, Anuj Sanghi",Seed Funding,"5,00,000",,Noida,Consumer Internet,500000,3/7/2016
1839,7/3/2016,Ninjacart,ECommerce,B2B marketplace for Farmers & Retailers,Bengaluru,"Accel Partners, Qualcomm Ventures, M&S Partners, Zop Smart",Private Equity,"30,00,000",,Bengaluru,E-Commerce,3000000,3/7/2016
1840,7/3/2016,Reach,Consumer Internet,Cross Platform P2P file sharing mobile app,Bengaluru,"Rebright Partners, Sol Primero, Sudhir Anandarao, Ankur Warikoo, Ankur Singla",Seed Funding,"5,00,000",,Bengaluru,Consumer Internet,500000,3/7/2016
1841,7/3/2016,Vanity Cube,Consumer Internet,Hyperlocal Beauty Services platform,New Delhi,Unicorn Ventures,Seed Funding,"2,50,000",,New Delhi,Consumer Internet,250000,3/7/2016
1842,7/3/2016,Wooplr,ECommerce,Curated Fashion ECommerce portal,Bengaluru,"Naveen Tewari, Abhay Singhal, Amit Gupta, Piyush Shah, Raghunandan G, Rajiv Mehta",Seed Funding,,,Bengaluru,E-Commerce,,3/7/2016
1843,7/3/2016,Medidaili,Consumer Internet,Medical Support service platform,Bengaluru,Undisclosed private investors,Seed Funding,"1,00,000",,Bengaluru,Consumer Internet,100000,3/7/2016
1844,8/3/2016,Finomena,Technology,Credit Worthiness Big Data Analytics,New Delhi,Matrix Partners India,Private Equity,,,New Delhi,Technology,,3/8/2016
1845,8/3/2016,Cookaroo,Consumer Internet,Food Delivery Platform,Bengaluru,Vijay Krishna Yadav,Seed Funding,,,Bengaluru,Consumer Internet,,3/8/2016
1846,8/3/2016,vPhrase Analytics,Technology,AI based data analytics platform,Mumbai,"Apoorv Ranjan Sharma, Daud Ali and others",Seed Funding,,,Mumbai,Technology,,3/8/2016
1847,8/3/2016,LoveCycles,Consumer Internet,Women\\xe2\\x80\\x99s health Tracker,Bengaluru,Prime Venture Partners,Seed Funding,"7,50,000",,Bengaluru,Consumer Internet,750000,3/8/2016
1848,8/3/2016,Kartrocket,ECommerce,ECommerce SAAS platform,New Delhi,"Undisclosed Japanese investor, Bertelsmann India Investments, Nirvana Digital India Fund, Nirvana Digital Investment Holding Co Ltd, 500 Start-Ups",Private Equity,"80,00,000",,New Delhi,E-Commerce,8000000,3/8/2016
1849,8/3/2016,dunzo,Consumer Internet,Daily Task Management App,Bengaluru,"Aspada Investment Advisors, Blume Ventures.",Seed Funding,"6,50,000",,Bengaluru,Consumer Internet,650000,3/8/2016
1850,9/3/2016,Indiamart,ECommerce,B2B Marketplace for SMBs,Noida,Amadeus Capital,Private Equity,,,Noida,E-Commerce,,3/9/2016
1851,9/3/2016,SmartVizX,Technology,Virtual Reality Solutions,Noida,"Indian Angel Network, Stanford Angels, Entrepreneurs India",Seed Funding,"5,00,000",,Noida,Technology,500000,3/9/2016
1852,9/3/2016,MyGubbi,Real Estate,Interior Design & Home D\\xc3\\xa9cor Solutions,Bengaluru,"Vipul Parekh, ajesh K Murthy,",Seed Funding,"25,00,000",,Bengaluru,Real Estate,2500000,3/9/2016
1853,9/3/2016,Nukkad Shops,Consumer Internet,Hyperlocal Grocery Delivery Service,Hyderabad,PurpleTalk Inc,Seed Funding,"10,00,000",,Hyderabad,Consumer Internet,1000000,3/9/2016
1854,9/3/2016,Cloudacar,Consumer Internet,Carpooling Mobile App,Pune,"Amit Choudhary, Anuj Puri",Seed Funding,,,Pune,Consumer Internet,,3/9/2016
1855,9/3/2016,Justride,Consumer Internet,Self Drive Car Rental,Mumbai,Dheeraj Jain & Other angel investors,Seed Funding,"4,00,000",,Mumbai,Consumer Internet,400000,3/9/2016
1856,9/3/2016,Yana,Consumer Internet,Personal AI Transaction Engine App,Gurugram,"Puneet Gupta,",Seed Funding,,,Gurugram,Consumer Internet,,3/9/2016
1857,10/3/2016,Big Fish Ventures,Food & Beverage,premium dining lounges Chain,New Delhi,Undisclosed investors,Private Equity,"1,11,00,000",,New Delhi,Food & Beverage,11100000,3/10/2016
1858,10/3/2016,Stylflip,ECommerce,Pre-Owned Fashion marketplace mobile app,Mumbai,"Raj Gala Shah, Zaheer Memon",Seed Funding,,,Mumbai,E-Commerce,,3/10/2016
1859,10/3/2016,Icertis,Technology,Contract Management Software Solutions platform,Pune/Seattle,"Ignition Partners, Greycroft Partners, Fidelity Growth Partners India",Private Equity,"1,50,00,000",,Pune,Technology,15000000,3/10/2016
1860,10/3/2016,Supplified,ECommerce,Construction material eTailer,New Delhi,Mohit Goel,Seed Funding,"10,00,000",,New Delhi,E-Commerce,1000000,3/10/2016
1861,11/3/2016,JollyFoodFellow,Technology,Food Related Marketing & Branding platform,Ahmedabad,Janak Parikh,Seed Funding,,,Ahmedabad,Technology,,3/11/2016
1862,14/03/2016,PinkBlue,ECommerce,Medical Supplies eTailer,Bengaluru,"Hari Krishna, Ajay Modani, Dr V Ravinder, Anirudh Rastogi, Abhishek Jain, Rakesh Gakhar, Rajeev Mudumba, Nagendra Prasad Bhanuprakash",Seed Funding,"2,23,608",,Bengaluru,E-Commerce,223608,3/14/2016
1863,14/03/2016,TruckingCube,Logistics,"Domestic, Commercial, and Industrial Goods Movers",New Delhi,Agarwal Movers Group,Private Equity,"1,49,00,000",,New Delhi,Logistics,14900000,3/14/2016
1864,14/03/2016,eSwasthya,Consumer Internet,Online Medicine Delivery Aggregator,Ahmedabad,Hemang Sahani,Seed Funding,,,Ahmedabad,Consumer Internet,,3/14/2016
1865,15/03/2016,FlipClass,Consumer Internet,Tutor Search Platform,Bengaluru,"S Chand and Co Pvt Ltd, Blume Ventures",Private Equity,"10,00,000",,Bengaluru,Consumer Internet,1000000,3/15/2016
1866,15/03/2016,Proximit,Technology,Advertising Technology,Pune,Funding through 1Crowd platform,Seed Funding,"1,50,000",,Pune,Technology,150000,3/15/2016
1867,15/03/2016,WithMe,Consumer Internet,Personalized Fashion App,Gurugram,"Alex Kuruvilla, Pradeep Guha, Saket Dhankar, Rajan Pandhare",Seed Funding,"2,50,000",,Gurugram,Consumer Internet,250000,3/15/2016
1868,16/03/2016,Gapoon,Consumer Internet,Hyperlocal Home Maintenance services,Bengaluru,"Chandrashekar Tallapragada, Pankaj Kapoor",Seed Funding,"1,80,000",,Bengaluru,Consumer Internet,180000,3/16/2016
1869,16/03/2016,Avagmah,Consumer Internet,Online Education Portal,Bengaluru,"Kris Gopalakrishnan, Atul Nishar",Seed Funding,,,Bengaluru,Consumer Internet,,3/16/2016
1870,16/03/2016,WorkIndia,Consumer Internet,Online Job Board,Mumbai,Beenext,Seed Funding,,,Mumbai,Consumer Internet,,3/16/2016
1871,16/03/2016,Wealthy,Consumer Internet,Online Investment management portal,Bengaluru,"Zishaan Hayath, Abhishek Goyal, Arjun and Rohan Malhotra, Harpreet Singh Grover, Gagan Dugal",Seed Funding,"2,50,000",,Bengaluru,Consumer Internet,250000,3/16/2016
1872,17/03/2016,Pramati,Healthcare,Specialized Patient Care platform,Noida,Undisclosed investors,Seed Funding,"2,00,000",,Noida,Healthcare,200000,3/17/2016
1873,17/03/2016,Qlivery,Consumer Internet,Ondemand Concierge Service,Gurugram,Swastika Company Ltd,Seed Funding,"2,30,000",,Gurugram,Consumer Internet,230000,3/17/2016
1874,17/03/2016,HealthEnablr,Consumer Internet,Doctor Discovery and booking platform,Mumbai,Undisclosed investors,Seed Funding,"8,00,000",,Mumbai,Consumer Internet,800000,3/17/2016
1875,17/03/2016,Liftiee,Consumer Internet,Car/ bike Pooling App,Mumbai,"Rannvijay Singh, Anita Hassanandani",Seed Funding,"1,08,000",,Mumbai,Consumer Internet,108000,3/17/2016
1876,18/03/2016,Hello Curry,Food & Beverage,Quick Service Restaurant Chain,Hyderabad,Sashi Reddi & Other unnamed investors,Private Equity,"15,00,000",,Hyderabad,Food & Beverage,1500000,3/18/2016
1877,19/03/2016,goSporto,Consumer Internet,Online Sports discovery and booking platform,New Delhi,Naveen Gupta,Seed Funding,"30,000",,New Delhi,Consumer Internet,30000,3/19/2016
1878,21/03/2016,OneClickWash,Consumer Internet,Online Laundry & Washing service Booking & Delivery,Gurugram,Unitus Seed Fund,Seed Funding,,,Gurugram,Consumer Internet,,3/21/2016
1879,21/03/2016,Girnar Software,Consumer Internet,Online News Media Network,Jaipur,Google Capital,Private Equity,,,Jaipur,Consumer Internet,,3/21/2016
1880,21/03/2016,Room On Call,Consumer Internet,Budget hotel aggregator,Gurugram,CASHurDRIVE Marketing Pvt Ltd,Private Equity,"20,00,000",,Gurugram,Consumer Internet,2000000,3/21/2016
1881,22/03/2016,Byju\\xe2\\x80\\x99s,Consumer Internet,Educational Video Content Creator,Bengaluru,"Sequoia India, Sofina",Private Equity,"7,50,00,000",,Bengaluru,Consumer Internet,75000000,3/22/2016
1882,22/03/2016,BigBasket,eCommerce,Online Grocery Shop,Bengaluru,Abraaj Group,Private Equity,"15,00,00,000",,Bengaluru,E-Commerce,150000000,3/22/2016
1883,22/03/2016,DrivoJoy,Consumer Internet,On-demand 2-wheeler Servicing platform,Bengaluru,"Indian Angel Network, Tracxn Labs & Others",Seed Funding,"6,00,000",,Bengaluru,Consumer Internet,600000,3/22/2016
1884,22/03/2016,Smartron,Technology,Internet of Things Device manufacturer,Bengaluru,Sachin Tendulkar,Private Equity,,,Bengaluru,Technology,,3/22/2016
1885,22/03/2016,LifCare,Consumer Internet,Online Pharmacy portal,Jaipur,"Rajul Garg, Alok Mittal, Kunal Shah, Rishi Mandawat, Dheeraj Jain, Sandeep Tandon, Dexter Angel Circle",Seed Funding,,,Jaipur,Consumer Internet,,3/22/2016
1886,22/03/2016,CreditSeva,Consumer Internet,Online Credit management tools,Hyderabad,"Pix Vine Capital, Infocomm Development Authority of Singapore",Seed Funding,"3,60,000",,Hyderabad,Consumer Internet,360000,3/22/2016
1887,22/03/2016,CityShor,Consumer Internet,online lifestyle media recommendation portal,Ahmedabad,GAIN,Seed Funding,,,Ahmedabad,Consumer Internet,,3/22/2016
1888,23/03/2016,Endless Robotics,Technology,Interior Painting Automation,Hyderabad,"Devidas Desai, Vipul Gautam, Singapore Angel Network",Seed Funding,"1,00,000",,Hyderabad,Technology,100000,3/23/2016
1889,23/03/2016,SP Robotics,Technology,Robotic Classes for Students,Chennai,"Indian Angel Network,",Seed Funding,"3,00,000",,Chennai,Technology,300000,3/23/2016
1890,23/03/2016,StalkBuyLove,eCommerce,Fashion eTailer,New Delhi,"500 Startups, Littlerock, Singularity Ventures",Seed Funding,,,New Delhi,E-Commerce,,3/23/2016
1891,23/03/2016,eKincare,Consumer Internet,Healthcare related solutions,Hyderabad,"BitChemy Ventures, Maheshwari Investments Pvt Ltd, Anshoo Gaur, Rama Krishna Reddy, Sandeep Seerapu",Private Equity,"3,30,000",,Hyderabad,Consumer Internet,330000,3/23/2016
1892,23/03/2016,HashLearn,Consumer Internet,Mobile based private tutoring services,,"Bhavish Aggarwal, Binny Bansal,\\xc2\\xa0 Rajan Anandan, Mekin Maheshwar, Sunil Kalra, Anupam Mittal, Krishna Mehra, Singapore Angel Network",Seed Funding,,,Unknown,Consumer Internet,,3/23/2016
1893,23/03/2016,Wheelstreet,Consumer Internet,Online Bike Rental platform,Bengaluru,Broadbean Capital services,Private Equity,"5,00,000",,Bengaluru,Consumer Internet,500000,3/23/2016
1894,24/03/2016,Horntell,Consumer Internet,Unified Push Notification service,Gurugram,"Bharanidharan Viswanathan, Sanjiv Mittal, Shobhit Shukla, Rahul Agarwal",Seed Funding,"1,50,000",,Gurugram,Consumer Internet,150000,3/24/2016
1895,28/03/2016,Schoolkart,eCommerce,Online Marketplace for Schools,Noida,Undisclosed investors,Seed Funding,"3,00,000",,Noida,E-Commerce,300000,3/28/2016
1896,29/03/2016,HealthEminds,Consumer Internet,Online mental healthcare,Bengaluru,Robin Utthappa,Seed Funding,,,Bengaluru,Consumer Internet,,3/29/2016
1897,29/03/2016,Babygogo,Consumer Internet,Child healthcare experts aggregator mobile app,New Delhi,"Rajul Garg, Daljit Singh, Aditya Vij, Kishore Kumar, Shuchin Bajaj",Seed Funding,"3,00,000",,New Delhi,Consumer Internet,300000,3/29/2016
1898,29/03/2016,Veritas Finance,Finance,Asset Based Lending platform,Chennai,Sarva Capital,Private Equity,"47,00,000",,Chennai,Finance,4700000,3/29/2016
1899,29/03/2016,QikShip,Consumer Internet,Mobile based Logistics provider,New Delhi,undisclosed investors,Seed Funding,"2,00,000",,New Delhi,Consumer Internet,200000,3/29/2016
1900,29/03/2016,FixNix,Consumer Internet,GRC SAAS Platform,Chennai,Jay Vijayan,Seed Funding,"5,00,000",,Chennai,Consumer Internet,500000,3/29/2016
1901,30/03/2016,True Balance,Technology,Mobile Balance Check App,Gurugram,SoftBank Ventures Korea,Private Equity,,,Gurugram,Technology,,3/30/2016
1902,30/03/2016,Touchkin,Healthcare,Predictive Healthcare platform,Bengaluru,"Alok Mittal, Amit Gupta, Anuj Srivastava, Himanshu Aggarwal, Raghunandan G, Puneet Agarwal",Seed Funding,"4,00,000",,Bengaluru,Healthcare,400000,3/30/2016
1903,31/03/2016,SwitchMe,Consumer Internet,Home Loan Rate comparison platform,Mumbai,"Mohandas Pai, Hiro Mashita, Singapore Angel Network, 500 Startups, Rajan Anandan, Ajay Sarupria",Seed Funding,,,Mumbai,Consumer Internet,,3/31/2016
1904,31/03/2016,Transcell,Healthcare,Family Stem Cell Banking Services,Hyderabad,Indian Angel Network,Seed Funding,,,Hyderabad,Healthcare,,3/31/2016
1905,1/2/2016,Blue Tokai Coffee,ECommerce,Specialty Coffee Etailer,New Delhi,Snow Leopard Technology Ventures,Seed Funding,,,New Delhi,E-Commerce,,2/1/2016
1906,2/2/2016,Altizone,Technology,IoT & M2M Solutions,Pune,"Wipro Ventures,\\xc2\\xa0 Lumis Partners",Private Equity,"40,00,000",,Pune,Technology,4000000,2/2/2016
1907,2/2/2016,Oust App,Consumer Internet,Competitive Exam Preparation Platform,Bengaluru,"T V Mohandas Pai,\\xc2\\xa0 Aarin Capital",Seed Funding,,,Bengaluru,Consumer Internet,,2/2/2016
1908,2/2/2016,Strike,Consumer Internet,Mobile Email productivity tool,Bengaluru,Multiple investors through Ten Minute Million competition,Seed Funding,"22,500",,Bengaluru,Consumer Internet,22500,2/2/2016
1909,2/2/2016,MaaxMarket,Consumer Internet,Marketing Automation platform,,Multiple investors through Ten Minute Million competition,Seed Funding,"22,500",,Unknown,Consumer Internet,22500,2/2/2016
1910,2/2/2016,Gamooz,Technology,Augmented Reality Solutions,Gurugram,Multiple investors through Ten Minute Million competition,Seed Funding,"22,500",,Gurugram,Technology,22500,2/2/2016
1911,2/2/2016,SoundSurround,Technology,Audio Technology Solutions,Mumbai,Multiple investors through Ten Minute Million competition,Seed Funding,"22,500",,Mumbai,Technology,22500,2/2/2016
1912,3/2/2016,Mazkara,Consumer Internet,Beauty & Wellness Platform,Pune / Dubai,Dunamis Ventures Pte Ltd.,Seed Funding,"10,00,000",,Pune,Consumer Internet,1000000,2/3/2016
1913,3/2/2016,RoadGods,ECommerce,Auto Spare Parts eTailer,New Delhi,Green House Ventures (GHV),Seed Funding,"1,00,000",,New Delhi,E-Commerce,100000,2/3/2016
1914,3/2/2016,Pindropmusic,Consumer Internet,Music Discovery Mobile App,Noida,Green House Ventures (GHV),Seed Funding,"1,00,000",,Noida,Consumer Internet,100000,2/3/2016
1915,3/2/2016,Woodpie,Consumer Internet,Book Recommendation Service,Bengaluru,Ingram Content Group,Seed Funding,"30,000",,Bengaluru,Consumer Internet,30000,2/3/2016
1916,4/2/2016,Perfumery,ECommerce,Fragrances & Perfume eTailer,New Delhi,Oranda Global & Others,Seed Funding,"30,000",,New Delhi,E-Commerce,30000,2/4/2016
1917,5/2/2016,Magic Crate,Education,Children Education Platform,Bengaluru,"TV Mohandas Pai, Aarin Capital",Seed Funding,,,Bengaluru,Education,,2/5/2016
1918,5/2/2016,ZenDrive,Technology,Safe Driving Data & Analytics platform,Bangalore / SFO,"Sherpa Capital, Nyca Partners and Thomvest Ventures",Private Equity,"1,35,00,000",,Bengaluru,Technology,13500000,2/5/2016
1919,5/2/2016,Smartcooky,ECommerce,Marketplace for Health Foods,New Delhi,"Vandana Luthra,",Private Equity,,,New Delhi,E-Commerce,,2/5/2016
1920,5/2/2016,Turtlemint,Consumer Internet,online personalized insurance platform,Mumbai,Nexus Venture Partners,Private Equity,,,Mumbai,Consumer Internet,,2/5/2016
1921,5/2/2016,BHIVE,Real Estate,Workspace Rentals,Bengaluru,"Raghunandan G, Venturesity, Arihant Patni",Seed Funding,,,Bengaluru,Real Estate,,2/5/2016
1922,5/2/2016,Gingercrush,Ecommerce,Personalized Products & Merchandize eTailer,Vadodara,"Saha Fund, TV Mohandas Pai, Zia Mody, Mumbai Angels, Ananda Kallugadde, Rakesh Desai, Rakesh Malhotra",Private Equity,"10,00,000",,Vadodara,E-Commerce,1000000,2/5/2016
1923,5/2/2016,American Vision,Consumer Internet,Optical Store Aggregator Platform,Pune,Undisclosed investors,Seed Funding,"81,000",,Pune,Consumer Internet,81000,2/5/2016
1924,5/2/2016,DawaiLelo,Consumer Internet,Healthcare Services & Online Pharmacy Mobile App,Varanasi,Undisclosed investors,Seed Funding,"52,000",,Varanasi,Consumer Internet,52000,2/5/2016
1925,6/2/2016,Heads Up For Tails,Ecommerce,Pet Products eTailer,New Delhi,Undisclosed investors,Seed Funding,"10,00,000",,New Delhi,E-Commerce,1000000,2/6/2016
1926,6/2/2016,LiveNutriFit,Healthcare,Weight loss & Healthcare Info portal,New Delhi,"Mohit Goel, Vinod Jain & Others",Seed Funding,,,New Delhi,Healthcare,,2/6/2016
1927,8/2/2016,Moglix,Ecommerce,Industrial & Home Products Marketplace,New Delhi,Ratan Tata,Private Equity,,,New Delhi,E-Commerce,,2/8/2016
1928,8/2/2016,iStyleYou,Consumer Internet,Personal Fashion Stylist App,Gurugram,Green House Ventures (GHV),Seed Funding,"1,00,000",,Gurugram,Consumer Internet,100000,2/8/2016
1929,8/2/2016,AdUrCup,Consumer Internet,Ad Network,New Delhi,Green House Ventures (GHV),Seed Funding,"1,00,000",,New Delhi,Consumer Internet,100000,2/8/2016
1930,8/2/2016,Weddingz,Consumer Internet,online marketplace for wedding venues and vendors,Mumbai,Sixth Sense Ventures,Private Equity,,,Mumbai,Consumer Internet,,2/8/2016
1931,8/2/2016,Urban Dhobi,Consumer Internet,On Demand Laundry Services,Jaipur,"Vinod Bansal, Sanjeev Singhal",Seed Funding,,,Jaipur,Consumer Internet,,2/8/2016
1932,8/2/2016,Gray Routes,Consumer Internet,Last mile logistics solutions,Mumbai,"Mahesh Parasuraman, Rahul Gautam & Others",Seed Funding,,,Mumbai,Consumer Internet,,2/8/2016
1933,8/2/2016,Xpressbees,ECommerce,ECommerce Logistics solutions,Pune,"SAIF Partners, IDG Ventures India, Vertex Ventures, Valiant Capital",Private Equity,"1,25,00,000",,Pune,E-Commerce,12500000,2/8/2016
1934,8/2/2016,Invictus Oncology,Healthcare,Cancer therapeutic Info & Solutions,New Delhi,Ratan Tata,Private Equity,,,New Delhi,Healthcare,,2/8/2016
1935,8/2/2016,Hansel.io,Technology,Mobile App Tech Solutions,Bengaluru,"Endiya Partners, Mekin Maheshwari, Rajesh Sawhney",Seed Funding,,,Bengaluru,Technology,,2/8/2016
1936,9/2/2016,Inc42,Consumer Internet,Startup Focused Media News Portal,New Delhi,"India Ventures, Aarin Capital & Others",Seed Funding,,,New Delhi,Consumer Internet,,2/9/2016
1937,9/2/2016,GOQii,Technology,Personalized fitness coaching & Fitness band,Mumbai,Edelweiss Financial Services,Private Equity,,,Mumbai,Technology,,2/9/2016
1938,10/2/2016,Capzest,Consumer Internet,Digital Lending Platform,Mumbai,Lion Ventures,Seed Funding,"2,00,000",,Mumbai,Consumer Internet,200000,2/10/2016
1939,10/2/2016,GlamStudios,Consumer Internet,Online Salon Aggregator,Noida,Aqeel Ahmed,Seed Funding,,,Noida,Consumer Internet,,2/10/2016
1940,10/2/2016,Affimity,Consumer Internet,Social Networking platform,Bengaluru,undisclosed investors,Seed Funding,"12,00,000",,Bengaluru,Consumer Internet,1200000,2/10/2016
1941,10/2/2016,Anandakanda,Technology,Medicine Intake Reminder System,Pune,undisclosed investors,Seed Funding,"1,50,000",,Pune,Technology,150000,2/10/2016
1942,10/2/2016,JoulestoWatts,Technology,IT services & Talent collaboration services startup,Bengaluru,Manipal Global Education Services,Seed Funding,,,Bengaluru,Technology,,2/10/2016
1943,10/2/2016,Shopkirana,Consumer Internet,Retailer Supply Chain platform,Indore,"Atul Jain, Anil Gelra, Jaikumar Nair",Seed Funding,,,Indore,Consumer Internet,,2/10/2016
1944,10/2/2016,Stylofie,Consumer Internet,Online Beauty Parlour search & discovery Platform,Gurugram,Jaideep Mehta,Seed Funding,,,Gurugram,Consumer Internet,,2/10/2016
1945,10/2/2016,OyBob,eCommerce,Hyperlocal Products & Services marketplace,Gurugram,Sachin Dalal,Seed Funding,,,Gurugram,E-Commerce,,2/10/2016
1946,12/2/2016,ActOnMagic,Technology,Cloud Analytics and Management Products,Bengaluru,Jayabalan Subramanian,Seed Funding,"1,25,000",,Bengaluru,Technology,125000,2/12/2016
1947,12/2/2016,Bonhomia,Food & Beverage,premium Tea and Coffee,New Delhi,"Alok Rawat, Grey Orange Robotics",Seed Funding,"10,00,000",,New Delhi,Food & Beverage,1000000,2/12/2016
1948,12/2/2016,iGrenEnergi,Technology,Solar Power Solutions,Mumbai,Sunil Mehta,Seed Funding,"10,00,000",,Mumbai,Technology,1000000,2/12/2016
1949,12/2/2016,RKSV,Consumer Internet,Online Stock Trading Platform,Mumbai,Kalaari Capital,Private Equity,"40,00,000",,Mumbai,Consumer Internet,4000000,2/12/2016
1950,15/02/2016,Aasaanjobs,Consumer Internet,Online Recruitment Marketplace,Mumbai,"Aspada Advisors, IDG Ventures,\\xc2\\xa0 Inventus Capital",Private Equity,"50,00,000",,Mumbai,Consumer Internet,5000000,2/15/2016
1951,15/02/2016,Snapdeal,eCommerce,Horizontal Online Marketplace,New Delhi,Ontario Teachers\\xe2\\x80\\x99 Pension Plan & Others,Private Equity,"20,00,00,000",,New Delhi,E-Commerce,200000000,2/15/2016
1952,15/02/2016,Jugnoo,Consumer Internet,Transportation & On-demand delivery aggregator,Chandigarh,Saumya Tandon,Private Equity,,,Chandigarh,Consumer Internet,,2/15/2016
1953,15/02/2016,Snapbizz,Technology,Connectivity platform for local grocery stores,Bengaluru,Ratan Tata,Private Equity,,,Bengaluru,Technology,,2/15/2016
1954,15/02/2016,GoYaNo,Consumer Internet,Events & Restaurant Discovery Marketplace App,Gurugram,Mukesh Kumar Gupta,Seed Funding,"50,000",,Gurugram,Consumer Internet,50000,2/15/2016
1955,15/02/2016,RentSher,Consumer Internet,Online Household Product Rental platform,Bengaluru,"Vaibhav Doshi, Abhay Singhal, Vibhu Garg, Joby Babu, Abhishek Acharya, Manish Shah",Seed Funding,"3,00,000",,Bengaluru,Consumer Internet,300000,2/15/2016
1956,15/02/2016,Buddy,Finance,Micro Lending Platform for eCommerce purchases,Bengaluru,"Blume Ventures,\\xc2\\xa0 Tracxn Labs",Seed Funding,"5,00,000",,Bengaluru,Finance,500000,2/15/2016
1957,15/02/2016,Legistify,Consumer Internet,Online Legal services platform,New Delhi,Ranjit Singh,Seed Funding,,,New Delhi,Consumer Internet,,2/15/2016
1958,16/02/2016,TableHero,Consumer Internet,Dynamic Restaurant Website creator,Bengaluru,"GrowX Ventures, Kunal Shah, Sandeep Tandon, Haresh Chawla, Powai Lake Ventures, Globevestor",Seed Funding,"10,00,000",,Bengaluru,Consumer Internet,1000000,2/16/2016
1959,16/02/2016,BetterPlace,Technology,Data analytics based Verification services Platform,Bengaluru,Unitus Seed Fund,Seed Funding,"9,70,000",,Bengaluru,Technology,970000,2/16/2016
1960,16/02/2016,Salebhai,eCommerce,"Sweets, Eatables, Handicrafts Online Marketplace",Ahmedabad,"Virendra Shekhawat, Deepak Chokhani, Yogesh Patel & Others",Seed Funding,,,Ahmedabad,E-Commerce,,2/16/2016
1961,16/02/2016,icustommadeit,eCommerce,Professional Custom creators Marketplace,Pune,"Brand Capital, Siddhivinayak Skyscrapers, Dinesh R. Challa",Private Equity,"40,00,000",,Pune,E-Commerce,4000000,2/16/2016
1962,16/02/2016,Tring,Consumer Internet,Instant Messaging App,Pune,Vishwadeep Bajaj & Others,Seed Funding,,,Pune,Consumer Internet,,2/16/2016
1963,16/02/2016,Medinfi,Consumer Internet,Doctor & Clinics Discovery platform,Bengaluru,"Rajnish Sinha, Prijit Debnath, Kanchan Ghoshal",Seed Funding,,,Bengaluru,Consumer Internet,,2/16/2016
1964,17/02/2016,Timemytask,Consumer Internet,On-Demand home cleaning services,Mumbai,Lead Angels,Seed Funding,,,Mumbai,Consumer Internet,,2/17/2016
1965,17/02/2016,GameZop,Technology,Mobile Gaming Platform,New Delhi,"KWAN Entertainment & Marketing Solutions, Powerhouse Ventures & Others",Seed Funding,"3,50,000",,New Delhi,Technology,350000,2/17/2016
1966,17/02/2016,Notary Mama,Consumer Internet,On-demand Legal documentation and registration service,Bengaluru,"Dr Nandish Domlur, Amit Sandill",Seed Funding,,,Bengaluru,Consumer Internet,,2/17/2016
1967,17/02/2016,The Viral Fever,Consumer Internet,Independent Online Video production company,Mumbai,Tiger Global,Private Equity,"1,00,00,000",,Mumbai,Consumer Internet,10000000,2/17/2016
1968,17/02/2016,Avanti Learning,Education,Private Coaching Classes,New Delhi,Michael & Susan Dell Foundation,Private Equity,"50,00,000",,New Delhi,Education,5000000,2/17/2016
1969,17/02/2016,Bollant Industries,Technology,Eco-friendly consumer & packaging products,Hyderabad,Ratan Tata,Private Equity,,,Hyderabad,Technology,,2/17/2016
1970,18/02/2016,GetVee,Consumer Internet,Matrimony & Couples only mobile platform,New Delhi,"Lightspeed Venture Partners, K Ganesh",Private Equity,,,New Delhi,Consumer Internet,,2/18/2016
1971,18/02/2016,HealthKumbh,Consumer Internet,Health related Information portal,Ahmedabad,Undisclosed investor,Seed Funding,"73,000",,Ahmedabad,Consumer Internet,73000,2/18/2016
1972,18/02/2016,Unlaze,Consumer Internet,Social Networking app for outdoor interests,Gurugram,"Sujal Shah, Dino Morea",Seed Funding,,,Gurugram,Consumer Internet,,2/18/2016
1973,18/02/2016,Tracxn,Technology,Indian Startup ecosystem trends analyzer & funding platform,Bengaluru,"Nandan Nilekani, Mohandas Pai, Neeraj Arora, Anand Rajaraman, Girish Mathrubootham, Aneesh Reddy & Teruhide Sato",Private Equity,,,Bengaluru,Technology,,2/18/2016
1974,18/02/2016,Careongo,ECommerce,Online Pharmacy store,New Delhi,Farooq Oomerbhoy & Other angel investors,Seed Funding,"3,00,000",,New Delhi,E-Commerce,300000,2/18/2016
1975,18/02/2016,Ark Robot,Technology,Warehouse Automation,Bengaluru,Qualcomm (Through QPrize Contest),Seed Funding,"3,50,000",,Bengaluru,Technology,350000,2/18/2016
1976,19/02/2016,Jaypore,ECommerce,Ethnic Products marketplace,New Delhi,Aavishkaar,Private Equity,"50,00,000",,New Delhi,E-Commerce,5000000,2/19/2016
1977,19/02/2016,Finance Buddha,Consumer Internet,Online Loan Comparison & Discovery platform,Bengaluru,Chennai Angels,Seed Funding,,,Bengaluru,Consumer Internet,,2/19/2016
1978,19/02/2016,AlmaConnect,Consumer Internet,Alumni social network,New Delhi,"Mohandas Pai, Varun Aggarwal",Seed Funding,,,New Delhi,Consumer Internet,,2/19/2016
1979,19/02/2016,Advantage Club,Consumer Internet,mobile platform for corporate employee benefits,Gurugram,Purvi Ventures & Others,Seed Funding,"4,00,000",,Gurugram,Consumer Internet,400000,2/19/2016
1980,19/02/2016,LocalRamu,Consumer Internet,mobile based aggregator for local service providers,Bengaluru,3 undisclosed investors,Seed Funding,,,Bengaluru,Consumer Internet,,2/19/2016
1981,22/02/2016,Baby Berry,Consumer Internet,Parenting Mobile app,Bengaluru,Nitin Bagmane & Other undisclosed investors,Seed Funding,"10,00,000",,Bengaluru,Consumer Internet,1000000,2/22/2016
1982,22/02/2016,Magicpin,Consumer Internet,Hyperlocal Discover Mobile App,New Delhi,Lightspeed India,Private Equity,"30,00,000",,New Delhi,Consumer Internet,3000000,2/22/2016
1983,22/02/2016,First Eat,Consumer Internet,Healthy Food Delivery platform,New Delhi,Undisclosed investor,Seed Funding,"1,00,000",,New Delhi,Consumer Internet,100000,2/22/2016
1984,22/02/2016,SigTuple,Technology,Healthcare based Tech Solutions,Bengaluru,"Sachin Bansal, Binny Bansal, Accel Partners & Others",Seed Funding,,,Bengaluru,Technology,,2/22/2016
1985,22/02/2016,Taskbob,Consumer Internet,Hyperlocal Handyman services platform,Mumbai,"IvyCap Ventures, Orios Venture Partners, Mayfield India",Private Equity,"45,00,000",,Mumbai,Consumer Internet,4500000,2/22/2016
1986,22/02/2016,Styledotme,Consumer Internet,Mobile Fashion App,New Delhi,Indian Angel Network,Seed Funding,"37,000",,New Delhi,Consumer Internet,37000,2/22/2016
1987,22/02/2016,NewsLaundry,Consumer Internet,Independent News Media Portal,New Delhi,"Omidyar Network,\\xc2\\xa0 Vikram Lal, Abhijit Bhandari, Mahesh Murthy, Shashank Bhagat",Private Equity,,,New Delhi,Consumer Internet,,2/22/2016
1988,23/02/2016,CupoNation,Consumer Internet,Deals and Discount platform,Gurugram,"Rocket Internet AG, Holtzbrink Ventures, New Enterprise Associates (NEA), e.ventures, ru-Net, Deutsche Telekom Strategic Investments (DTSI), Silicon Valley Bank",Private Equity,"1,10,00,000",,Gurugram,Consumer Internet,11000000,2/23/2016
1989,23/02/2016,Aarav UAV,Technology,unmanned aerial vehicles creator,Kanpur,"StartupXseed Ventures, The Phoenix Fund and others",Seed Funding,,,Kanpur,Technology,,2/23/2016
1990,24/02/2016,Sayfix,Consumer Internet,Hyperlocal Home Services Provider,Bengaluru,Yajnanarayana Kammaje,Seed Funding,"1,60,000",,Bengaluru,Consumer Internet,160000,2/24/2016
1991,24/02/2016,LoanZen,Consumer Internet,Peer to peer Lending marketplace,Bengaluru,Tracxn Syndicate,Seed Funding,,,Bengaluru,Consumer Internet,,2/24/2016
1992,24/02/2016,NoBroker,Consumer Internet,Peer to peer property listing platform,Bengaluru,"Beenext, Digital Garage, Beenos, Qualgro, Mamoru Taniya, SAIF Partners",Private Equity,"1,00,00,000",,Bengaluru,Consumer Internet,10000000,2/24/2016
1993,24/02/2016,AppilyEver,Consumer Internet,Online wedding services marketplace,Hyderabad,"Varun Aggarwal, Suresh Venkat, Raj Y",Seed Funding,"4,00,000",,Hyderabad,Consumer Internet,400000,2/24/2016
1994,24/02/2016,Pocketin,Consumer Internet,Hotel reservations & Deal platform,Noida,Swastika Company Ltd,Seed Funding,"1,50,000",,Noida,Consumer Internet,150000,2/24/2016
1995,24/02/2016,FeetApart,Consumer Internet,Employee engagements & Rewards platform,Bengaluru,Vishal Bali & Others,Seed Funding,,,Bengaluru,Consumer Internet,,2/24/2016
1996,25/02/2016,OfBusiness,eCommerce,B2B commerce Marketplace,Gurugram,Matrix Partners India,Private Equity,"50,00,000",,Gurugram,E-Commerce,5000000,2/25/2016
1997,25/02/2016,CarveNiche,Consumer Internet,Personalized Learning Solutions & products,Bengaluru,"Calcutta Angels, Lead Angels & Others",Seed Funding,,,Bengaluru,Consumer Internet,,2/25/2016
1998,25/02/2016,Juspay,Consumer Internet,Digital Payments solutions,Bengaluru,"Accel Partners, Ashish Hemrajani, Parikshit Dar, Rajesh Balpande",Private Equity,"58,00,000",,Bengaluru,Consumer Internet,5800000,2/25/2016
1999,25/02/2016,Funcart,eCommerce,Party Supplies Etailer,New Delhi,Undisclosed HNIs,Seed Funding,"70,000",,New Delhi,E-Commerce,70000,2/25/2016
2000,26/02/2016,Freedom Smart Labs,Technology,IoT retail solutions,New Delhi,Kapil Goel,Seed Funding,"1,45,000",,New Delhi,Technology,145000,2/26/2016
2001,26/02/2016,EduBridge,Consumer Internet,Skill development and vocational training platform,Mumbai,"Insitor Impact Asia Fund, Acumen Fund",Private Equity,"25,00,000",,Mumbai,Consumer Internet,2500000,2/26/2016
2002,29/02/2016,Nestaway,Consumer Internet,Online Home Rental Marketplace,Bengaluru,Ratan Tata,Private Equity,,,Bengaluru,Consumer Internet,,2/29/2016
2003,29/02/2016,Hopscotch,eCommerce,Baby & Kids Products Online Flash sales platform,Mumbai,Eduardo Saverin,Private Equity,"1,30,00,000",,Mumbai,E-Commerce,13000000,2/29/2016
2004,29/02/2016,PinClick,Consumer Internet,Online real estate listings,Bengaluru,Undisclosed investors,Private Equity,,,Bengaluru,Consumer Internet,,2/29/2016
2005,1/1/2016,Smartcooky,ECommerce,Health Food / Personal Care Marketplace,New Delhi,"Rajan Anandan, Pramod Bhasin, Siddharth Pai, TV Mohandas Pai, Manvinder Singh Banga",Seed Funding,,,New Delhi,E-Commerce,,1/1/2016
2006,1/1/2016,Helpi,Consumer Internet,On Demand Cleaning Services Mobile App,Mumbai,Undisclosed Investors,Seed Funding,,,Mumbai,Consumer Internet,,1/1/2016
2007,4/1/2016,DogSpot,ECommerce,Online Pet Store,Gurugram,Ratan Tata,Seed Funding,,,Gurugram,E-Commerce,,1/4/2016
2008,4/1/2016,Career360,Education,College Education Portal,New Delhi,MeritTrac,Private Equity,,,New Delhi,Education,,1/4/2016
2009,4/1/2016,B9 Beverages,Food & Beverage,Craft Beer manufacturing company,New Delhi,"Sequoia Capital, Kunal Bahl, Rohit Bansal, Deepinder Goyal, Ashish Dhawan, Mayank Singhal",Private Equity,"60,00,000",,New Delhi,Food & Beverage,6000000,1/4/2016
2010,5/1/2016,WIMWI Foods,Food & Beverage,Healthy food manufacturing & sales startup,Ahmedabad,Centre for Innovation Incubation and Entrepreneurship (CIIE),Seed Funding,,,Ahmedabad,Food & Beverage,,1/5/2016
2011,5/1/2016,MyChild App,Education,Child Disorder Information & Education,Bhopal,"Samir Bangara, Anisha Mittal, Amit Gupta, Pallav Nadhani, Lalit Mangal, Arihant Patni, Dr. Ritesh Malik, Deobrat Singh, Saurab Paruthi, Singapore Angel Network.",Seed Funding,"1,00,000",,Bhopal,Education,100000,1/5/2016
2012,5/1/2016,Instaproc,ECommerce,B2B Procurement Marketplace for Office Products,Noida,Dinesh Agarwal,Seed Funding,,,Noida,E-Commerce,,1/5/2016
2013,5/1/2016,360Ride,Consumer Internet,Ride Sharing platform,Bengaluru,Undisclosed,Seed Funding,"1,50,000",,Bengaluru,Consumer Internet,150000,1/5/2016
2014,5/1/2016,Alef\\nMobitech,Consumer Internet,Cloud Mobility Solutions,Mumbai,Tata Capital Innovation Fund,Private Equity,"50,00,000",,Mumbai,Consumer Internet,5000000,1/5/2016
2015,6/1/2016,Tracxn,BFSI,Startup Funding Deal Discovery & Execution platform,Bengaluru,Ratan Tata,Seed Funding,,,Bengaluru,BFSI,,1/6/2016
2016,6/1/2016,Qdesq,Real Estate,Branded Workspaces Aggregator,Gurugram,"Dheeraj Jain, Jagdish Kumar, Bharat Gupta, Ankush Saigal, Praveen Saini",Seed Funding,,,Gurugram,Real Estate,,1/6/2016
2017,6/1/2016,Sensara,Technology,"TV Search, Guide and Remote mobile app",Bengaluru,"Lalitesh Katragadda,\\xc2\\xa0 Ganayantrika Systems",Seed Funding,"7,50,000",,Bengaluru,Technology,750000,1/6/2016
2018,6/1/2016,Zebpay,Consumer Internet,Bitcoin Buying & Selling Mobile App,Ahmedabad,"Arjun Handa, Amit Jindal, Nagendra Chaudhary",Private Equity,"10,00,000",,Ahmedabad,Consumer Internet,1000000,1/6/2016
2019,6/1/2016,PlanMy\\nMedicalTrip,Healthcare,Medical Tourism platform,Pune,"Bhanu Vikram Parsotam, Rohan Desai and Paras Patel",Seed Funding,"1,50,000",,Pune,Healthcare,150000,1/6/2016
2020,6/1/2016,MyCity4Kids,Education,Children Education & Information platform,Gurugram,"SIDBI Venture Capital Limited, YourNest Angel Fund",Private Equity,"30,00,000",,Gurugram,Education,3000000,1/6/2016
2021,6/1/2016,Justdakhila.com,Education,School Student admissions platform,New Delhi,Ankur Gupta,Seed Funding,"7,50,000",,New Delhi,Education,750000,1/6/2016
2022,7/1/2016,PitStop,Consumer Internet,Automobile Service Booking App,Bengaluru,Myntra/LivSpace Founders,Seed Funding,,,Bengaluru,Consumer Internet,,1/7/2016
2023,7/1/2016,Bikxie,Consumer Internet,Two Wheeler Taxi Service,Gurugram,Undisclosed Investors,Seed Funding,,,Gurugram,Consumer Internet,,1/7/2016
2024,7/1/2016,Infurnia,Consumer Internet,Online Furniture Customization platform,Bengaluru,Idein Ventures,Seed Funding,"1,60,000",,Bengaluru,Consumer Internet,160000,1/7/2016
2025,7/1/2016,Myly,Education,Mobile Based Education platform,Jaipur,Newbie Promoter Pvt Ltd,Seed Funding,"1,00,000",,Jaipur,Education,100000,1/7/2016
2026,7/1/2016,MakeMyTrip,Consumer Internet,Online Travel/Hotel Booking platform,Gurugram,Ctrip.com International Ltd,Private Equity,"18,00,00,000",,Gurugram,Consumer Internet,180000000,1/7/2016
2027,8/1/2016,Melorra,ECommerce,Online/ Mobile Jewellery Retailer,Bengaluru,Lightbox Ventures,Private Equity,"50,00,000",,Bengaluru,E-Commerce,5000000,1/8/2016
2028,8/1/2016,ConfirmTKT,Consumer Internet,Train PNR Status Prediction Platform,Bengaluru,"Krishna Jhujhunwala, Dr. Apoorv Ranjan Sharma, Anirudh Damani, Anand Ladsariya, Sanjay Mehta & Others",Seed Funding,"2,50,000",,Bengaluru,Consumer Internet,250000,1/8/2016
2029,8/1/2016,Gyaanzone,Education,Career Planning and Education Advisory Platform,Mumbai,GBIM Technologies Pvt Ltd,Seed Funding,"45,000",,Mumbai,Education,45000,1/8/2016
2030,8/1/2016,FlatFurnish,Consumer Internet,Online Furnishing Rental Platform,Gurugram,Arun Chandra Mohan,Seed Funding,,,Gurugram,Consumer Internet,,1/8/2016
2031,9/1/2016,Lumiere,ECommerce,Organic Food eTailer,Bengaluru,Undisclosed investors,Private Equity,,,Bengaluru,E-Commerce,,1/9/2016
2032,11/1/2016,Koovs,ECommerce,Online Fashion Apparel Retailer,Gurugram,"Nahata Family, Waheed Alli",Private Equity,"54,00,000",,Gurugram,E-Commerce,5400000,1/11/2016
2033,11/1/2016,Wishup,Consumer Internet,Mobile app based Concierge Service,New Delhi,"500 Startups, Mato Peric, TracxnLabs",Seed Funding,,,New Delhi,Consumer Internet,,1/11/2016
2034,11/1/2016,FreshMenu,Consumer Internet,Online / Mobile Food Ordering platform,Bengaluru,"Zodius Capital, Lightspeed Venture Partners",Private Equity,"1,65,00,000",,Bengaluru,Consumer Internet,16500000,1/11/2016
2035,11/1/2016,SavvyMob,ECommerce,Last Minute Hotel Bookings mobile marketplace,Bengaluru,"TV Mohandas Pai, LetsVenture",Seed Funding,"10,00,000",,Bengaluru,E-Commerce,1000000,1/11/2016
2036,11/1/2016,Fashionablyin,Consumer Internet,Mobile based Geo-target Fashion Marketplace,Mumbai,Ranjan Mahtani,Seed Funding,,,Mumbai,Consumer Internet,,1/11/2016
2037,12/1/2016,Shopclues,ECommerce,ECommerce Marketplace,Gurugram,"GIC, Tiger Global Management, Nexus Venture Partners",Private Equity,"10,00,00,000",,Gurugram,E-Commerce,100000000,1/12/2016
2038,12/1/2016,Hike Messenger,Consumer Internet,P2P Messaging Service,New Delhi,"Matt Mullenweg, Adam D\\xe2\\x80\\x99Angelo, Aditya Agarwal,\\xc2\\xa0 Ruchi Sanghvi & Others",Private Equity,,,New Delhi,Consumer Internet,,1/12/2016
2039,12/1/2016,iBus Networks,Technology,Next Generation in-building connectivity,Bengaluru,"Vallabh Bhanshali, N Squared Management LLC, Jagdish & Sandeep Mehta Family Office",Private Equity,"23,00,000",,Bengaluru,Technology,2300000,1/12/2016
2040,12/1/2016,Happy2Refer,Consumer Internet,Mobile based Referral Platform,Mumbai,"Equity Crest, Vinners, Sparknext",Seed Funding,"2,50,000",,Mumbai,Consumer Internet,250000,1/12/2016
2041,13/01/2016,CarTrade,Consumer Internet,Auto Classifieds Portal,Mumbai,"Temasek Holdings, March Capital, Warburg Pincus",Private Equity,"14,50,00,000",,Mumbai,Consumer Internet,145000000,1/13/2016
2042,13/01/2016,Rentomo,Consumer Internet,peer-to-peer renting Marketplace,Bengaluru,Shiva Ashok & Other unnamed investors,Seed Funding,"1,00,000",,Bengaluru,Consumer Internet,100000,1/13/2016
2043,13/01/2016,Roder,Consumer Internet,inter-city cab aggregator,New Delhi,Unicorn India Ventures,Seed Funding,"2,40,000",,New Delhi,Consumer Internet,240000,1/13/2016
2044,13/01/2016,Bucker,Consumer Internet,Food Ordering Mobile App,Hyderabad,"50k Ventures, Munish Jauhar, Pulkit Jain, Rohit Narang",Seed Funding,,,Hyderabad,Consumer Internet,,1/13/2016
2045,13/01/2016,Care24,Healthcare,Professional Health Services Platform,Mumbai,"SAIF Partners, India Quotient",Private Equity,"40,00,000",,Mumbai,Healthcare,4000000,1/13/2016
2046,13/01/2016,Obino,Healthcare,Weigh Loss Coaching,Mumbai,RoundGlass Partners,Private Equity,,,Mumbai,Healthcare,,1/13/2016
2047,14/01/2016,Snapshopr,Consumer Internet,Visual Search & Image Recognition Platform,Bengaluru,Amod Malviya,Seed Funding,,,Bengaluru,Consumer Internet,,1/14/2016
2048,14/01/2016,Buildkar,ECommerce,Construction Material Marketplace,Bengaluru,"Mustafa Wajid, Umang Kumar & Others",Seed Funding,,,Bengaluru,E-Commerce,,1/14/2016
2049,14/01/2016,Orahi,Consumer Internet,Carpooling Mobile App,Gurugram,Indian Angel Network,Seed Funding,"5,20,000",,Gurugram,Consumer Internet,520000,1/14/2016
2050,14/01/2016,Zapr,Technology,TV to Mobile audience Platform,Gurugram,"Flipkart, Saavn, Micromax, Dhiraj Rajaram, Ambiga Dhiraj, Dinesh Agarwal, Samir Bangara, Sanjay Nath, Arihant Patni",Seed Funding,,,Gurugram,Technology,,1/14/2016
2051,15/01/2016,Remidio,Healthcare,Healthcare Product Manufacturer,Bengaluru,Cipher-Plexus Capital Advisors & Indian HNIs,Private Equity,,,Bengaluru,Healthcare,,1/15/2016
2052,15/01/2016,Fitso,Consumer Internet,Fitness related Social Networking App & Forum,Gurugram,"Varun Khurana, Samar Singla, Vinay Bansal,",Seed Funding,"2,00,000",,Gurugram,Consumer Internet,200000,1/15/2016
2053,15/01/2016,evibe.in,Consumer Internet,Party Hall Booking platform,Bengaluru,"Hyderabad Angels, Lalit Mangal,\\xc2\\xa0 Vikas Malpani, Gaurav Bhalotia, LV Prasad",Seed Funding,,,Bengaluru,Consumer Internet,,1/15/2016
2054,15/01/2016,Zoctr,Consumer Internet,healthcare aggregator platform,Mumbai,Times Group,Seed Funding,,,Mumbai,Consumer Internet,,1/15/2016
2055,15/01/2016,Jobick,Consumer Internet,Mobile app based Job Search,Noida,Abhinav Mathur,Seed Funding,,,Noida,Consumer Internet,,1/15/2016
2056,16/01/2016,Plick,Consumer Internet,Instant Content Transfer Mobile App,Mumbai,Sanjay Mehta,Seed Funding,,,Mumbai,Consumer Internet,,1/16/2016
2057,18/01/2016,Voice Friends,Consumer Internet,Dating & Singles Chat Platform,Mumbai,Huzaifa Khorakiwala,Seed Funding,,,Mumbai,Consumer Internet,,1/18/2016
2058,18/01/2016,Kartrocket,Consumer Internet,SAAS DIY\\xc2\\xa0 ECommerce Platform,New Delhi,"Bertelsmann India Investments, Nirvana Digital India Fund, Nirvana Digital Investment Holding, 500 Startups",Private Equity,"60,00,000",,New Delhi,Consumer Internet,6000000,1/18/2016
2059,19/01/2016,Swiggy,Consumer Internet,Online/Mobile food ordering platform,Bengaluru,"Harmony Partners, RB Investments & existing investors",Private Equity,"3,50,00,000",,Bengaluru,Consumer Internet,35000000,1/19/2016
2060,19/01/2016,TinyStep,Consumer Internet,Parenting Social Network,Bengaluru,Flipkart,Seed Funding,,,Bengaluru,Consumer Internet,,1/19/2016
2061,19/01/2016,Cashkaro,Consumer Internet,Coupon & Cashback platform,Gurugram,Ratan Tata,Private Equity,,,Gurugram,Consumer Internet,,1/19/2016
2062,19/01/2016,Gameezop,Consumer Internet,Casual Gaming platform,New Delhi,Anand Chandrasekaran & Others,Seed Funding,,,New Delhi,Consumer Internet,,1/19/2016
2063,19/01/2016,DailyObjects,ECommerce,Mobile Accessories etailer,New Delhi,"Unilazer Fund,\\xc2\\xa0 Phanindra Sama, Peyush Bansal",Private Equity,"14,00,000",,New Delhi,E-Commerce,1400000,1/19/2016
2064,19/01/2016,Indus OS,Technology,Local language Mobile OS,Mumbai,"Omidyar Network,",Private Equity,"50,00,000",,Mumbai,Technology,5000000,1/19/2016
2065,19/01/2016,CollegeDunia,Consumer Internet,Educational College Search platform,New Delhi,Umang Kumar,Seed Funding,"4,45,000",,New Delhi,Consumer Internet,445000,1/19/2016
2066,19/01/2016,Villgro,Finance,Social Business Incubator & Fund,Chennai,"Lemelson Foundation, Michael and Susan Dell Foundation",Private Equity,"35,00,000",,Chennai,Finance,3500000,1/19/2016
2067,20/01/2016,Reddoorz,Consumer Internet,Budget Accomodation Aggregator,New Delhi,500 Startups,Private Equity,,,New Delhi,Consumer Internet,,1/20/2016
2068,20/01/2016,IndustryBuying,ECommerce,B2B Industrial Goods Marketplace,New Delhi,Trifecta Capital,Private Equity,"18,00,000",,New Delhi,E-Commerce,1800000,1/20/2016
2069,20/01/2016,Just Buy Live,ECommerce,B2B Marketplace for Distributors,Mumbai,Alpha Capital,Private Equity,"2,00,00,000",,Mumbai,E-Commerce,20000000,1/20/2016
2070,20/01/2016,IMbesharam,ECommerce,Adult Products Etailers,New Delhi / US,Undisclosed US Based Investors,Private Equity,"40,00,000",,New Delhi,E-Commerce,4000000,1/20/2016
2071,20/01/2016,Moodoo,Consumer Internet,Social Meeting organizer App,Mumbai / UK,Sa\\xc3\\xafd Business School Seed Fund.,Seed Funding,"40,000",,Mumbai,Consumer Internet,40000,1/20/2016
2072,20/01/2016,Saral Designs,Healthcare,Women Hygiene Product Manufacturer,Mumbai,"Farooq Adam, Ambi Parameswaran,",Seed Funding,,,Mumbai,Healthcare,,1/20/2016
2073,21/01/2016,FirstCry,ECommerce,Kids Focused eTailer,Pune,Ratan Tata,Private Equity,,,Pune,E-Commerce,,1/21/2016
2074,21/01/2016,Fisdom,Consumer Internet,Personal Finance Mobile App,Bengaluru,Rob Chandra,Seed Funding,"5,00,000",,Bengaluru,Consumer Internet,500000,1/21/2016
2075,21/01/2016,Easypolicy,Consumer Internet,Online insurance policy aggregator,Noida,Unilazer Ventures,Private Equity,"22,00,000",,Noida,Consumer Internet,2200000,1/21/2016
2076,21/01/2016,Housing.com,Consumer Internet,Online Real Estate Portal,Mumbai,SoftBank Corp,Private Equity,"1,50,00,000",,Mumbai,Consumer Internet,15000000,1/21/2016
2077,21/01/2016,CREO,Technology,Smartphone OS Developer,Bengaluru,"Sequoia Capital, Beenext Ventures, India Quotient, Anand Chandrasekaran",Private Equity,"30,00,000",,Bengaluru,Technology,3000000,1/21/2016
2078,22/01/2016,ShabdaNagari,Consumer Internet,Hindi Language Social Networking Portal,Kanpur,Kanpur Angels & Others,Seed Funding,"2,00,000",,Kanpur,Consumer Internet,200000,1/22/2016
2079,22/01/2016,Little,Consumer Internet,Deal Discovery App,Bengaluru,GIC,Private Equity,,,Bengaluru,Consumer Internet,,1/22/2016
2080,22/01/2016,SnapBizz,ECommerce,Mobile based Retail Market Ecosystem,Bengaluru,"Jungle Ventures, Taurus Value Creation, Konly Venture, Blume Ventures",Private Equity,"72,00,000",,Bengaluru,E-Commerce,7200000,1/22/2016
2081,22/01/2016,Qlivery,Consumer Internet,on-demand concierge services,Gurugram,Chandigarh Angels Funding,Seed Funding,,,Gurugram,Consumer Internet,,1/22/2016
2082,22/01/2016,PlexusMD,Consumer Internet,Social Network for Healthcare Professionals,Ahmedabad,"Arihant Patni, Avnish Mehra, Pranay Adhvaryu, Ravi Sampat",Seed Funding,,,Ahmedabad,Consumer Internet,,1/22/2016
2083,22/01/2016,Silvan,Technology,Home Automation & Security Solutions,Bengaluru,The Chennai Angels,Seed Funding,"5,15,000",,Bengaluru,Technology,515000,1/22/2016
2084,22/01/2016,EPS,Technology,Electronic Payments Solution Company,Mumbai,APIS Partners,Private Equity,"3,50,00,000",,Mumbai,Technology,35000000,1/22/2016
2085,22/01/2016,Qubole,Technology,Enterprise Cloud Based Data Processing,Bengaluru,"Institutional Venture Partners, Norwest Venture Partners, Lightspeed Venture Partners, CRV",Private Equity,"3,00,00,000",,Bengaluru,Technology,30000000,1/22/2016
2086,22/01/2016,Gajty,Healthcare,Salons & Spa Chain,Gurugram,Purvi Ventures,Seed Funding,,,Gurugram,Healthcare,,1/22/2016
2087,25/01/2016,SIFTR Labs,Consumer Internet,Photography curation & Aggregator platform,Mumbai,Venture Catalysts,Seed Funding,"1,50,000",,Mumbai,Consumer Internet,150000,1/25/2016
2088,25/01/2016,Power2SME,Consumer Internet,SME Online Buying Hub,Gurugram,"Nandan Nilekani, Accel Partners, Kalaari Capital and Inventus Capital",Private Equity,"2,10,00,000",,Gurugram,Consumer Internet,21000000,1/25/2016
2089,25/01/2016,SkyCandle,ECommerce,Home D\\xc3\\xa9cor Product etailer,New Delhi,GPA group,Private Equity,,,New Delhi,E-Commerce,,1/25/2016
2090,27/01/2016,Teabox.com,ECommerce,Specialty Tea ETailer,Siliguri,Ratan Tata,Private Equity,,,Siliguri,E-Commerce,,1/27/2016
2091,27/01/2016,Buildzar,ECommerce,Construction Material ETailer,Gurugram,Puneet Dalmia,Private Equity,"40,00,000",,Gurugram,E-Commerce,4000000,1/27/2016
2092,27/01/2016,Applicate,Technology,"Sales, Market, Distribution & Data Analytics Platform",Bengaluru,Undisclosed investors,Seed Funding,"10,00,000",,Bengaluru,Technology,1000000,1/27/2016
2093,27/01/2016,WhatsOnRent,ECommerce,Online Rental Marketplace,Bengaluru,Lalit Mangal & Others,Seed Funding,,,Bengaluru,E-Commerce,,1/27/2016
2094,28/01/2016,Zebi (yet to launch),Technology,Data Intelligence & Analytics,Hyderabad,Un disclosed investors,Seed Funding,"10,00,000",,Hyderabad,Technology,1000000,1/28/2016
2095,28/01/2016,Truce,FMCG,Vegetables & Fruits Supply Chain,Mumbai,"Anupam Mittal, Amit Gupta, Utsav Somani, Neeraj Goenka, Farooq Adam Mukadam",Seed Funding,"3,70,000",,Mumbai,FMCG,370000,1/28/2016
2096,28/01/2016,JustDoc,Consumer Interne,Medical Video Consultation platform,Bengaluru,"TV Mohandas Pai, Mohit Saxena, Raghunandan G, Singapore Angel Network, TracxnLabs",Seed Funding,,,Bengaluru,Consumer Internet,,1/28/2016
2097,28/01/2016,Myeglu,Technology,Connected Smart Home Solutions,Bengaluru,Foxconn Technology Group & Others,Seed Funding,,,Bengaluru,Technology,,1/28/2016
2098,29/01/2016,BitGiving,Consumer Internet,Crowd Funding Platform,New Delhi,"Harminder Sahni, Krishna Mehra, Sanjay Bakshi",Seed Funding,,,New Delhi,Consumer Internet,,1/29/2016
2099,29/01/2016,Qriyo,Consumer Internet,Online Fitness & Educational information Aggregator,Jodhpur,Idein Ventures,Seed Funding,"1,60,000",,Jodhpur,Consumer Internet,160000,1/29/2016
2100,29/01/2016,N.O.W,Consumer Internet,Rental Bike Aggregator App,Noida,Maple Capital Advisors,Seed Funding,,,Noida,Consumer Internet,,1/29/2016
2101,29/01/2016,Aisle,Consumer Internet,Indians focused Matchmaking App,Bengaluru,"TermSheet, ah! Ventures",Seed Funding,"1,85,000",,Bengaluru,Consumer Internet,185000,1/29/2016
2102,29/01/2016,FreshMenu,Consumer Internet,Fresh Food Delivery platform,Bengaluru,"Zodius Technology Fund, Lightspeed Venture Partners",Private Equity,"1,70,00,000",,Bengaluru,Consumer Internet,17000000,1/29/2016
2103,29/01/2016,Truebil,ECommerce,Online marketplace for cars,Mumbai,"Kalaari Capital, Inventus Capital, Tekton Ventures, Kae Capital",Private Equity,"51,50,000",,Mumbai,E-Commerce,5150000,1/29/2016
2104,29/01/2016,Rare Media,Technology,Mobile & Cloud based App developer,New Delhi,Info Edge (India) Ltd,Private Equity,"11,00,000",,New Delhi,Technology,1100000,1/29/2016
2105,29/01/2016,TinMen,Consumer Internet,Food Delivery Platform,Hyderabad,Lead Angel Network,Seed Funding,,,Hyderabad,Consumer Internet,,1/29/2016
2106,29/01/2016,CodingLabs,Technology,Coding Skill Showcase & Resume Builder,Hyderabad,Vineet Nalla,Seed Funding,,,Hyderabad,Technology,,1/29/2016
2107,30/01/2016,FindUrClass,Consumer Internet,Hobby & Activity Class Aggregator,Mumbai,"Amit Patni, Anirudh Damani, Samir Shah",Seed Funding,,,Mumbai,Consumer Internet,,1/30/2016
2108,30/01/2016,DesignBids,Consumer Internet,Interior Design Marketplace,New Delhi,Indian Angel Network,Seed Funding,,,New Delhi,Consumer Internet,,1/30/2016
2109,1/12/2015,CollegeDekho,Online Education Information platform,Unknown,Jaipur,GirnarSoft,Seed Funding,"10,00,000",,Jaipur,Online Education Information platform,1000000,12/1/2015
2110,1/12/2015,Black White Orange Brands,Brand Licensing Startup,Unknown,Mumbai,YouWeCan Ventures,Seed Funding,,,Mumbai,Brand Licensing Startup,,12/1/2015
2111,1/12/2015,Biteclub,Gourmet Food Discovery & Delivery platform,Unknown,Gurugram,growX ventures,Private Equity,,Pre-Series A,Gurugram,Gourmet Food Discovery & Delivery platform,,12/1/2015
2112,1/12/2015,Patel Logistics,Transportation & Logistics Platform,Unknown,Mumbai,Frontline Strategy,Private Equity,"56,00,000",,Mumbai,Transportation & Logistics Platform,5600000,12/1/2015
2113,1/12/2015,Wigzo,Enterprise Marketing Automation platform,Unknown,New Delhi,"Aarin Capital Partners, TV Mohandas Pai",Seed Funding,"5,00,000",Pre-Series A,New Delhi,Enterprise Marketing Automation platform,500000,12/1/2015
2114,1/12/2015,Zapluk,"Health, Wellness & Beauty Services App",Unknown,Hyderabad,Unknown,Seed Funding,,,Hyderabad,"Health, Wellness & Beauty Services App",,12/1/2015
2115,1/12/2015,Godof Hospitals,Digital Healthcare,Unknown,New Delhi,Pankaj Gupta,Seed Funding,"20,00,000",,New Delhi,Digital Healthcare,2000000,12/1/2015
2116,2/12/2015,RoomsTonite,Last Minute Hotel Booking App,Unknown,Bengaluru,"Lashit Sanghvi, Nikhil Vora, Venkat Vardhan,Mohammed Bin Abdul Rehman Al Khalifa,\\xc2\\xa0 Ralph Berezan, Vissal Mathew,\\xc2\\xa0 Balamurali Krishna",Seed Funding,"15,00,000",,Bengaluru,Last Minute Hotel Booking App,1500000,12/2/2015
2117,2/12/2015,Kaaryah,Womens Fashion Wear Portal,Unknown,New Delhi,"The Saha Fund, TV Mohandas Pai",Private Equity,,Pre-Series A,New Delhi,Womens Fashion Wear Portal,,12/2/2015
2118,3/12/2015,Anakage,Product Learning platform,Unknown,Bengaluru,CIO Angel Network (CAN),Seed Funding,,,Bengaluru,Product Learning platform,,12/3/2015
2119,3/12/2015,EasyKhaana,Online Food ordering & Delivery platform,Unknown,New Delhi,Undisclosed investors,Seed Funding,"1,00,000",,New Delhi,Online Food ordering & Delivery platform,100000,12/3/2015
2120,3/12/2015,Shuttl,App based Bus Pooling Services,Unknown,Gurugram,"Sequoia Capital, Times Internet Ltd & One more Fund",Private Equity,"2,00,00,000",Series B,Gurugram,App based Bus Pooling Services,20000000,12/3/2015
2121,3/12/2015,Eckovation,Social Learning Platform,Unknown,New Delhi,Chandigarh Angel Network (CAN),Seed Funding,,,New Delhi,Social Learning Platform,,12/3/2015
2122,3/12/2015,Fitcircle,Social Fitness platform,Unknown,Mumbai,Beerud Sheth and Ravi Mantha,Seed Funding,,Pre-Series A,Mumbai,Social Fitness platform,,12/3/2015
2123,4/12/2015,Applop,On Demand Mobile app developer,Unknown,Kolkata,GHV Accelerator,Seed Funding,"1,00,000",,Kolkata,On Demand Mobile app developer,100000,12/4/2015
2124,4/12/2015,CaRPM,Car Maintenance & Management mobile app,Unknown,Gurugram,GHV Accelerator,Seed Funding,"1,00,000",,Gurugram,Car Maintenance & Management mobile app,100000,12/4/2015
2125,4/12/2015,NDTV Wedding portal,Online Wedding Marketplace,Unknown,New Delhi,CerraCap,Private Equity,"2,00,00,000",Series A,New Delhi,Online Wedding Marketplace,20000000,12/4/2015
2126,4/12/2015,Splitkart,Splitting Bills Mobile App,Unknown,New Delhi,"Rajesh Sawhney, Anupam Mittal, Dinesh Agarwal, Gaurav Gupta,",Seed Funding,,,New Delhi,Splitting Bills Mobile App,,12/4/2015
2127,7/12/2015,Zenatix,IOT Energy Management Analytics platform,Unknown,Gurugram,Blume Ventures,Private Equity,,Pre-Series A,Gurugram,IOT Energy Management Analytics platform,,12/7/2015
2128,7/12/2015,Customfurnish,Custom Made furniture e-tailer,Unknown,Hyderabad,Agnus Capital,Private Equity,"45,00,000",Series A,Hyderabad,Custom Made furniture e-tailer,4500000,12/7/2015
2129,7/12/2015,Faasos,QSR Chain,Unknown,Pune,"ru-Net, Sequoia Capital,\\xc2\\xa0 Lightbox Ventures",Private Equity,"3,00,00,000",Series C,Pune,QSR Chain,30000000,12/7/2015
2130,7/12/2015,Vlurn,eLearning platform,Unknown,Mumbai,Vidyadhar Sarfare,Seed Funding,,,Mumbai,eLearning platform,,12/7/2015
2131,7/12/2015,Leaf Wearables,Smart Safety Wearable Devices,Unknown,New Delhi,"Ajeet Khurana Jinesh Shah, Vikram Chachra, Dr. Aniruddha Malpani",Seed Funding,"2,50,000",,New Delhi,Smart Safety Wearable Devices,250000,12/7/2015
2132,7/12/2015,Coolshare,Cab Sharing service Mobile app,Unknown,Mumbai,Gopal Aggarwal,Seed Funding,"1,00,000",,Mumbai,Cab Sharing service Mobile app,100000,12/7/2015
2133,8/12/2015,mFicient,Cloud Enterprise Mobility Platform,Unknown,New Delhi,Undisclosed investors,Seed Funding,,,New Delhi,Cloud Enterprise Mobility Platform,,12/8/2015
2134,8/12/2015,HeyBiz,Online Shopping Assistant Mobile app,Unknown,New Delhi,Shopclues,Seed Funding,,Strategic Funding,New Delhi,Online Shopping Assistant Mobile app,,12/8/2015
2135,8/12/2015,Yumist,Home Cooked Food Order & Delivery platform,Unknown,Gurugram,"Unilazer Ventures, Orios Venture Partners, Steven Lurie",Private Equity,"20,00,000",Series A,Gurugram,Home Cooked Food Order & Delivery platform,2000000,12/8/2015
2136,9/12/2015,Jigsaw Academy,Online School for Analytics learning,Unknown,Bengaluru,Manipal Global Education Services,Private Equity,"30,00,000",Series A,Bengaluru,Online School for Analytics learning,3000000,12/9/2015
2137,9/12/2015,JoeHukum,Chat based personal Assistant App,Unknown,Gurugram,"TracxnLabs, Jitendra Gupta, Prashant Tandon",Seed Funding,,,Gurugram,Chat based personal Assistant App,,12/9/2015
2138,9/12/2015,Voxweb,Picture creation & Social mobile app,Unknown,Mumbai,Undisclosed Investor,Seed Funding,"3,50,000",,Mumbai,Picture creation & Social mobile app,350000,12/9/2015
2139,9/12/2015,Aye Finance,Nonbanking finance company,Unknown,New Delhi,"SAIF Partners, Accion",Private Equity,"30,00,000",Series B,New Delhi,Nonbanking finance company,3000000,12/9/2015
2140,9/12/2015,JumboBasket,eCommerce returns etailer,Unknown,Chandigarh,Chandigarh Angels Network,Seed Funding,,,Chandigarh,eCommerce returns etailer,,12/9/2015
2141,10/12/2015,BlackBuck,Online Freight Services Aggregator,Unknown,Bengaluru,"Tiger Global Management, Yuri Milner, Apoletto, Accel Partners, Flipkart",Private Equity,"2,50,00,000",Series B,Bengaluru,Online Freight Services Aggregator,25000000,12/10/2015
2142,10/12/2015,HomeStudio,Online Branded Furniture etailer,Unknown,Bengaluru,Bren Corporation,Private Equity,"50,00,000",Series A,Bengaluru,Online Branded Furniture etailer,5000000,12/10/2015
2143,10/12/2015,PropheSee,Digital Analytics Platform,Unknown,New Delhi,"Indian Angel Network, Stanford Angels, Entrepreneurs India",Seed Funding,"5,00,000",,New Delhi,Digital Analytics Platform,500000,12/10/2015
2144,10/12/2015,i2e1,Internet Network Infrastructure Services,Unknown,New Delhi,GrowX Ventures,Seed Funding,"5,00,000",,New Delhi,Internet Network Infrastructure Services,500000,12/10/2015
2145,10/12/2015,Holisol Logistics,Supply Chain & Logistics Solutions,Unknown,New Delhi,CLSA Capital Partners ARIA IV Funds,Private Equity,"1,00,00,000",,New Delhi,Supply Chain & Logistics Solutions,10000000,12/10/2015
2146,10/12/2015,Stay Simple Resorts,Holiday Resort Chain,Unknown,Bengaluru,"Mr. Sudhir & Ms. Shalini Sethi, Mr. Praveen Someshwar",Seed Funding,,,Bengaluru,Holiday Resort Chain,,12/10/2015
2147,10/12/2015,Paynear,Mobile Point of Sale solutions,Unknown,Hyderabad,Mitesh Majithia,Private Equity,"25,00,000",Pre-Series A,Hyderabad,Mobile Point of Sale solutions,2500000,12/10/2015
2148,10/12/2015,Chillr,Peer-to-Peer Money Transfer & Recharge App,Unknown,Mumbai,"Sequoia Capital, Blume Ventures, Uniqorn Ventures and other",Private Equity,"7,00,00,000",Series A,Mumbai,Peer-to-Peer Money Transfer & Recharge App,70000000,12/10/2015
2149,11/12/2015,EureQa,Test Automation SAAS platform,Unknown,Hyderabad/USA,"Sashi Reddi, Gabriel Investments",Seed Funding,"6,00,000",,Hyderabad,Test Automation SAAS platform,600000,12/11/2015
2150,11/12/2015,LocalCircles,Citizens Engagement Platform,Unknown,Noida,Anand Mahindra,Private Equity,,,Noida,Citizens Engagement Platform,,12/11/2015
2151,11/12/2015,GetFocus,Indoor Navigation & Analytics Solutions,Unknown,Mumbai,Undisclosed investors,Seed Funding,,,Mumbai,Indoor Navigation & Analytics Solutions,,12/11/2015
2152,11/12/2015,UrbanClap,Hyperlocal On-Demand Household Services platform,Unknown,Gurugram,Ratan Tata,Private Equity,,,Gurugram,Hyperlocal On-Demand Household Services platform,,12/11/2015
2153,11/12/2015,OnlineRTI,Online RTI application services,Unknown,Bengaluru,"LetsVenture, Mohandas Pai",Seed Funding,"1,50,000",,Bengaluru,Online RTI application services,150000,12/11/2015
2154,11/12/2015,Powerstores,ECommerce Website Creation SAAS platform,Unknown,Goa,Extreme Venture Partners\\xc2\\xa0 William Bissell,Seed Funding,,,Goa,ECommerce Website Creation SAAS platform,,12/11/2015
2155,11/12/2015,Weddingz.in,Wedding Venues & Vendors Marketplace,Unknown,Mumbai,"Rajan Anandan, Zoya Akhtar, Reema Kagati, Ruchi Narain, Amrish Kumar, Hrishikesh Parandekar",Seed Funding,"10,00,000",,Mumbai,Wedding Venues & Vendors Marketplace,1000000,12/11/2015
2156,11/12/2015,Intelligent Interfaces,Interface development platform for Government officials,Unknown,Bengaluru,"Sachin Bansal, Binny Bansal",Seed Funding,,Yet to Launch platform,Bengaluru,Interface development platform for Government officials,,12/11/2015
2157,14/12/2015,Capricoast,Modular Furnishings Marketplace,Unknown,Bengaluru,"Accel Partners India, RB Investments",Private Equity,"35,00,000",Series A,Bengaluru,Modular Furnishings Marketplace,3500000,12/14/2015
2158,14/12/2015,JetSetGo,Private Jet Bookings Marketplace,Unknown,Bengaluru,Puneet Dalmia,Private Equity,,,Bengaluru,Private Jet Bookings Marketplace,,12/14/2015
2159,14/12/2015,Cabsguru,Cab search Comparison & Booking platform,Unknown,New Delhi,Prashanth Ranganathan,Seed Funding,"2,00,000",,New Delhi,Cab search Comparison & Booking platform,200000,12/14/2015
2160,14/12/2015,Whoop,Performance Optimization Platform for athletes,Unknown,Boston,Infosys,Private Equity,"30,00,000",Series A,Boston,Performance Optimization Platform for athletes,3000000,12/14/2015
2161,15/12/2015,BookEventz,Event Venue Booking Platform,Unknown,Mumbai,"Mumbai Angels, Singapore Angel Network, Zishaan Hayath",Seed Funding,,,Mumbai,Event Venue Booking Platform,,12/15/2015
2162,15/12/2015,Deal Street Asia,Digital Media Platform,Unknown,Singapore,"Vijay Shekhar Sharma, Singapore Angels Network",Seed Funding,,,Singapore,Digital Media Platform,,12/15/2015
2163,15/12/2015,Streamoid,visual search and discovery platform,Unknown,Bangalore / Palo Alto,Undisclosed,Seed Funding,"10,00,000",,Bengaluru,visual search and discovery platform,1000000,12/15/2015
2164,16/12/2015,Housejoy,Home services marketplace,Unknown,Bengaluru,"Amazon, Vertex Ventures, Qualcomm, Ru-Net Technology Partners, Matrix Partners",Private Equity,"2,25,00,000",Series B,Bengaluru,Home services marketplace,22500000,12/16/2015
2165,16/12/2015,Bluebirch,End to End reverse logistics Solution platform,Unknown,Bengaluru,"Chicago Capital Ventures, Sanjay Mehta, Others",Seed Funding,"20,00,000",,Bengaluru,End to End reverse logistics Solution platform,2000000,12/16/2015
2166,16/12/2015,MeraDoctor,Virtual Health consultation app,Unknown,Mumbai,Unilazer,Private Equity,"12,00,000",Pre-Series A,Mumbai,Virtual Health consultation app,1200000,12/16/2015
2167,16/12/2015,STAGE 3,Online Renting platform,Unknown,New Delhi,"Nisha Sharma, Puneet Dalmia, Balaji Prabhakar",Seed Funding,,,New Delhi,Online Renting platform,,12/16/2015
2168,17/12/2015,Rivigo,Logistics Services Provider,Unknown,Gurugram,SAIF Partners and others,Private Equity,"3,00,00,000",Series B (includes Debt financing),Gurugram,Logistics Services Provider,30000000,12/17/2015
2169,17/12/2015,Springboard,Data Science & UX design Learning platform,Unknown,Bengaluru,"Allen Blue, John Katzman, Naveen Tewari, Kartik Hosanagar, Kashyap Deorah, 500 Startups, Blue Fog Capital",Seed Funding,"17,00,000",,Bengaluru,Data Science & UX design Learning platform,1700000,12/17/2015
2170,17/12/2015,Eatfresh,Online marketplace for Chef Meals,Unknown,Bengaluru,Kalaari Capital,Private Equity,,,Bengaluru,Online marketplace for Chef Meals,,12/17/2015
2171,18/12/2015,Ampere Vehicles,Electric Bike Manufacturers,Unknown,Coimbatore,Kris Gopalakrishnan & Others,Seed Funding,"12,00,000",,Coimbatore,Electric Bike Manufacturers,1200000,12/18/2015
2172,18/12/2015,Focus Digit,ECommerce platform solutions,Unknown,New Delhi,Turning Ideas,Seed Funding,,,New Delhi,ECommerce platform solutions,,12/18/2015
2173,18/12/2015,The News Minute,Online Media Publication,Unknown,Bengaluru,Quintillion Media,Seed Funding,,,Bengaluru,Online Media Publication,,12/18/2015
2174,18/12/2015,CBREX,International Hiring Platform,Unknown,Mumbai / NY,"Prahlad Rao, Sundara Rajan, Vikram Chachra",Seed Funding,"2,00,000",,Mumbai,International Hiring Platform,200000,12/18/2015
2175,21/12/2015,TruckMandi,Logistics Service Provider Marketplace,Unknown,New Delhi,"Ritesh Dwivedy, Ramakant Sharma, Mount Nathan Advisors",Private Equity,"20,00,000",Pre-Series A,New Delhi,Logistics Service Provider Marketplace,2000000,12/21/2015
2176,21/12/2015,Peppertap,HyperlocalGrocery Delivery Service,Unknown,Gurugram,Innoven Capital,Private Equity,"40,00,000",part of $40M Series B round,Gurugram,HyperlocalGrocery Delivery Service,4000000,12/21/2015
2177,21/12/2015,KOOH Sports,Sports Education Platform,Unknown,Mumbai,"TCS, HDFC, Faering Capital, Elevate Sports",Private Equity,"20,00,000",Series A,Mumbai,Sports Education Platform,2000000,12/21/2015
2178,22/12/2015,RentOnGo,"Bike, Appliances Renting marketplace",Unknown,Bengaluru,"Anand Chandrasekaran, Rajesh Sawhney, Kalpana Tatavarti, Shivanandan Pare",Seed Funding,,,Bengaluru,"Bike, Appliances Renting marketplace",,12/22/2015
2179,22/12/2015,Industrybuying,Online Marketplace for Industrial Goods,Unknown,New Delhi,"Murugappa Group, TVS Group, Vellayan Subbiah, Arathi Krishna, Arun Venkatachalam",Seed Funding,,,New Delhi,Online Marketplace for Industrial Goods,,12/22/2015
2180,22/12/2015,Zapr,Reward points mobile app,Unknown,Gurugram,Dinesh Agarwal,Seed Funding,,,Gurugram,Reward points mobile app,,12/22/2015
2181,22/12/2015,LatestOne,Mobile accessories online store,Unknown,Hyderabad,Palred Technologies Ltd,Private Equity,"30,00,000",Additional investment from parent company,Hyderabad,Mobile accessories online store,3000000,12/22/2015
2182,22/12/2015,PlanetGogo,Content Discovery & reward points platform,Unknown,Gurugram,HT Digital Media Holdings Ltd,Seed Funding,,,Gurugram,Content Discovery & reward points platform,,12/22/2015
2183,22/12/2015,Arya.ai,Artificial Intelligence platform,Unknown,Mumbai,"YourNest Angel Fund, Venture Nursery",Private Equity,"7,50,000",Series A,Mumbai,Artificial Intelligence platform,750000,12/22/2015
2184,22/12/2015,Doctor Insta,Medical Consultation & Doctor appointment booking platform,Unknown,Gurugram,"Rishi Parti, BrahmaX Ventures",Private Equity,"5,00,000",pre-Series A,Gurugram,Medical Consultation & Doctor appointment booking platform,500000,12/22/2015
2185,22/12/2015,MobieFit,Mobile Fitness App,Unknown,Goa,Medi Assist,Private Equity,"10,00,000",Strategic Investment,Goa,Mobile Fitness App,1000000,12/22/2015
2186,23/12/2015,LafaLafa,"Digital Coupons, Deal & Cashback aggregator app",Unknown,Mumbai,Vectr Ventures,Private Equity,,,Mumbai,"Digital Coupons, Deal & Cashback aggregator app",,12/23/2015
2187,23/12/2015,Mech Mocha,Mobile Game development & Design platform,Unknown,Bengaluru,"Blume Ventures, Flipkart",Seed Funding,"10,00,000",,Bengaluru,Mobile Game development & Design platform,1000000,12/23/2015
2188,23/12/2015,Shotang.com,B2B eCommerce Marketplace,Unknown,Bengaluru,"Exfinity Venture Partners, Unitus Impact Livelihoods Fund",Private Equity,"50,00,000",Series A,Bengaluru,B2B eCommerce Marketplace,5000000,12/23/2015
2189,23/12/2015,CityFurnish,Furniture and appliances rental platform,Unknown,Gurugram,Jitendra Gupta,Seed Funding,,,Gurugram,Furniture and appliances rental platform,,12/23/2015
2190,24/12/2015,Black White Orange,B2B Merchandize platform,Unknown,Mumbai,Collaborative Licensing Ventures LLP,Seed Funding,"3,03,000",,Mumbai,B2B Merchandize platform,303000,12/24/2015
2191,24/12/2015,Kolabro,Real Estate focused Tech platform,Unknown,Gurugram,"Umang Kumar, Ruchir Arora & others",Seed Funding,,,Gurugram,Real Estate focused Tech platform,,12/24/2015
2192,24/12/2015,Canvera,Photographer Online search & booking platform,Unknown,Bengaluru,Info Edge (India) Ltd,Private Equity,"22,00,000",,Bengaluru,Photographer Online search & booking platform,2200000,12/24/2015
2193,28/12/2015,Town Essentials,Grocery Delivery platform,Unknown,Bengaluru,"Sharad Hegde, Girish Reddy, Siddharth Patil, Shrikant Patil",Seed Funding,"10,00,000",,Bengaluru,Grocery Delivery platform,1000000,12/28/2015
2194,28/12/2015,Bumper,Mobile Car Servicing appointment app,Unknown,Bengaluru,SAIF Partners,Seed Funding,"5,00,000",,Bengaluru,Mobile Car Servicing appointment app,500000,12/28/2015
2195,29/12/2015,Hotify,New Curation Mobile App,Unknown,Bengaluru,Mahavir Pratap Sharma,Seed Funding,"1,50,000",,Bengaluru,New Curation Mobile App,150000,12/29/2015
2196,29/12/2015,MobiKwik,Mobile Wallet,Unknown,Gurugram,"Sequoia Capital, Tree Line Asia, Innoven Capital",Private Equity,"66,00,000",Additional Funding,Gurugram,Mobile Wallet,6600000,12/29/2015
2197,30/12/2015,Intelligent Interfaces,Interface development platform for Government officials,Unknown,Bengaluru,Yuvraj Singh,Seed Funding,,Yet to Launch,Bengaluru,Interface development platform for Government officials,,12/30/2015
2198,2/11/2015,Twigly,Online Food Ordering & Delivery platform,Unknown,Gurugram,"Amit Gupta, Sahil Barua, Mukul Singhal, Tracxn Labs",Seed Funding,"2,00,000",,Gurugram,Online Food Ordering & Delivery platform,200000,11/2/2015
2199,2/11/2015,CityFlo,Bus Aggregation and rental mobile app,Unknown,Mumbai,IDG Ventures,Seed Funding,"7,50,000",,Mumbai,Bus Aggregation and rental mobile app,750000,11/2/2015
2200,3/11/2015,Findyahan,hyperlocal online Services platform,Unknown,Noida,Times Group Brand Capital,Private Equity,,Bridge funding,Noida,hyperlocal online Services platform,,11/3/2015
2201,3/11/2015,Sabse,WiFi  first Cloud communication platform,Unknown,Mumbai,Ratan Tata,Private Equity,,,Mumbai,WiFi first Cloud communication platform,,11/3/2015
2202,3/11/2015,Pokkt,Alternate Mobile Monetization platform,Unknown,Mumbai,"Segnel Venture, Shinji Kimura, Sundar Chanrai, JAFCO Asia, SingTel\\xe2\\x80\\x99s Innov8, Jungle Ventures, K Ganesh",Private Equity,"50,00,000",Series B,Mumbai,Alternate Mobile Monetization platform,5000000,11/3/2015
2203,3/11/2015,oibanit,Online Food Ordering Marketplace,Unknown,Vadodara,"Varun Ahuja, Anubhav Verma",Seed Funding,"1,50,000",,Vadodara,Online Food Ordering Marketplace,150000,11/3/2015
2204,3/11/2015,Stuffed,Quick Service Restaurant & Online Delivery,Unknown,Mumbai,Riqueza Capital,Seed Funding,"3,85,000",Funding happened in Sept 2015,Mumbai,Quick Service Restaurant & Online Delivery,385000,11/3/2015
2205,3/11/2015,LoanBaba,Online Loans Marketplace,Unknown,Mumbai,Unknown,Seed Funding,"3,20,000",,Mumbai,Online Loans Marketplace,320000,11/3/2015
2206,3/11/2015,Deyor Rooms,Budget Hotels Aggregator,Unknown,New Delhi,Dheeraj Jain & Others,Seed Funding,"5,00,000",,New Delhi,Budget Hotels Aggregator,500000,11/3/2015
2207,3/11/2015,Bidgely,Efficient Energy Management platform,Unknown,USA/India,"Constellation Technology Ventures (Exelon Corporation), E.ON, RWE, Khosla Ventures",Private Equity,"1,66,00,000",Series B,Unknown,Efficient Energy Management platform,16600000,11/3/2015
2208,4/11/2015,Shirsa Labs,Digital Intelligent learning platform,Unknown,Mumbai,ah! Ventures,Seed Funding,"2,50,000",,Mumbai,Digital Intelligent learning platform,250000,11/4/2015
2209,4/11/2015,Paytunes,Voice Call incentivization mobile app,Unknown,New Delhi,CIO Angel Network,Seed Funding,,,New Delhi,Voice Call incentivization mobile app,,11/4/2015
2210,4/11/2015,YourDOST,Online Counselling and psychological support platform,Unknown,Gwalior,"Phanindra Sama, Aprameya Radhakrishna, Aneesh Reddy, Neeraj Jawalkar, Sanjay Anandaram, Pavan Ongole, Venk Krishnan",Seed Funding,"4,00,000",,Gwalior,Online Counselling and psychological support platform,400000,11/4/2015
2211,5/11/2015,BookMyBai,Domestic Help Aggregation platform,Unknown,Mumbai,Vineel Nalla & Others,Seed Funding,"1,50,000",,Mumbai,Domestic Help Aggregation platform,150000,11/5/2015
2212,5/11/2015,MyIndianStay,Home Stay & room rentals platform,Unknown,Goa,Undisclosed investors,Seed Funding,"2,00,000",,Goa,Home Stay & room rentals platform,200000,11/5/2015
2213,5/11/2015,Bobble,Selfie Mobile App,Unknown,New Delhi,SAIF Partners & others,Private Equity,,Series A,New Delhi,Selfie Mobile App,,11/5/2015
2214,6/11/2015,RepUp,Online Reputation Management Platform,Unknown,Gurugram,Indian Angel Network,Seed Funding,,,Gurugram,Online Reputation Management Platform,,11/6/2015
2215,6/11/2015,Satvacart,Online Grocery platform,Unknown,Gurugram,Undisclosed HNIs,Private Equity,"18,00,000",Pre-Series A Bridge,Gurugram,Online Grocery platform,1800000,11/6/2015
2216,6/11/2015,POPxo.com,Online content platform for women,Unknown,New Delhi,"IDG Ventures India, Kalaari Capital, 500 Startups",Private Equity,"20,00,000",Series A,New Delhi,Online content platform for women,2000000,11/6/2015
2217,6/11/2015,SparesHub,Online Vehicle Spare Parts etailer,Unknown,Pune,"Hyderabad Angels, M&S Partners",Seed Funding,"4,60,000",Pre-Series A,Pune,Online Vehicle Spare Parts etailer,460000,11/6/2015
2218,6/11/2015,Explara,Event Ticketing platform,Unknown,Pune,"Hyderabad Angels, Singapore Angel Network, Ness Wadia",Private Equity,"4,90,000",Pre-Series A,Pune,Event Ticketing platform,490000,11/6/2015
2219,6/11/2015,Soothe Healthcare,affordable Personal Healthcare Products,Unknown,Noida,Saina Nehwal,Seed Funding,,2nd seed funding,Noida,affordable Personal Healthcare Products,,11/6/2015
2220,6/11/2015,Yuvi Hospitality,Premium dining Lounges & restaurants,Unknown,Gurugram,Chandralekha Construction Pvt. Ltd.,Private Equity,"1,50,00,000",Series A,Gurugram,Premium dining Lounges & restaurants,15000000,11/6/2015
2221,9/11/2015,AppVirality,Mobile Growth Hacking Platform,Unknown,Hyderabad,"Rajan Anandan, Mike Galgon, Ravi Gururaj, Ashim Mehra,\\xc2\\xa0 Mohit Saxena, Internet Group, TNN Capital and others",Seed Funding,"5,00,000",Pre-Series A,Hyderabad,Mobile Growth Hacking Platform,500000,11/9/2015
2222,9/11/2015,iStar Skill Development,Skill Training Startup,Unknown,Bengaluru,"Michael & Susan Dell Foundation, Unitus Seed Fund",Private Equity,"15,00,000",Series A,Bengaluru,Skill Training Startup,1500000,11/9/2015
2223,9/11/2015,BigStylist.com,Beauty and Wellness Marketplace,Unknown,Mumbai,Info Edge,Private Equity,"10,00,000",Pre-Series A,Mumbai,Beauty and Wellness Marketplace,1000000,11/9/2015
2224,9/11/2015,Zilingo,Marketplace App for Bangkok,Unknown,Bangalore/ Bangkok,"Sequoia India, BEENEXT Ventures, Kunal Shah & Sandeep Tandon",Private Equity,"19,00,000",Series A,Bengaluru,Marketplace App for Bangkok,1900000,11/9/2015
2225,9/11/2015,Didi,On-demand Maids Service Provider,Unknown,Mumbai,"Jozef Bardik, Leo Wang Sangeeth Ram",Seed Funding,"1,50,000",,Mumbai,On-demand Maids Service Provider,150000,11/9/2015
2226,9/11/2015,Skoov.com,eCommerce Product Search Engine,Unknown,Mumbai,undisclosed investor,Seed Funding,"1,50,000",,Mumbai,eCommerce Product Search Engine,150000,11/9/2015
2227,10/11/2015,Chefs Basket,Ready to cook packaged Foods,Unknown,Mumbai,"SAIF Partners, Haresh Chawla",Private Equity,"60,00,000",Series A,Mumbai,Ready to cook packaged Foods,6000000,11/10/2015
2228,11/11/2015,Gingercrush,Product Customization Platform,Unknown,Vadodara,TV Mohandas Pai\\xe2\\x80\\x99s family office,Seed Funding,,,Vadodara,Product Customization Platform,,11/11/2015
2229,11/11/2015,Delight Foods,Branded Food products online sales,Unknown,Bengaluru,"Lensbridge Capital, Mape Advisory Group, Fireside Ventures",Private Equity,"6,00,000",Series A,Bengaluru,Branded Food products online sales,600000,11/11/2015
2230,11/11/2015,6Degree,Talent platform for Fashion professionals,Unknown,Goa/Hyderabad,"Centre For Incubation & Business Acceleration (CIBA), Goa",Seed Funding,,,Goa,Talent platform for Fashion professionals,,11/11/2015
2231,11/11/2015,RenewBuy,Auto Insurance Online platform,Unknown,Gurugram,Mount Nathan Advisors Pte Ltd,Seed Funding,"5,00,000",,Gurugram,Auto Insurance Online platform,500000,11/11/2015
2232,11/11/2015,Grab,Hyperlocal Logistics Service Provider,Unknown,Mumbai,Sixth Sense Ventures,Seed Funding,,,Mumbai,Hyperlocal Logistics Service Provider,,11/11/2015
2233,12/11/2015,Hitwicket,Cricket Management Mobile Game,Unknown,Hyderabad,Chennai Angels,Seed Funding,"2,50,000",,Hyderabad,Cricket Management Mobile Game,250000,11/12/2015
2234,13/11/2015,Flashdoor,On Demand Laundry Service platform,Unknown,Bengaluru,"Sujeet Kumar, Ankit Nagori, Traxcn Labs",Seed Funding,,,Bengaluru,On Demand Laundry Service platform,,11/13/2015
2235,16/11/2015,Cashkaro.com,Ecommerce Discount & Cashback coupons platform,Unknown,Gurugram,Kalaari Capital,Private Equity,"37,00,000",Series A,Gurugram,Ecommerce Discount & Cashback coupons platform,3700000,11/16/2015
2236,16/11/2015,Absentia,Virtual Reality Headset creator,Unknown,Bengaluru,"Astarc Ventures, 50K Ventures & others",Seed Funding,"1,80,000",,Bengaluru,Virtual Reality Headset creator,180000,11/16/2015
2237,16/11/2015,Renowala,Home Improvement Service platform,Unknown,Hyderabad,Logtally,Seed Funding,,,Hyderabad,Home Improvement Service platform,,11/16/2015
2238,16/11/2015,TaskBucks,mobile-only tasks marketplace,Unknown,New Delhi,Times Internet,Private Equity,"1,50,00,000",Strategic Investment,New Delhi,mobile-only tasks marketplace,15000000,11/16/2015
2239,17/11/2015,CraftsVilla,Women Ethnic Wear Online Marketplace,Unknown,Mumbai,"Sequoia India, Lightspeed Venture Partners, Nexus Venture Partners, Global Founders Capital, Apoletto",Private Equity,"3,40,00,000",Series C,Mumbai,Women Ethnic Wear Online Marketplace,34000000,11/17/2015
2240,17/11/2015,Julia Computing,Numerical Computing & Data Science Platform,Unknown,Bengaluru,Gordon and Betty Moore Foundation,Seed Funding,"6,00,000",,Bengaluru,Numerical Computing & Data Science Platform,600000,11/17/2015
2241,17/11/2015,StyleTag,Designer fashion Jewellery Marketplace,Unknown,Bengaluru,Jitu Virwani,Seed Funding,"75,00,000",,Bengaluru,Designer fashion Jewellery Marketplace,7500000,11/17/2015
2242,17/11/2015,Smytten,Online Products Discovery Platform,Unknown,Gurugram,"Rimpal Chawla, Anuj Srivastava",Seed Funding,"2,00,000",,Gurugram,Online Products Discovery Platform,200000,11/17/2015
2243,17/11/2015,BiBox,Kids Tool kit for Innovation platform,Unknown,Bengaluru,Ravi Krishnamurthy,Seed Funding,"5,30,000",,Bengaluru,Kids Tool kit for Innovation platform,530000,11/17/2015
2244,17/11/2015,Convegenius,Mobile Learning Solutions,Unknown,Noida / Singapore,Enablers platform,Seed Funding,"3,00,000",,Noida,Mobile Learning Solutions,300000,11/17/2015
2245,18/11/2015,Ola,Car Aggregator & Retail Mobile App,Unknown,Bengaluru,"Baillie Gifford, Falcon Edge Capital, Tiger Global, SoftBank Group, DST Global, Didi Kuaidi",Private Equity,"50,00,00,000",Series F ( More Details Here),Bengaluru,Car Aggregator & Retail Mobile App,500000000,11/18/2015
2246,18/11/2015,Goodbox,conversational commerce mobile app,Unknown,Bengaluru,Nexus Venture Partners,Private Equity,"25,00,000",Series A,Bengaluru,conversational commerce mobile app,2500000,11/18/2015
2247,18/11/2015,ScoopWhoop,Viral Content web Platform,Unknown,New Delhi,Kalaari Capital,Private Equity,"40,00,000",Series A,New Delhi,Viral Content web Platform,4000000,11/18/2015
2248,18/11/2015,Hipship,Express local delivery platform,Unknown,Bengaluru,"Inara Capital , Rishi Khiani",Seed Funding,,,Bengaluru,Express local delivery platform,,11/18/2015
2249,18/11/2015,Pickrr,On-Demand Local Logistics provider,Unknown,New Delhi,Palaash Ventures,Seed Funding,,,New Delhi,On-Demand Local Logistics provider,,11/18/2015
2250,18/11/2015,Truelancer,Curated Freelancer Marketplace,Unknown,New Delhi,"Blackstone Valley Group, Raghu Vohra, Aditya Dev Sood, Kamal Bansal",Seed Funding,,,New Delhi,Curated Freelancer Marketplace,,11/18/2015
2251,19/11/2015,AHA Taxis,Online Taxi Rental Platform,Unknown,Noida,ah! Ventures,Seed Funding,,,Noida,Online Taxi Rental Platform,,11/19/2015
2252,19/11/2015,UrbanClap,Mobile Services Marketplace,Unknown,Gurugram,"Bessemer Venture Partner, Accel, SAIF Partners",Private Equity,"2,50,00,000",Series B,Gurugram,Mobile Services Marketplace,25000000,11/19/2015
2253,19/11/2015,SenseGiz,Smartwatch Maker,Unknown,Belgaum,Karnataka Semiconductor Venture Capital firm,Seed Funding,"5,00,000",,Belgaum,Smartwatch Maker,500000,11/19/2015
2254,19/11/2015,PlaceofOrigin,Online Gourmet Food Marketplace,Unknown,Bengaluru,"S.D. Shibulal, Kris Gopalakrishnan, Srinath Batni, Professor Tarun Khanna,\\xc2\\xa0 Ganapathy Venugopal.",Seed Funding,,,Bengaluru,Online Gourmet Food Marketplace,,11/19/2015
2255,19/11/2015,Fourseven,Online Jewellery etailer,Unknown,New Delhi,Indian Angel Network,Seed Funding,"4,55,000",,New Delhi,Online Jewellery etailer,455000,11/19/2015
2256,20/11/2015,MindTickle,Sales & Productivity Software,Unknown,Pune / US,New Enterprise Associates,Private Equity,"1,25,00,000",Series A,Pune,Sales & Productivity Software,12500000,11/20/2015
2257,20/11/2015,Shopsense,ecommerce related software product platform,Unknown,Mumbai,"Kae Capital, Kunal Bahl, Rohit Bansal",Seed Funding,,Pre-Series A,Mumbai,ecommerce related software product platform,,11/20/2015
2258,20/11/2015,Medinfi,Health-Tech platform,Unknown,Bengaluru,"Ram Kumar Kakani, Pradeep K Jaisingh, Sunil T V, Vijay Ghadge, Hemant Kaul, Gurmeet Chahal & Others",Seed Funding,"3,05,000",,Bengaluru,Health-Tech platform,305000,11/20/2015
2259,20/11/2015,OUWT,Nightlife Discovery Mobile App,Unknown,Mumbai,Undisclosed investors,Seed Funding,"1,50,000",,Mumbai,Nightlife Discovery Mobile App,150000,11/20/2015
2260,20/11/2015,HeyPillow,Online Real Estate Marketplace,Unknown,Bengaluru,Hampton Capital,Private Equity,"30,00,000",Series A,Bengaluru,Online Real Estate Marketplace,3000000,11/20/2015
2261,21/11/2015,Healers At Home,"Home Healthcare Services platform,",Unknown,New Delhi,"Daljit Singh, Dr. Pramath Raj Sinha, BVR Mohan Reddy",Seed Funding,,,New Delhi,"Home Healthcare Services platform,",,11/21/2015
2262,21/11/2015,Caravan Craft,Indian Ethnic Crafts Etailer,Unknown,Bengaluru,"Unitus Seed Fund, Bijou Kurien, Narayan Ramachandran",Private Equity,"12,00,000",Series A,Bengaluru,Indian Ethnic Crafts Etailer,1200000,11/21/2015
2263,21/11/2015,Talkoot,Social platform for traders and investors,Unknown,Bengaluru,Undisclosed investors,Seed Funding,"1,00,000",,Bengaluru,Social platform for traders and investors,100000,11/21/2015
2264,23/11/2015,RentoMojo,"Online Furniture, Home Appliances Rental Platform",Unknown,Bengaluru,"IDG Ventures India,\\xc2\\xa0 Accel Partners India",Private Equity,"20,00,000",Series A,Bengaluru,"Online Furniture, Home Appliances Rental Platform",2000000,11/23/2015
2265,23/11/2015,Medikoe,Healthcare Services Discovery platform,Unknown,Bengaluru,Anil Menon,Seed Funding,"1,00,000",,Bengaluru,Healthcare Services Discovery platform,100000,11/23/2015
2266,24/11/2015,Stylofie,Health and Beauty Services Marketplace,Unknown,Gurugram,Swastika,Seed Funding,"2,50,000",,Gurugram,Health and Beauty Services Marketplace,250000,11/24/2015
2267,24/11/2015,ServX,Automotive Services platform,Unknown,New Delhi,Manish Gupta,Seed Funding,,,New Delhi,Automotive Services platform,,11/24/2015
2268,24/11/2015,Naaptol,Online and TV Shopping Marketplace,Unknown,Mumbai,"Mitsui & Co., New Enterprise Associates, Canaan Partners, Silicon Valley Bank",Private Equity,"5,20,00,000",Late Stage,Mumbai,Online and TV Shopping Marketplace,52000000,11/24/2015
2269,24/11/2015,Crayon Data,Big Data Analytics Platform,Unknown,Chennai/ Singapore,Ratan Tata,Private Equity,,,Chennai,Big Data Analytics Platform,,11/24/2015
2270,25/11/2015,EarlySalary.com,Mobile App based Loan disbursement platform,Unknown,Mumbai,Ashok Agarwal,Seed Funding,"15,00,000",,Mumbai,Mobile App based Loan disbursement platform,1500000,11/25/2015
2271,25/11/2015,Tooler,On Demand Laundry Services App,Unknown,New Delhi,"Raghu Khanna, Sameer Gupta",Seed Funding,"1,10,000",,New Delhi,On Demand Laundry Services App,110000,11/25/2015
2272,25/11/2015,S Chand,Education Content Provider,Unknown,New Delhi,IFC Everstone Group,Private Equity,"2,70,00,000",,New Delhi,Education Content Provider,27000000,11/25/2015
2273,26/11/2015,Stelae,Content Management Software Solutions,Unknown,Chennai,Earlsfield Capital,Private Equity,,Pre-Series A,Chennai,Content Management Software Solutions,,11/26/2015
2274,26/11/2015,GoQii,Fitness Tracking Management Solutions,Unknown,Mumbai,"New Enterprise Associates, Cheetah Mobile",Private Equity,"1,34,00,000",Series B,Mumbai,Fitness Tracking Management Solutions,13400000,11/26/2015
2275,26/11/2015,Grofers,Hyper-local Grocery Delivery platform,Unknown,Gurugram,"Softbank, Tiger Global, Sequoia Capital, Apoletto Managers",Private Equity,"12,00,00,000",Late Stage,Gurugram,Hyper-local Grocery Delivery platform,120000000,11/26/2015
2276,26/11/2015,Pluss,Hyperlocal healthcare product Delivery Service provider,Unknown,Gurugram,"IDG Ventures, M & S partners, Powerhouse Ventures (USA).",Private Equity,"10,00,000",Pre-Series A,Gurugram,Hyperlocal healthcare product Delivery Service provider,1000000,11/26/2015
2277,26/11/2015,KountMoney,Online Lending Marketplace,Unknown,Bengaluru,"Tracxn, Ashish Goenka & Others",Seed Funding,,,Bengaluru,Online Lending Marketplace,,11/26/2015
2278,27/11/2015,StayGlad,On Demand Beauty Services Platform,Unknown,Bengaluru,"Bessemer Venture Partners, Anil Chopra",Private Equity,,Series A,Bengaluru,On Demand Beauty Services Platform,,11/27/2015
2279,27/11/2015,JustRide,Self Driven Rental Car Platform,Unknown,Mumbai,Unknown,Private Equity,"20,00,000",Pre-Series A bridge round,Mumbai,Self Driven Rental Car Platform,2000000,11/27/2015
2280,27/11/2015,Fastudent,Education Content etailer,Unknown,Noida,Ashish Gupta,Seed Funding,,,Noida,Education Content etailer,,11/27/2015
2281,27/11/2015,LearnOn,Clud based Learning platform,Unknown,Chennai,JMR Infotech India Pvt Ltd,Seed Funding,,,Chennai,Clud based Learning platform,,11/27/2015
2282,27/11/2015,Talentrack,Talent Exchange & Talent Services Marketplace,Unknown,New Delhi,Unigrowth Inc,Seed Funding,,,New Delhi,Talent Exchange & Talent Services Marketplace,,11/27/2015
2283,28/11/2015,M-TAXI,Two-Wheeler Taxi Service,Unknown,Gurugram,"Mandeep Singh, Jairaj Singh",Seed Funding,,,Gurugram,Two-Wheeler Taxi Service,,11/28/2015
2284,30/11/2015,Baxi,Two-Wheeler Taxi Service,Unknown,Gurugram,"Manish Kheterpal, Alok Mittal,\\xc2\\xa0 Puneet Dalmia,",Seed Funding,"14,50,000",,Gurugram,Two-Wheeler Taxi Service,1450000,11/30/2015
2285,30/11/2015,Superhero Brands,character merchandize sales platform,Unknown,Mumbai,DSG Consumer Partners,Seed Funding,"5,40,000",,Mumbai,character merchandize sales platform,540000,11/30/2015
2286,30/11/2015,MoMagic,Mobile Application Developer,Unknown,New Delhi,FIH Mobile Ltd,Private Equity,,Strategic Investment,New Delhi,Mobile Application Developer,,11/30/2015
2287,30/11/2015,QikPod,Ecommerce Delivery locker services,Unknown,Bengaluru,"Flipkart, Accel Partners, Delhivery, Foxconn",Private Equity,"90,00,000",Series A,Bengaluru,Ecommerce Delivery locker services,9000000,11/30/2015
2288,30/11/2015,Butterfly Interactive,extra curricular activities marketplace app,Unknown,New Delhi,Undisclosed investors,Seed Funding,,,New Delhi,extra curricular activities marketplace app,,11/30/2015
2289,30/11/2015,Bro4U,Hyperlocal Online Home services provider,Unknown,Bengaluru,Sargod Ventures,Seed Funding,,,Bengaluru,Hyperlocal Online Home services provider,,11/30/2015
2290,1/10/2015,Indifi,Easy Business Loans platform,Unknown,Gurugram,"Accel Partners, Elevar Equity, Pramod Bhasin, Rajan Anandan, Gaurav Dalmia, Abhishek Goyal, Gagan Hasteer , Arun Tadanki",Seed Funding,,,Gurugram,Easy Business Loans platform,,10/1/2015
2291,1/10/2015,Wydr,Performance based Wholesale Marketplace,Unknown,New Delhi,Sandeep Aggarwal,Seed Funding,,,New Delhi,Performance based Wholesale Marketplace,,10/1/2015
2292,1/10/2015,EasyFix,Professional Services Marketplace,Unknown,Gurugram,Axilor Ventures,Seed Funding,,,Gurugram,Professional Services Marketplace,,10/1/2015
2293,1/10/2015,Muvizz,Movie-on-demand platform,Unknown,Singapore,"Ashish Todi, Abhinav Patodia, Kumar Shwetabh",Seed Funding,"3,50,000",,Singapore,Movie-on-demand platform,350000,10/1/2015
2294,1/10/2015,Abhibus,us ticketing and fleet management platform,Unknown,Hyderabad,Paytm (One97 communications),Private Equity,,Strategic Investment,Hyderabad,us ticketing and fleet management platform,,10/1/2015
2295,1/10/2015,Cleartax,Online Income Tax Filing platform,Unknown,New Delhi,Paytm (One97 communications),Private Equity,,,New Delhi,Online Income Tax Filing platform,,10/1/2015
2296,2/10/2015,Shopalyst,Product discovery & recommendation platform,Unknown,Bengaluru,Kalaari Capital,Private Equity,"20,00,000",Series A,Bengaluru,Product discovery & recommendation platform,2000000,10/2/2015
2297,3/10/2015,Chillr,Mobile Payments App,Unknown,Mumbai,Sequoia Capital,Private Equity,"60,00,000",Series A,Mumbai,Mobile Payments App,6000000,10/3/2015
2298,5/10/2015,Nykaa,Beauty & Wellness Products e-tailer,Unknown,Mumbai,"Harsh Mariwala, Atul Nishar, Dalip Pathak, Michael Carlos",Private Equity,"95,00,000",Series B,Mumbai,Beauty & Wellness Products e-tailer,9500000,10/5/2015
2299,5/10/2015,Voylla,Fashion jewelry and accessories e-tailer,Unknown,Jaipur,Peepul Capital,Private Equity,"1,50,00,000",Series B,Jaipur,Fashion jewelry and accessories e-tailer,15000000,10/5/2015
2300,5/10/2015,IndiaLends,Online Consumer Lending platform,Unknown,New Delhi,"DSG consumer Partners, Paragon Partners",Private Equity,"10,00,000",Pre-Series A Bridge round,New Delhi,Online Consumer Lending platform,1000000,10/5/2015
2301,5/10/2015,Rock N Shop,Premium Apparel shopping portal,Unknown,New Delhi,High Networth Individuals (undisclosed),Seed Funding,"1,50,000",,New Delhi,Premium Apparel shopping portal,150000,10/5/2015
2302,6/10/2015,DocPlexus,Exclusive Platform for Doctors & Healthcare professionals,Unknown,Pune,"Uniqorn ventures, ASP Consulting",Seed Funding,"7,00,000",,Pune,Exclusive Platform for Doctors & Healthcare professionals,700000,10/6/2015
2303,6/10/2015,WorkIndia,Job Board,Unknown,Mumbai,"Satyen Kothari, Keshav Sanghi, Riddhesh Gandhi & Others",Seed Funding,"5,00,000",Pre-Series A,Mumbai,Job Board,500000,10/6/2015
2304,6/10/2015,SportzVillage,Sports Management & Physical Education Business,Unknown,Bengaluru,Gaja Capital Private Equity Fund,Private Equity,"1,00,00,000",Series B,Bengaluru,Sports Management & Physical Education Business,10000000,10/6/2015
2305,6/10/2015,SportyBeans,multi-sport program for preschoolers,Unknown,Pune,YouWeCan Ventures,Seed Funding,,,Pune,multi-sport program for preschoolers,,10/6/2015
2306,6/10/2015,Burger Singh,QSR & Online delivery portal,Unknown,Gurugram,"Ashvin Chadha, Avtar Monga, Udaan Angels, Dheeraj Jain",Seed Funding,"5,00,000",Bridge Round,Gurugram,QSR & Online delivery portal,500000,10/6/2015
2307,6/10/2015,Welcome Cure,Online Homeopathy Clinic,Unknown,Mumbai,Unnamed Media house and HNIs,Private Equity,"60,00,000",Pre-Series A,Mumbai,Online Homeopathy Clinic,6000000,10/6/2015
2308,7/10/2015,SchoolGuru,E-Learning Service Provider,Unknown,Mumbai,High Networth Individuals from India & USA,Private Equity,"30,00,000",Series A,Mumbai,E-Learning Service Provider,3000000,10/7/2015
2309,7/10/2015,Naturally Yours,Organic Food etailer,Unknown,Mumbai,Sanjay Mehta,Seed Funding,,,Mumbai,Organic Food etailer,,10/7/2015
2310,7/10/2015,GoJavas,Delivery & Logistics Service provider,Unknown,Gurugram,Snapdeal,Private Equity,"2,00,00,000",Strategic Funding (Series C),Gurugram,Delivery & Logistics Service provider,20000000,10/7/2015
2311,7/10/2015,Scandid,Product Discovery & comparison App,Unknown,Pune,Micromax Informatics,Private Equity,,Strategic Funding,Pune,Product Discovery & comparison App,,10/7/2015
2312,7/10/2015,StalkBuyLove,Online Apparels Fashion brand,Unknown,New Delhi,"Mato Peric, Peter Kabel & others",Private Equity,,Series A,New Delhi,Online Apparels Fashion brand,,10/7/2015
2313,8/10/2015,ZuperMeal,Home Cooked Food marketplace & Delivery,Unknown,Mumbai,"Sanjeev Kapoor,\\xc2\\xa0 Ravi Saxena & Others",Private Equity,"20,00,000",Series A,Mumbai,Home Cooked Food marketplace & Delivery,2000000,10/8/2015
2314,8/10/2015,Cube26,Gesture based Mobile Development,Unknown,New Delhi,"Tiger Global Management, Flipkart",Private Equity,"77,00,000",Series A,New Delhi,Gesture based Mobile Development,7700000,10/8/2015
2315,8/10/2015,Mobikon,Hotel Mobile CRM Software platform,Unknown,Pune / Singapore,"Life.SREDA, Qualgro",Private Equity,,Series B,Pune,Hotel Mobile CRM Software platform,,10/8/2015
2316,8/10/2015,Grabhouse,Rental Accommodation Search platform,Unknown,Bengaluru,Sequoia and Kalaari Capital.,Private Equity,"1,00,00,000",Series B,Bengaluru,Rental Accommodation Search platform,10000000,10/8/2015
2317,8/10/2015,Quifers,Logistics Tech Platform,Unknown,Mumbai,"Vikas Agarwal, Vishal Khare, Sanjeev Kakkar, Smile Group",Seed Funding,"3,10,000",,Mumbai,Logistics Tech Platform,310000,10/8/2015
2318,9/10/2015,Stockroom.io,Developer Portfolio Showcase platform,Unknown,Hyderabad,Undisclosed Investors,Seed Funding,"70,000",,Hyderabad,Developer Portfolio Showcase platform,70000,10/9/2015
2319,9/10/2015,Curofy,Doctors Network Mobile App,Unknown,New Delhi,RoundGlass Partners,Private Equity,,Pre-Series A,New Delhi,Doctors Network Mobile App,,10/9/2015
2320,9/10/2015,Cloud Lending,End-to-End Lending platform,Unknown,Bangalore / San Mateo,SF Capital Group,Private Equity,"80,00,000",Series A,Bengaluru,End-to-End Lending platform,8000000,10/9/2015
2321,9/10/2015,Inayo,on-demand healthcare marketplace,Unknown,Mumbai,"Kemark Ventures, Amit Ranjan, Zishaan Hayath and Others",Seed Funding,"3,00,000",,Mumbai,on-demand healthcare marketplace,300000,10/9/2015
2322,9/10/2015,WoNoBo,360-degree view creating platform,Unknown,Bengaluru,Quikr,Private Equity,,Strategic Funding,Bengaluru,360-degree view creating platform,,10/9/2015
2323,9/10/2015,Kulzy,Advertising & Marketing Community Networking platform,Unknown,New Delhi,"Seedfund, Bedrock Ventures",Seed Funding,"10,00,000",,New Delhi,Advertising & Marketing Community Networking platform,1000000,10/9/2015
2324,9/10/2015,Zeppery,Food Ordering & Delivery App,Unknown,New Delhi,Suyash Sharma,Seed Funding,"77,000",,New Delhi,Food Ordering & Delivery App,77000,10/9/2015
2325,12/10/2015,Zify,Ride Sharing platform,Unknown,Hyderabad,Sean O\\xe2\\x80\\x99Sullivan & Others,Seed Funding,"1,90,000",,Hyderabad,Ride Sharing platform,190000,10/12/2015
2326,12/10/2015,Faircent,Online P2P lending marketplace,Unknown,Gurugram,Aarin Capital Partners,Private Equity,,Series A,Gurugram,Online P2P lending marketplace,,10/12/2015
2327,12/10/2015,Bizongo,B2B marketplace for industrial goods,Unknown,Mumbai,Accel Partners,Seed Funding,,,Mumbai,B2B marketplace for industrial goods,,10/12/2015
2328,12/10/2015,Gridle,Cloud Based Collaboration platform,Unknown,Ahmedabad,LetsVenture,Seed Funding,"1,00,000",,Ahmedabad,Cloud Based Collaboration platform,100000,10/12/2015
2329,12/10/2015,Tripoto,global community for travellers,Unknown,New Delhi,"500 Startups, IDG Ventures & Advantedge fund, Neeraj Arora, Leon Seynave",Private Equity,,Series A,New Delhi,global community for travellers,,10/12/2015
2330,12/10/2015,Mubble,Prepaid Bill manager App,Unknown,Bengaluru,Accel Partners,Private Equity,,Series A,Bengaluru,Prepaid Bill manager App,,10/12/2015
2331,13/10/2015,Voodoo,Mobile Only Shopping Assistant,Unknown,New Delhi,SAIF Partners,Seed Funding,"10,00,000",,New Delhi,Mobile Only Shopping Assistant,1000000,10/13/2015
2332,13/10/2015,Lookup,Mobile Messaging Assistant App,Unknown,Bengaluru,"Khosla Impact, Biz Stone, Catamaran Ventures, Global Founders Capital, European investment fund",Private Equity,"25,00,000",Series A,Bengaluru,Mobile Messaging Assistant App,2500000,10/13/2015
2333,14/10/2015,AskMyGift,Personalized Wish List creator app,Unknown,Noida,Turning Ideas,Seed Funding,"50,000",,Noida,Personalized Wish List creator app,50000,10/14/2015
2334,14/10/2015,Gaana.com,Music Streaming mobile app,Unknown,Mumbai,Micromax Informatics Ltd,Private Equity,,Strategic Funding,Mumbai,Music Streaming mobile app,,10/14/2015
2335,14/10/2015,Zappfresh,Raw Meat & Ready to eat food etailer,Unknown,Gurugram,Undisclosed Investors,Seed Funding,"77,000",,Gurugram,Raw Meat & Ready to eat food etailer,77000,10/14/2015
2336,14/10/2015,GymTrekker,Gym Discovery platform,Unknown,Mumbai,"Dewang Neralla,Roopak Taneja, Manisha Gupta",Seed Funding,,,Mumbai,Gym Discovery platform,,10/14/2015
2337,15/10/2015,Bounty App,Online Purchase rewards app,Unknown,Bengaluru,"Fireside Ventures, Mumbai Angels MAPE Advisory Group.",Seed Funding,,,Bengaluru,Online Purchase rewards app,,10/15/2015
2338,16/10/2015,Homers.in,Home rental platform,Unknown,Gurugram,"Devesh Rai G, Rajesh Aggarwal, Amitpal Bhutani",Seed Funding,,,Gurugram,Home rental platform,,10/16/2015
2339,16/10/2015,mShipper,Crowdsourced Delivery platform,Unknown,New Delhi,Vijai Laxmi,Seed Funding,,,New Delhi,Crowdsourced Delivery platform,,10/16/2015
2340,16/10/2015,BolRealty,Real Estate Insights platform,Unknown,New Delhi,Manpreet Singh,Seed Funding,,,New Delhi,Real Estate Insights platform,,10/16/2015
2341,17/10/2015,S-Cube Futuretech,Structural & Civil Engg Service Automation,Unknown,Mumbai,Parampara Capital,Private Equity,"10,00,000",Series A,Mumbai,Structural & Civil Engg Service Automation,1000000,10/17/2015
2342,19/10/2015,LetsVenture,Startup Funding Marketplace,Unknown,Bengaluru,"Accel Partners, Anupam Mittal & other marquee investors",Private Equity,,Series A,Bengaluru,Startup Funding Marketplace,,10/19/2015
2343,19/10/2015,Citrus Payment,Payments Solution platform,Unknown,Mumbai,"Sequoia Capital, Ascent Capital, eContext Asia, Beenos Asia",Private Equity,"2,50,00,000",Series C,Mumbai,Payments Solution platform,25000000,10/19/2015
2344,19/10/2015,Holidify,Travel Destination Discovery platform,Unknown,New Delhi,Aarti Group,Seed Funding,"1,00,000",,New Delhi,Travel Destination Discovery platform,100000,10/19/2015
2345,20/10/2015,PrimaSeller,Order Fulfillment SAAS platform,Unknown,Bengaluru,"Dr. Aniruddha Malpani Manish Gupta, M&S Partners & others",Seed Funding,,,Bengaluru,Order Fulfillment SAAS platform,,10/20/2015
2346,20/10/2015,Opinio,Last Mile Delivery Service,Unknown,Bengaluru,"Delhivery, Sands Capital and Accel Partners",Private Equity,"70,00,000",Series A,Bengaluru,Last Mile Delivery Service,7000000,10/20/2015
2347,20/10/2015,Attune Technologies,Healthcare IT Solutions & services,Unknown,Chennai,"Qualcomm Venture, Norwest Venture Partners",Private Equity,"1,00,00,000",Series B,Chennai,Healthcare IT Solutions & services,10000000,10/20/2015
2348,20/10/2015,iChef.in,Gourmet Meals Delivery,Unknown,Mumbai,Springboard Ventures,Private Equity,,,Mumbai,Gourmet Meals Delivery,,10/20/2015
2349,21/10/2015,Jiyo Natural,Healthy Meals Food delivery platform,Unknown,Bengaluru,Indian Angel Network,Seed Funding,,,Bengaluru,Healthy Meals Food delivery platform,,10/21/2015
2350,21/10/2015,AgentDesks,Real Estate Mobile CRM,Unknown,New York/ India,"Sierra Ventures, Cota Capital, Vegas Tech Fund",Seed Funding,"29,50,000",,Unknown,Real Estate Mobile CRM,2950000,10/21/2015
2351,21/10/2015,White Owl Brewery,Micro-Brewery,Unknown,Mumbai,"Arihant Patni, RAAY Global Investments",Private Equity,"15,30,000",Series A,Mumbai,Micro-Brewery,1530000,10/21/2015
2352,21/10/2015,MealHopper,Home Made Food Marketplace,Unknown,Gurugram,"Alok Bajpai, Rajnish Kumar, Amit Dey",Seed Funding,"1,00,000",,Gurugram,Home Made Food Marketplace,100000,10/21/2015
2353,21/10/2015,Zenify.in,residential rental management platform,Unknown,Bengaluru,"Atul Jalan, Shrikanth & Bharath",Seed Funding,"6,40,000",,Bengaluru,residential rental management platform,640000,10/21/2015
2354,21/10/2015,Stockal,Personalized Stock Intelligence Platform,Unknown,Bengaluru,"R Natarajan, Mohan Alexander",Seed Funding,,,Bengaluru,Personalized Stock Intelligence Platform,,10/21/2015
2355,23/10/2015,Medd,Personal Diagnostic Mobile App,Unknown,Mumbai,Group of Angel investors,Seed Funding,"1,50,000",Bridge Round,Mumbai,Personal Diagnostic Mobile App,150000,10/23/2015
2356,23/10/2015,Leaping Caravan,Online food ordering & Delivery service,Unknown,Gurugram,Group of Angel investors,Seed Funding,"1,50,000",,Gurugram,Online food ordering & Delivery service,150000,10/23/2015
2357,23/10/2015,Frsh,Online food ordering & Delivery service,Unknown,Gurugram,"Mumbai Angels, Mayank Bhangdia, Kae Capital",Private Equity,"10,00,000",Bridge Round,Gurugram,Online food ordering & Delivery service,1000000,10/23/2015
2358,23/10/2015,Qik Stay,Hotel Aggregator & booking platform,Unknown,New Delhi,ID Enablers Pvt Ltd,Seed Funding,"2,50,000",,New Delhi,Hotel Aggregator & booking platform,250000,10/23/2015
2359,26/10/2015,Parcelled,Online Logistics Platform,Unknown,Bengaluru,Delhivery,Private Equity,"50,00,000",,Bengaluru,Online Logistics Platform,5000000,10/26/2015
2360,26/10/2015,AlmaMapper,Online Student & Campus Social Networking platform,Unknown,Ahmedabad,Oswal Techno Ventures LLP,Seed Funding,"4,00,000",,Ahmedabad,Online Student & Campus Social Networking platform,400000,10/26/2015
2361,26/10/2015,Flexing It,Professionals & Project Search Marketplace,Unknown,New Delhi,undisclosed private investors,Seed Funding,"5,00,000",,New Delhi,Professionals & Project Search Marketplace,500000,10/26/2015
2362,26/10/2015,Netmeds.com,Online Pharmacy,Unknown,Chennai,"OrbiMed, Pradip Dadha Group",Private Equity,"5,00,00,000",Series A,Chennai,Online Pharmacy,50000000,10/26/2015
2363,26/10/2015,Razorpay,Online Payment Gateway,Unknown,Jaipur,"Tiger Global Management, Matrix Partners",Private Equity,"90,00,000",Series A,Jaipur,Online Payment Gateway,9000000,10/26/2015
2364,27/10/2015,Jombay,Psychometric Test Online Software,Unknown,Pune,Ventureworks India,Private Equity,,,Pune,Psychometric Test Online Software,,10/27/2015
2365,27/10/2015,Happitoo,Location based Nightlife recommendation Platform,Unknown,Mumbai,Unnamed investor,Seed Funding,"77,000",,Mumbai,Location based Nightlife recommendation Platform,77000,10/27/2015
2366,27/10/2015,Care24,Professional Health Services Platform,Unknown,Mumbai,India Quotient,Seed Funding,"3,50,000",,Mumbai,Professional Health Services Platform,350000,10/27/2015
2367,27/10/2015,Roadrunnr,Hyperlocal Logistics Service,Unknown,Bengaluru,"Sequoia Capital, Nexus Venture Partners",Private Equity,"1,00,00,000",Series B,Bengaluru,Hyperlocal Logistics Service,10000000,10/27/2015
2368,27/10/2015,Simpli5d,Online user engagement platform,Unknown,Gurugram,"Redcliffe Capital, YourNest Angel Fund",Private Equity,,Bridge Funding,Gurugram,Online user engagement platform,,10/27/2015
2369,28/10/2015,ORIGA Leasing,Asset Financing platform,Unknown,Mumbai,"ah! Ventures, 500 Startups & Other HNIs",Seed Funding,"11,00,000",,Mumbai,Asset Financing platform,1100000,10/28/2015
2370,28/10/2015,Smartivity.in,Virtual Reality activity based learning platform,Unknown,New Delhi,S Chand and Co Pvt Ltd,Seed Funding,"2,00,000",,New Delhi,Virtual Reality activity based learning platform,200000,10/28/2015
2371,28/10/2015,UrDoorStep,Online Grocery Store,Unknown,Bengaluru,Jupiter Capital,Private Equity,,Series A,Bengaluru,Online Grocery Store,,10/28/2015
2372,29/10/2015,Tavaga,Investment management platform,Unknown,Mumbai,Tracxn Syndicate,Seed Funding,,,Mumbai,Investment management platform,,10/29/2015
2373,29/10/2015,Moglix,Industrial Toons Marketplace,Unknown,Noida,"Accel Partner, Jungle Ventures",Private Equity,,pre-Series A,Noida,Industrial Toons Marketplace,,10/29/2015
2374,29/10/2015,ZopHop,Public Commute helper App,Unknown,Mumbai,"Amit Singhal, PK Gulati & others",Seed Funding,"4,50,000",,Mumbai,Public Commute helper App,450000,10/29/2015
2375,30/10/2015,Niki.ai,Artificial Intelligence Ecommerce Chatbot,Unknown,Bengaluru,Unilazer Ventures,Seed Funding,,,Bengaluru,Artificial Intelligence Ecommerce Chatbot,,10/30/2015
2376,30/10/2015,Instavans,Truck Aggregator & Logistics service,Unknown,Bengaluru,Suresh Vaswani,Seed Funding,,,Bengaluru,Truck Aggregator & Logistics service,,10/30/2015
2377,30/10/2015,LiftO,Ridesharing Mobile app,Unknown,Mumbai,"Rajesh Bhatia, Dheeraj Mehta & Others",Seed Funding,"1,30,000",,Mumbai,Ridesharing Mobile app,130000,10/30/2015
2378,30/10/2015,TinyOwl,Food Discovery & Delivery Mobile app,Unknown,Mumbai,"Sequoia Capital, Matrix Partners",Private Equity,"75,00,000",Series B,Mumbai,Food Discovery & Delivery Mobile app,7500000,10/30/2015
2379,30/10/2015,Toppr.com,Competitive exam learning platform,Unknown,Mumbai,InnoVen Capital,Private Equity,"20,00,000",Series C,Mumbai,Competitive exam learning platform,2000000,10/30/2015
2380,30/10/2015,Kleeto,Document Digitization platform,Unknown,Gurugram,GREX,Seed Funding,"2,30,000",pre-Series A,Gurugram,Document Digitization platform,230000,10/30/2015
2381,30/10/2015,BeaconsTalk,proximity marketing & Mobile Advertising platform,Unknown,Mumbai,Puneet Bhatia & others,Seed Funding,"80,000",,Mumbai,proximity marketing & Mobile Advertising platform,80000,10/30/2015
2382,31/10/2015,Jugnoo,Autorickshaw Aggregator & Booking platform,Unknown,Chandigarh,Paytm,Private Equity,"1,00,00,000",Series B,Chandigarh,Autorickshaw Aggregator & Booking platform,10000000,10/31/2015
2383,1/9/2015,TOFlo,FinTech Startup Incubation platform,Unknown,Mumbai,Tania Johny Palathinkal,Seed Funding,"1,00,000",,Mumbai,FinTech Startup Incubation platform,100000,9/1/2015
2384,1/9/2015,FXMartIndia,Payment Services platform,Unknown,Chandigarh,Flipkart,Private Equity,,Strategic Investment (Majority Stake),Chandigarh,Payment Services platform,,9/1/2015
2385,1/9/2015,Stylecracker,Personalized Styling platform,Unknown,Mumbai,Group of HNI investors,Private Equity,"10,00,000",Series A,Mumbai,Personalized Styling platform,1000000,9/1/2015
2386,1/9/2015,Luxuryhues,Luxury goods Shopping Platform,Unknown,Gurugram,Reliance Capital,Private Equity,"9,00,000",Series A,Gurugram,Luxury goods Shopping Platform,900000,9/1/2015
2387,2/9/2015,HolaChef,Food Delivery Platform,Unknown,Mumbai,Ratan Tata,Private Equity,,Part of Series A raised in June 2015,Mumbai,Food Delivery Platform,,9/2/2015
2388,2/9/2015,Zivame,Online Lingerie Marketplace,Unknown,Bengaluru,"Zodius Technology Fund, Khazanah Nasional Berhad",Private Equity,"4,00,00,000",Series C,Bengaluru,Online Lingerie Marketplace,40000000,9/2/2015
2389,2/9/2015,Capillary Tech,Cloud software solutions,Unknown,New Delhi,"Warburg Pincus, Sequoia Capital, Norwest Venture Partners",Private Equity,"4,50,00,000",Series D,New Delhi,Cloud software solutions,45000000,9/2/2015
2390,3/9/2015,Jobspire,Job Search Platform,Unknown,Bengaluru,Purvi Capital,Seed Funding,"2,60,000",,Bengaluru,Job Search Platform,260000,9/3/2015
2391,3/9/2015,MeraDoctor,Doctor consultancy Mobile App,Unknown,Mumbai,India Quotient & other investors,Seed Funding,,,Mumbai,Doctor consultancy Mobile App,,9/3/2015
2392,3/9/2015,Vistaar Finance,Small Business Financing (NBFC),Unknown,Bengaluru,"WestBridge Capital, Omidyar Network, Elevar Equity, Saama Capital,\\xc2\\xa0 Lok Capital",Private Equity,"4,00,00,000",,Bengaluru,Small Business Financing (NBFC),40000000,9/3/2015
2393,3/9/2015,HiJinny,Beauty & Wellness Services Marketplace,Unknown,Mumbai,CMYK Health Boutique Pvt Ltd & Other individual investors,Seed Funding,,,Mumbai,Beauty & Wellness Services Marketplace,,9/3/2015
2394,4/9/2015,Clapsnslaps,Online Movie Review Platform,Unknown,Mumbai,R M Picture Company Pvt. Ltd.,Seed Funding,"1,50,000",,Mumbai,Online Movie Review Platform,150000,9/4/2015
2395,4/9/2015,Blubox,ECommerce Brands\\xe2\\x80\\x99 Full Service Agency,Unknown,Mumbai,Ashish Jhalani,Seed Funding,"1,00,000",,Mumbai,ECommerce Brands\\xe2\\x80\\x99 Full Service Agency,100000,9/4/2015
2396,4/9/2015,RoomCentral,Cloud-based Hotel Booking Platform,Unknown,Bengaluru,Karanpal Singh,Seed Funding,"20,00,000",,Bengaluru,Cloud-based Hotel Booking Platform,2000000,9/4/2015
2397,7/9/2015,YouthKiAwaaz,Community Driven News/Views Platform,Unknown,New Delhi,"Raghav Bahl, Ritu Kapur",Seed Funding,"6,00,000",,New Delhi,Community Driven News/Views Platform,600000,9/7/2015
2398,7/9/2015,Prozo,Study Material Marketplace,Unknown,New Delhi,"Nalin Jain, Shomil Pant, Dinesh Kundu & others",Seed Funding,"2,05,000",,New Delhi,Study Material Marketplace,205000,9/7/2015
2399,7/9/2015,Zomato,Restaurant Ratings & Reviews platform,Unknown,Gurugram,"Temasek, Vy Capital",Private Equity,"6,00,00,000",Late Stage,Gurugram,Restaurant Ratings & Reviews platform,60000000,9/7/2015
2400,7/9/2015,Sahayog Dairy,Dairy Based Product Manufacturer,Unknown,Bhopal,Acumen Fund,Private Equity,"18,00,000",Series A,Bhopal,Dairy Based Product Manufacturer,1800000,9/7/2015
2401,8/9/2015,MockBank,Government Test Preparation platform,Unknown,Bengaluru,Blume Ventures,Seed Funding,"4,00,000",,Bengaluru,Government Test Preparation platform,400000,9/8/2015
2402,8/9/2015,ReportBee,Smart Report Cards for Schools,Unknown,Chennai,India Educational Investment Fund,Seed Funding,,,Chennai,Smart Report Cards for Schools,,9/8/2015
2403,8/9/2015,GuruG Learning,Teacher empowerment platform,Unknown,Bengaluru,India Educational Investment Fund,Seed Funding,,,Bengaluru,Teacher empowerment platform,,9/8/2015
2404,10/9/2015,OnlineTyari,Multilingual Test Preparation Platform,Unknown,Gurugram,"500 Startups, TV Mohandas Pai, Tandem Capital, Vikram Chachra, Aloke Bajpai",Private Equity,"7,70,000",Series A,Gurugram,Multilingual Test Preparation Platform,770000,9/10/2015
2405,10/9/2015,IndustryBuying,Industrial Tools Marketplace,Unknown,New Delhi,"Kalaari Capital, SAIF Partners, Beenextan investment fund",Private Equity,"92,00,000",Series B,New Delhi,Industrial Tools Marketplace,9200000,9/10/2015
2406,10/9/2015,The/Nudge Foundation,Non Profit Organization to alleviate poverty,Unknown,Bengaluru,"Nanadan Nilekani, InMobi, Paytm",Seed Funding,"3,15,000",,Bengaluru,Non Profit Organization to alleviate poverty,315000,9/10/2015
2407,11/9/2015,FitMeIn,Gym & Fitness Studios Subscription platform,Unknown,New Delhi,Green House Ventures,Seed Funding,"1,00,000",,New Delhi,Gym & Fitness Studios Subscription platform,100000,9/11/2015
2408,11/9/2015,Envoged,pre-used luxury item Marketplace,Unknown,Mumbai,"Ankush Nijhawan, Manish Dhingra, Gaurav Bhatnagar",Seed Funding,,,Mumbai,pre-used luxury item Marketplace,,9/11/2015
2409,11/9/2015,Zapyle,pre-used apparel shopping mobile app,Unknown,Bengaluru,Unknown,Seed Funding,"10,00,000",,Bengaluru,pre-used apparel shopping mobile app,1000000,9/11/2015
2410,11/9/2015,Renomania,Home Design & D\\xc3\\xa9cor platform,Unknown,New Delhi,Subodh Gupta,Seed Funding,,,New Delhi,Home Design & D\\xc3\\xa9cor platform,,9/11/2015
2411,12/9/2015,CredR,Used Vehicles Marketplace,Unknown,Mumbai,Eight Road Ventures,Private Equity,"1,50,00,000",Series A,Mumbai,Used Vehicles Marketplace,15000000,9/12/2015
2412,12/9/2015,YatraGenie,Online Bus & Cab ticketing platform,Unknown,Hyderabad,Ash Bhardwaj,Private Equity,,Series A,Hyderabad,Online Bus & Cab ticketing platform,,9/12/2015
2413,14/09/2015,CanvasFlip,Mobile App testing platform,Unknown,Hyderabad,Bessemer Venture Partners,Seed Funding,"12,00,000",,Hyderabad,Mobile App testing platform,1200000,9/14/2015
2414,14/09/2015,Shadowfax,Hyperlocal Delivery Services,Unknown,Gurugram,Eight Roads Ventures,Private Equity,"90,00,000",Series A,Gurugram,Hyperlocal Delivery Services,9000000,9/14/2015
2415,14/09/2015,UE Life Sciences,Early Cancer Detection Solutions,Unknown,US/India,"Aarin Capital, Unitus Seed Fund",Private Equity,"30,00,000",Series A,Unknown,Early Cancer Detection Solutions,3000000,9/14/2015
2416,14/09/2015,Ola Cabs,Cab rental Mobile app,Unknown,Bengaluru,"Falcon Edge Capital, NY based Hedge Fund, Tiger Global, Softbank",Private Equity,"22,50,00,000",Late Stage,Bengaluru,Cab rental Mobile app,225000000,9/14/2015
2417,15/09/2015,Coverfox,Online Insurance Distribution Platform,Unknown,Mumbai,Cataraman Ventures,Private Equity,"20,00,000",Part of $12M Series B funding,Mumbai,Online Insurance Distribution Platform,2000000,9/15/2015
2418,15/09/2015,MoEngage,Mobile Marketing Automation Platform,Unknown,Bengaluru,"Helion Venture Partners, Exfinity Ventures",Private Equity,"42,50,000",Series A,Bengaluru,Mobile Marketing Automation Platform,4250000,9/15/2015
2419,15/09/2015,Mubble,Prepaid Mobile Bill Manager App,Unknown,Bengaluru,Nandan Nilekani,Seed Funding,,,Bengaluru,Prepaid Mobile Bill Manager App,,9/15/2015
2420,15/09/2015,Tea Trails,Chain of Tea Caf,Unknown,Mumbai,"Anil Matai, Vikram Tandon, Shyam Sundar R & others",Seed Funding,"10,00,000",,Mumbai,Chain of Tea Caf,1000000,9/15/2015
2421,15/09/2015,Room on Call,Branded Budget Hotel Marketplace,Unknown,Noida,Payal Syal,Seed Funding,"3,00,000",,Noida,Branded Budget Hotel Marketplace,300000,9/15/2015
2422,15/09/2015,FYNE,Home Fitting & Fixtures Marketplace,Unknown,Bengaluru,Sandeep Dama & Others,Seed Funding,,Pre-Series A,Bengaluru,Home Fitting & Fixtures Marketplace,,9/15/2015
2423,16/09/2015,ChaiPoint,Food Subscription platform,Unknown,Bengaluru,Eight Roads Ventures,Private Equity,"1,00,00,000",Series A,Bengaluru,Food Subscription platform,10000000,9/16/2015
2424,16/09/2015,WedmeGood.com,Wedding Planning Platform,Unknown,Gurugram,Indian Angel Network,Seed Funding,"4,10,000",,Gurugram,Wedding Planning Platform,410000,9/16/2015
2425,16/09/2015,XSTOK,B2B Mobile Auction Marketplace,Unknown,Mumbai,Oliphans Capital,Seed Funding,"4,50,000",,Mumbai,B2B Mobile Auction Marketplace,450000,9/16/2015
2426,17/09/2015,UniLog,ECommerce Data Analytics Platform,Unknown,Bengaluru,Kalaari Capital,Private Equity,,,Bengaluru,ECommerce Data Analytics Platform,,9/17/2015
2427,17/09/2015,Paintcollar,Designer Merchandize Marketplace,Unknown,Mumbai,Applyifi,Seed Funding,,Bridge Funding,Mumbai,Designer Merchandize Marketplace,,9/17/2015
2428,17/09/2015,YepMe,Private label Fashion eTailer,Unknown,Gurugram,"Khazanah Nasional Berhad, Helion Venture Partners",Private Equity,"7,50,00,000",Series D,Gurugram,Private label Fashion eTailer,75000000,9/17/2015
2429,17/09/2015,Bueno,Online Food ordering & delivery,Unknown,Gurugram,High Networth Individuals (No details),Seed Funding,"6,00,000",,Gurugram,Online Food ordering & delivery,600000,9/17/2015
2430,18/09/2015,Plabro,Real Estate Broker Platform App,Unknown,New Delhi,"Sachin Bansal & Binny Bansal, Sol Primero, Outbox Ventures, Sangram Singh",Seed Funding,"3,50,000",,New Delhi,Real Estate Broker Platform App,350000,9/18/2015
2431,18/09/2015,CureJoy,Online Health & Wellness platform,Unknown,Bengaluru,"Accel Partners, Subrata Mitra, Larry Braitman, Venk Krishna",Private Equity,"11,50,000",Pre-Series A,Bengaluru,Online Health & Wellness platform,1150000,9/18/2015
2432,18/09/2015,Briston Technomach,Internet of Things platform,Unknown,New Delhi,Undisclosed,Seed Funding,"1,50,000",,New Delhi,Internet of Things platform,150000,9/18/2015
2433,18/09/2015,LabStreet,Diagnostic Labs aggregator platform,Unknown,Gurugram,Multiple investors,Seed Funding,"1,50,000",,Gurugram,Diagnostic Labs aggregator platform,150000,9/18/2015
2434,19/09/2015,DailyNinja,Hyperlocal Delivery Platform,Unknown,Bengaluru,"Aprameya Radhakrishna, Naman Sarawagi, Afsal Salu,",Seed Funding,,,Bengaluru,Hyperlocal Delivery Platform,,9/19/2015
2435,21/09/2015,Portea Medical,Home Medical Care Services,Unknown,Bengaluru,"Accel Partners, International Finance Corporation (IFC), Qualcomm Ventures, Ventureast",Private Equity,"3,75,00,000",,Bengaluru,Home Medical Care Services,37500000,9/21/2015
2436,21/09/2015,Neotrade Analytics,Real-Time stock data platform,Unknown,Bengaluru,Rainmatter,Seed Funding,"2,35,000",,Bengaluru,Real-Time stock data platform,235000,9/21/2015
2437,21/09/2015,DishCo,Food discovery & table booking app,Unknown,Mumbai,"Anand Mahindra, Uday Punj, Ashish Hemrajani, Sanjeev Mehra",Seed Funding,,,Mumbai,Food discovery & table booking app,,9/21/2015
2438,21/09/2015,LafaLafa,coupons and cashback aggregator app,Unknown,Mumbai,500 Startups,Seed Funding,"1,25,000",thru Accelerator,Mumbai,coupons and cashback aggregator app,125000,9/21/2015
2439,21/09/2015,ConnectAbank,Financial Products lead generation platform,Unknown,Mumbai,Prakhar Bumb,Seed Funding,,,Mumbai,Financial Products lead generation platform,,9/21/2015
2440,22/09/2015,VillFarm,Sustainable Agri-inputs Firm,Unknown,Bengaluru,"Unitus Seed Fund, Rianta Capital, R Ramaraj, Sunil Edwards",Seed Funding,,,Bengaluru,Sustainable Agri-inputs Firm,,9/22/2015
2441,22/09/2015,Bestdealfinance,Financial Services Portal,Unknown,Mumbai,"Kalaari Capital, YourNest Angel Fund",Private Equity,"30,00,000",Series A,Mumbai,Financial Services Portal,3000000,9/22/2015
2442,22/09/2015,GameXS.in,Pre-owned games Marketplace,Unknown,New Delhi,Lead Angels,Seed Funding,,,New Delhi,Pre-owned games Marketplace,,9/22/2015
2443,22/09/2015,The Man Company,Content-based Subscription eCommerce platform,Unknown,New Delhi,"Karan Bajwa, Amanpreet Bajaj, Manish Vij",Seed Funding,,,New Delhi,Content-based Subscription eCommerce platform,,9/22/2015
2444,22/09/2015,Virtual Logic,"virtual reality, 3d simulation and stereoscopic products",Unknown,Bengaluru,Swarnim Multiventures,Private Equity,"8,00,000",Pre-Series A,Bengaluru,"virtual reality, 3d simulation and stereoscopic products",800000,9/22/2015
2445,22/09/2015,Furdo,Online Interior Designing platform,Unknown,Bengaluru,Bhavdeep Reddy,Seed Funding,"4,00,000",,Bengaluru,Online Interior Designing platform,400000,9/22/2015
2446,22/09/2015,LogiNext,End-to-end Logistics platform,Unknown,Mumbai,Paytm,Private Equity,"1,00,00,000",Series A,Mumbai,End-to-end Logistics platform,10000000,9/22/2015
2447,22/09/2015,Korra,Private Label Apparel sales,Unknown,New Delhi,Asha Jadeja Motwani & Others,Seed Funding,"3,00,000",,New Delhi,Private Label Apparel sales,300000,9/22/2015
2448,23/09/2015,Credihealth,Healthcare Consulting platform,Unknown,Gurugram,Rajat Malhotra,Seed Funding,,,Gurugram,Healthcare Consulting platform,,9/23/2015
2449,23/09/2015,Amigobulls,Stock Market Portal,Unknown,Bengaluru,"Sharad Sharma, Vijay Anand, Mohandas Pai. Pallav Nadhani, Singapore Angels Network & others",Seed Funding,,,Bengaluru,Stock Market Portal,,9/23/2015
2450,23/09/2015,SilverPush,Cross-device retargeting platform,Unknown,Gurgaon / SFO,M&S Partners,Private Equity,"12,00,000",Series A,Gurugram,Cross-device retargeting platform,1200000,9/23/2015
2451,23/09/2015,Juggernaut,Digital & Physical Publishing platform,Unknown,New Delhi,"William Bissell, Neeraj Aggarwal, Nandan Nilekani",Private Equity,"22,50,000",Series A,New Delhi,Digital & Physical Publishing platform,2250000,9/23/2015
2452,23/09/2015,InnerChef,Food Delivery Platform,Unknown,New Delhi,"Phanindra Sama, Anupam Mittal, Vijay Shekhar Sharma, Vishal Gondal, Sateesh Andara & others",Private Equity,"17,50,000",pre-Series A,New Delhi,Food Delivery Platform,1750000,9/23/2015
2453,24/09/2015,Quintype,Data Driven Publishing platform,Unknown,Bengaluru,Raghav Bahl,Private Equity,"33,00,000",,Bengaluru,Data Driven Publishing platform,3300000,9/24/2015
2454,24/09/2015,Capabiliti,Employee OnBoarding & Orientation platform,Unknown,Noida,"500 Startups, Smile Multimedia, Kunal Bahl, Rohit Bansal, Girish Matrubootham",Seed Funding,"4,00,000",,Noida,Employee OnBoarding & Orientation platform,400000,9/24/2015
2455,24/09/2015,Fourth Partner Energy,Solar Power Solutions company,Unknown,Hyderabad,"Infuse Ventures, The Chennai Angels",Private Equity,"20,00,000",Series A,Hyderabad,Solar Power Solutions company,2000000,9/24/2015
2456,24/09/2015,Licious,Online Meat Ordering platform,Unknown,Bengaluru,"Kanwaljit Singh, TV Mohandas Pai",Seed Funding,"10,00,000",,Bengaluru,Online Meat Ordering platform,1000000,9/24/2015
2457,25/09/2015,TravelKhana,online meal-booking platform for train travelers,Unknown,New Delhi,Astarc Ventures & Others,Seed Funding,,Pre-Series A,New Delhi,online meal-booking platform for train travelers,,9/25/2015
2458,28/09/2015,Quickli,hyperlocal delivery platform,Unknown,New Delhi,"500 Startups, Mato Peric & Others",Seed Funding,,,New Delhi,hyperlocal delivery platform,,9/28/2015
2459,28/09/2015,Ola Cabs,Cab Booking app platform,Unknown,Bengaluru,Didi Kuaidi,Private Equity,"3,00,00,000",late Stage (part of $500M funding rnd),Bengaluru,Cab Booking app platform,30000000,9/28/2015
2460,29/09/2015,Paytm,E-Commerce & M-Commerce platform,Unknown,New Delhi,"Alibaba Group, Ant Financial",Private Equity,"68,00,00,000",Late Stage (Alibaba @ 40% equity),New Delhi,E-Commerce & M-Commerce platform,680000000,9/29/2015
2461,29/09/2015,Inmobi,Mobile Advertising platform,Unknown,Bengaluru,Tennenbaum Capital Partners & Others,Private Equity,"10,00,00,000",Late Stage,Bengaluru,Mobile Advertising platform,100000000,9/29/2015
2462,29/09/2015,Peppertap,Hyperlocal Grocery Delivery,Unknown,Gurugram,"Sequoia India, SAIF Partners.",Private Equity,"3,60,00,000",Series B,Gurugram,Hyperlocal Grocery Delivery,36000000,9/29/2015
2463,29/09/2015,Hugefly,Ecommerce Product recommendation platform,Unknown,Pune,Mayank Singhal and others,Seed Funding,,,Pune,Ecommerce Product recommendation platform,,9/29/2015
2464,29/09/2015,Brigge,Activity Based Social Network,Unknown,Chennai,The Chennai Angels,Seed Funding,,,Chennai,Activity Based Social Network,,9/29/2015
2465,29/09/2015,Zakoopi,Fashion Discovery platform,Unknown,New Delhi,Uniqorn Ventures,Seed Funding,"3,50,000",,New Delhi,Fashion Discovery platform,350000,9/29/2015
2466,29/09/2015,LoanCircle,Consumer lending marketplace,Unknown,Bengaluru,"Zishaan Hayath, Rahul Khanna & Others",Seed Funding,,,Bengaluru,Consumer lending marketplace,,9/29/2015
2467,30/09/2015,Infoworks,Big Data Management Platform,Unknown,Bangalore / USA,"Nexus Venture Partners, Knoll Ventures and others",Private Equity,"50,00,000",,Bengaluru,Big Data Management Platform,5000000,9/30/2015
2468,30/09/2015,RedDoorz,Budget Accommodation Platform,Unknown,Noida,Jungle Ventures,Seed Funding,"10,00,000",,Noida,Budget Accommodation Platform,1000000,9/30/2015
2469,30/09/2015,FirstTouch,Local Mobile OS,Unknown,Gurugram,"Kunal Bahl, Rohit Bansal, Pranay Chulet, Naveen Tiwari, Amit Gupta, Mayank Singhal",Seed Funding,,Super angel round,Gurugram,Local Mobile OS,,9/30/2015
2470,30/09/2015,Eywa Media,Digital Signal processing platform,Unknown,Bengaluru,"ah! Ventures, Viktor Koenig PE Fund, Mantra Ventures",Seed Funding,"10,00,000",,Bengaluru,Digital Signal processing platform,1000000,9/30/2015
2471,1/8/2015,Snapdeal,Ecommerce Marketplace,Unknown,New Delhi,"Alibaba, Foxconn, Softbank",Private Equity,"50,00,00,000",Late Stage Round 7th (More details),New Delhi,Ecommerce Marketplace,500000000,8/1/2015
2472,1/8/2015,Ressy,Restaurant Discount app,Unknown,Pune,Mohandas Pai & others,Seed Funding,"4,00,000",,Pune,Restaurant Discount app,400000,8/1/2015
2473,3/8/2015,Cuelearn,Tech-enabled learning,Unknown,New Delhi,Alok Mittal,Seed Funding,,,New Delhi,Tech-enabled learning,,8/3/2015
2474,3/8/2015,Connect India,ECommerce Logistics provider,Unknown,New Delhi,Aavishkaar,Private Equity,"50,00,000",Series A,New Delhi,ECommerce Logistics provider,5000000,8/3/2015
2475,3/8/2015,The Home Salon,on-demand home beauty and wellness portal,Unknown,Mumbai,VentureNursery,Seed Funding,,,Mumbai,on-demand home beauty and wellness portal,,8/3/2015
2476,3/8/2015,Jusride,Self Driven Car rental,Unknown,Mumbai,"Alok Mittal, Zeeshan Hayat, Niraj Singh, Nikunj Jain, Anirudh Damani, Punit Goyal",Seed Funding,,,Mumbai,Self Driven Car rental,,8/3/2015
2477,3/8/2015,Oyorooms,Budget Hotel accommodation brand,Unknown,New Delhi,"SoftBank Group, Greenoaks Capital, Sequoia Capital,\\xc2\\xa0 Lightspeed India",Private Equity,"10,00,00,000",Series B,New Delhi,Budget Hotel accommodation brand,100000000,8/3/2015
2478,3/8/2015,Glowship,Energy & Environment Online Marketplace,Unknown,Bengaluru,Infuse Ventures,Seed Funding,,,Bengaluru,Energy & Environment Online Marketplace,,8/3/2015
2479,3/8/2015,Wizrocket,User Engagment & Analytics platform,Unknown,Mumbai,"Sequoia Capital, Accel Partners",Private Equity,"96,00,000",Series B,Mumbai,User Engagment & Analytics platform,9600000,8/3/2015
2480,4/8/2015,Pickingo,On-Demand Delivery Logistics,Unknown,New Delhi,"Orios Venture Partners, Zishaan Hayath",Private Equity,"13,00,000",Series A,New Delhi,On-Demand Delivery Logistics,1300000,8/4/2015
2481,5/8/2015,Grex,fund raising platform for startups,Unknown,Pune,"Kunal Bajaj, Chandru Badrinarayanan",Seed Funding,"6,50,000",,Pune,fund raising platform for startups,650000,8/5/2015
2482,5/8/2015,LetsTransport,Logistics Tech Platform,Unknown,Bengaluru,"Rebright Partners, Ankush Nijhawan, Gaurav Bhatnagar, Manish Dhingra",Seed Funding,"13,00,000",,Bengaluru,Logistics Tech Platform,1300000,8/5/2015
2483,5/8/2015,Zo Rooms,Online budget hotel chain,Unknown,New Delhi,"Tiger Global Management, Orios Venture Partners",Private Equity,"3,00,00,000",Series A,New Delhi,Online budget hotel chain,30000000,8/5/2015
2484,5/8/2015,Doormint,Hyperlocal Handyman services,Unknown,Mumbai,"Helion Venture Partners, Kalaari Capital",Private Equity,"30,00,000",Series A,Mumbai,Hyperlocal Handyman services,3000000,8/5/2015
2485,5/8/2015,NightStay,hotel booking app,Unknown,Noida,"BedRock Ventures, Rajesh Sawhney, Shailesh Singh",Seed Funding,"5,00,000",,Noida,hotel booking app,500000,8/5/2015
2486,5/8/2015,Zocalo,Rental Accomodation finder,Unknown,New Delhi,"Sachin Bhatia, Rajesh Sawhney",Seed Funding,,,New Delhi,Rental Accomodation finder,,8/5/2015
2487,5/8/2015,Sunday Realty Solutions,Tech Platform for property brokers,Unknown,Mumbai,"Ramesh Jogani, Shailesh Viswanathan, Jay Srinivasan",Seed Funding,"7,85,000",,Mumbai,Tech Platform for property brokers,785000,8/5/2015
2488,6/8/2015,Klozee,Luxury Apparel rental,Unknown,Bengaluru,Tracxn Labs,Seed Funding,,,Bengaluru,Luxury Apparel rental,,8/6/2015
2489,6/8/2015,Appvigil,App security\\xc2\\xa0 testing platform,Unknown,Mumbai,"Ravi Gururaj, Gaurav Sharma, Viswanath Ramachandran, RippleWave",Seed Funding,"5,00,000",pre Series-A,Mumbai,App security\\xc2\\xa0 testing platform,500000,8/6/2015
2490,6/8/2015,practo,Doctor Appointment booking app,Unknown,Bengaluru,"Sofina, Google Capital, Altimeter Capital, Sequoia Capital Global Equities, Yuri Milner, Sequoia Capital, Matrix Partners",Private Equity,"9,00,00,000",Series C,Bengaluru,Doctor Appointment booking app,90000000,8/6/2015
2491,6/8/2015,LoudShout,anonymous bulletin board app,Unknown,New Delhi,"Sanjay Sethi, Ravi Jaipuria & others",Seed Funding,,,New Delhi,anonymous bulletin board app,,8/6/2015
2492,6/8/2015,Wetravelsolo,Travel community platform,Unknown,New Delhi,"CCube Angels, Frontline Strategy",Seed Funding,,,New Delhi,Travel community platform,,8/6/2015
2493,6/8/2015,Ketto,Crowd funding platform,Unknown,Mumbai,"Chennai Angels, Calcutta Angels, ah! Ventures, Intellecap Impact Investment Network, Indus Age Partners, Singapore Angel Network, India Internet Fund, LetsVenture",Seed Funding,"7,00,000",,Mumbai,Crowd funding platform,700000,8/6/2015
2494,6/8/2015,Ezetap,Mobile based PoS solution,Unknown,Bengaluru,"Horizons Ventures, Capricorn Investment Group, Social+Capital, Helion Advisors, Berggruen Holdings",Private Equity,"2,50,00,000",Series C,Bengaluru,Mobile based PoS solution,25000000,8/6/2015
2495,6/8/2015,NDTV ecommerce venture,Car & Bike ecommerce platform,Unknown,Mumbai,"Inflexionpoint, Pramod Bhasin, Sixth Sense Ventures, Vindi Banga, Hiro Mashita",Private Equity,,Series A,Mumbai,Car & Bike ecommerce platform,,8/6/2015
2496,7/8/2015,Carl\\xe2\\x80\\x99s Jr,Fast food Chain Franchisee,Unknown,Gurugram,YouWeCan Ventures,Seed Funding,"6,30,000",,Gurugram,Fast food Chain Franchisee,630000,8/7/2015
2497,7/8/2015,EasyRewardz,Loyalty Programs & Reward Points,Unknown,Mumbai,"Wealth First, Ashneer Grover, Atul Phadnis",Private Equity,"5,00,000",Pre-Series A,Mumbai,Loyalty Programs & Reward Points,500000,8/7/2015
2498,7/8/2015,GIBSS,Energy saving solutions provider,Unknown,Mumbai,"responsAbility Investments, Infuse Ventures",Private Equity,,Series A,Mumbai,Energy saving solutions provider,,8/7/2015
2499,7/8/2015,StoreMore.in,Self-Storage Spaces,Unknown,Noida,Bedrock Ventures,Seed Funding,,,Noida,Self-Storage Spaces,,8/7/2015
2500,7/8/2015,iOrderFresh,Grocery retail Mobile app,Unknown,New Delhi,Best Foodworks,Seed Funding,,,New Delhi,Grocery retail Mobile app,,8/7/2015
2501,10/8/2015,MyTaxiIndia,Taxi Rental platform,Unknown,Gurugram,"Nihon Kotsu,",Private Equity,"5,00,000",Pre Series-A,Gurugram,Taxi Rental platform,500000,8/10/2015
2502,10/8/2015,eSadar,ecommerce,Unknown,New Delhi,"Neha Vats, Gaurav Vats",Seed Funding,"80,000",,New Delhi,E-Commerce,80000,8/10/2015
2503,10/8/2015,Actionable Analytics,Machine Learning Platform,Unknown,New Delhi/ Houston,"B M Gupta, Vinod Singhal",Seed Funding,,,New Delhi,Machine Learning Platform,,8/10/2015
2504,10/8/2015,MyPoolin,mobile social network,Unknown,New Delhi,QPrize from Qualcomm Ventures,Seed Funding,"2,50,000",QPrize Contest Winners,New Delhi,mobile social network,250000,8/10/2015
2505,10/8/2015,NearBuy (previously\\xc2\\xa0 groupon India),Hyper-Local Ecommerce,Unknown,New Delhi,Sequoia Capital,Private Equity,"1,60,00,000",Series A,New Delhi,Hyper-Local Ecommerce,16000000,8/10/2015
2506,10/8/2015,Inkmonk,Online printing marketplace,Unknown,Chennai,"Girish Mathrubootham, Phanindra Sama, Vikram Chachra, Others from LetsVenture",Seed Funding,"2,50,000",,Chennai,Online printing marketplace,250000,8/10/2015
2507,10/8/2015,ToneTag,mobile payment software platform,Unknown,Bengaluru,Reliance Capital Venture,Private Equity,"10,00,000",Series A,Bengaluru,mobile payment software platform,1000000,8/10/2015
2508,10/8/2015,Grey Orange,Automated Storage & Warehousing Solution,Unknown,Gurugram,Tiger Global Management,Private Equity,"3,00,00,000",Series B,Gurugram,Automated Storage & Warehousing Solution,30000000,8/10/2015
2509,11/8/2015,Livspace,Home Design & solutions,Unknown,Bengaluru,"Helion Ventures, Jungle Ventures & Bessemer Venture Partners",Private Equity,"80,00,000",Series A,Bengaluru,Home Design & solutions,8000000,8/11/2015
2510,11/8/2015,WOW! MOMO,Quick Service Restaurant Chain,Unknown,Kolkata,Indian Angel Network,Seed Funding,"16,00,000",,Kolkata,Quick Service Restaurant Chain,1600000,8/11/2015
2511,11/8/2015,RainCan,Subscription based Online Grocery platform,Unknown,Pune,Ajeet Khurana & Others,Seed Funding,"1,00,000",,Pune,Subscription based Online Grocery platform,100000,8/11/2015
2512,11/8/2015,Allygrow Technologies,engineering services company,Unknown,Mumbai,Zodius Technology Fund,Private Equity,"2,00,00,000",Series A,Mumbai,engineering services company,20000000,8/11/2015
2513,11/8/2015,Infogain,Business and IT consulting,Unknown,New Delhi / US,ChrysCapital,Private Equity,"6,30,00,000",,New Delhi,Business and IT consulting,63000000,8/11/2015
2514,12/8/2015,OneAssist,Credit Card Fraud protection solutions,Unknown,Mumbai,"Sequoia Capital, Lightspeed Ventures",Private Equity,"75,00,000",Series B,Mumbai,Credit Card Fraud protection solutions,7500000,8/12/2015
2515,12/8/2015,BigBasket,Online & mobile Grocery store,Unknown,Bengaluru,Bessemer Venture Partners,Private Equity,"5,00,00,000",Series C,Bengaluru,Online & mobile Grocery store,50000000,8/12/2015
2516,12/8/2015,Sheroes,Career Community for Women,Unknown,Noida,"Quintillion Media, 500 Startups",Seed Funding,"7,70,000",,Noida,Career Community for Women,770000,8/12/2015
2517,12/8/2015,Scripbox,Mutual Fund Investing platform,Unknown,Bengaluru,"Accel Partners, Deep Kalra, Rajesh Magow, Mohit Gupta, Shamik Sharma",Private Equity,"25,00,000",Series A,Bengaluru,Mutual Fund Investing platform,2500000,8/12/2015
2518,13/08/2015,etaout,Ecommerce Marketing Software Platform,Unknown,Noida,"Amit Ranjan, Vijay Shekhar Sharma, Kunal Bahl, Girish Mathrubootham &\\xc2\\xa0 Group of other Angel investors",Seed Funding,"5,00,000",,Noida,Ecommerce Marketing Software Platform,500000,8/13/2015
2519,13/08/2015,IFMR Holdings,Financial Inclusion platform,Unknown,Chennai,"Accion, LeapFrog Investments, Lok Capital",Private Equity,"2,50,00,000",Series B,Chennai,Financial Inclusion platform,25000000,8/13/2015
2520,13/08/2015,Massblurb,Digital Marketing automation solution,Unknown,Mumbai,"LetsVenture, Mumbai Angels",Seed Funding,,,Mumbai,Digital Marketing automation solution,,8/13/2015
2521,13/08/2015,Agrostar,Mobile Commerce for Farmers,Unknown,Pune,IDG Ventures,Private Equity,"40,00,000",Series A,Pune,Mobile Commerce for Farmers,4000000,8/13/2015
2522,14/08/2015,VoxWeb,Picture based Social App,Unknown,Mumbai,Jitendra Gupta & others,Seed Funding,"1,00,000",,Mumbai,Picture based Social App,100000,8/14/2015
2523,14/08/2015,Trukky,Logistics service platform,Unknown,Ahmedabad,"Gujarat based angel investors, MMY co-Founder",Seed Funding,"2,45,000",,Ahmedabad,Logistics service platform,245000,8/14/2015
2524,14/08/2015,VanityCube,On-Demand Beauty Services,Unknown,New Delhi,Group of angel investors,Seed Funding,,,New Delhi,On-Demand Beauty Services,,8/14/2015
2525,17/08/2015,Edu4Share,Exam Preparation Platform,Unknown,New Delhi,Nalin Jain & other angel investors,Seed Funding,"2,20,000",,New Delhi,Exam Preparation Platform,220000,8/17/2015
2526,17/08/2015,YourStory,Startup Focused Online Publisher,Unknown,Mumbai,"Ratan Tata, Vani Kola, T V Mohandas Pai, Karthee Madasamay",Seed Funding,,,Mumbai,Startup Focused Online Publisher,,8/17/2015
2527,17/08/2015,Sampurnearth,Waste Management Solutions,Unknown,Mumbai,"Intellecap Impact Investment Network, family office fund",Seed Funding,"1,60,000",,Mumbai,Waste Management Solutions,160000,8/17/2015
2528,17/08/2015,Orobind,App based Fitness coaching,Unknown,Bengaluru,Existing & New Investors,Private Equity,,pre series A,Bengaluru,App based Fitness coaching,,8/17/2015
2529,17/08/2015,Fixy,On demand cleaning & fixing services,Unknown,Mumbai,VentureNursery,Seed Funding,,,Mumbai,On demand cleaning & fixing services,,8/17/2015
2530,17/08/2015,MSM Box,Beauty & Lifestyle platform,Unknown,New Delhi,Rohit Goel,Seed Funding,,,New Delhi,Beauty & Lifestyle platform,,8/17/2015
2531,17/08/2015,ShadowFax,on-demand delivery service,Unknown,Gurugram,"Kunal Bahl, Rohit Bansal, Zishaan Hayath, Prashant Malik",Seed Funding,"3,10,000",,Gurugram,on-demand delivery service,310000,8/17/2015
2532,17/08/2015,Gadgets 360,Car & Bike ecommerce platform,Unknown,New Delhi,One97 Communications,Private Equity,,Strategic Investment,New Delhi,Car & Bike ecommerce platform,,8/17/2015
2533,18/08/2015,Roposo,Fashion Discovery platform,Unknown,Gurugram,Tiger Global,Private Equity,"1,50,00,000",Series B,Gurugram,Fashion Discovery platform,15000000,8/18/2015
2534,18/08/2015,IntelligenceNODE,Data Analytics Platform,Unknown,Mumbai,"New Enterprise Associates, Orios Venture Partners",Private Equity,"42,00,000",Series A,Mumbai,Data Analytics Platform,4200000,8/18/2015
2535,18/08/2015,HyperVerge,Deep Learning Cloud Algorithms,Unknown,Chennai,"NEA, Milliways Ventures, Naya Ventures",Seed Funding,"10,00,000",,Chennai,Deep Learning Cloud Algorithms,1000000,8/18/2015
2536,18/08/2015,Twyst,Location based engagement & rewards platform,Unknown,Gurugram,"Rohit Bhatia, Sunil Nikhar, Vaibhav Domkundwar, Siddharth Nautiyal",Seed Funding,,,Gurugram,Location based engagement & rewards platform,,8/18/2015
2537,18/08/2015,IDfy,Online Identity Verification Services platform,Unknown,Mumbai,"NEA, Blume Ventures & others",Private Equity,,Series A,Mumbai,Online Identity Verification Services platform,,8/18/2015
2538,18/08/2015,Zoojoo.be,Corporate Wellness App,Unknown,Bengaluru,RoundGlass Partners,Private Equity,"10,00,000",Series A,Bengaluru,Corporate Wellness App,1000000,8/18/2015
2539,19/08/2015,Fashionove,Fashion Search & Review Platform,Unknown,Kolkata,Umesh Yadav,Seed Funding,,,Kolkata,Fashion Search & Review Platform,,8/19/2015
2540,19/08/2015,TimeSaverz,"Hyperlocal Maintenance, Repair & Cleaning services",Unknown,Mumbai,Unilazer Ventures,Private Equity,"24,00,000",,Mumbai,"Hyperlocal Maintenance, Repair & Cleaning services",2400000,8/19/2015
2541,19/08/2015,Envoged,pre-owned Luxury online apparel seller,Unknown,Mumbai,"Manish Dhingra, Ankush Nijhawa, Gaurav Bhatnagar",Seed Funding,,,Mumbai,pre-owned Luxury online apparel seller,,8/19/2015
2542,19/08/2015,MebelKart,Online Furniture Marketplace,Unknown,Bengaluru,AskMe,Private Equity,"2,00,00,000",,Bengaluru,Online Furniture Marketplace,20000000,8/19/2015
2543,20/08/2015,LabsAdvisor,Online Diagnostic Tests Marketplace,Unknown,New Delhi,Group of Angel Investors,Seed Funding,"1,56,000",,New Delhi,Online Diagnostic Tests Marketplace,156000,8/20/2015
2544,20/08/2015,Flatpebble,Online marketplace for Photographers,Unknown,Hyderabad,Indian Angel Network,Seed Funding,"6,00,000",,Hyderabad,Online marketplace for Photographers,600000,8/20/2015
2545,20/08/2015,Bluegape.com,Visual Blogging platform,Unknown,New Delhi,"ah! Ventures, Times Internet, Rudy Gopalakrishnan",Seed Funding,"6,00,000",,New Delhi,Visual Blogging platform,600000,8/20/2015
2546,21/08/2015,ePoise,Job Search Platform,Unknown,Bengaluru,"Orios Venture Partners, Amit Ranjan & others",Seed Funding,"5,00,000",,Bengaluru,Job Search Platform,500000,8/21/2015
2547,24/08/2015,Jolly Food Fellow,Food Customer analytics platform,Unknown,Ahmedabad,The 1947,Seed Funding,"3,00,000",,Ahmedabad,Food Customer analytics platform,300000,8/24/2015
2548,24/08/2015,BookMeIn,Professional Service Appointment booking service,Unknown,Mumbai,Ajmera Group of Companies,Seed Funding,"4,00,000",,Mumbai,Professional Service Appointment booking service,400000,8/24/2015
2549,24/08/2015,iZofy,Scientific Horoscope Online Assistance platform,Unknown,Kolkata,Prime Capital Markets Ltd,Seed Funding,,,Kolkata,Scientific Horoscope Online Assistance platform,,8/24/2015
2550,24/08/2015,rBus,Tech enabled AC bus service,Unknown,Mumbai,"India Quotient, Anupam Mittal & others",Seed Funding,,,Mumbai,Tech enabled AC bus service,,8/24/2015
2551,25/08/2015,Qyk App,On-Demand App based Professional service provider,Unknown,Bengaluru,"GrowX ventures, Tracxn Labs, Powai Lake Ventures, and Sahil Barua",Private Equity,"10,00,000",pre-series A,Bengaluru,On-Demand App based Professional service provider,1000000,8/25/2015
2552,25/08/2015,EazyDiner,Restaurant Reservation Platform,Unknown,Gurugram,"DSG Consumer Partners, Saama Capital",Private Equity,"30,00,000",Series A,Gurugram,Restaurant Reservation Platform,3000000,8/25/2015
2553,25/08/2015,RevX,Cross-channel CRM platform,Unknown,Mumbai,"Norwest Venture Partners, Nexus Venture Partners, Helion Venture Partners, Draper Fisher Jurvetson, Peepul Capital",Private Equity,"40,00,000",Series A,Mumbai,Cross-channel CRM platform,4000000,8/25/2015
2554,25/08/2015,ICustomMadeIt,Professional Custom creators Marketplace,Unknown,Pune,Group of Angel Investors,Seed Funding,"2,50,000",,Pune,Professional Custom creators Marketplace,250000,8/25/2015
2555,26/08/2015,PickMyLaundry,on-Demand Washing & Dry-Cleaning,Unknown,New Delhi,GHV Accelerator,Seed Funding,"1,00,000",,New Delhi,on-Demand Washing & Dry-Cleaning,100000,8/26/2015
2556,26/08/2015,Belita,On-Demand Beauty Service,Unknown,Mumbai,"India Quotient, LetsVenture investors, Lead Angels",Seed Funding,"4,00,000",,Mumbai,On-Demand Beauty Service,400000,8/26/2015
2557,26/08/2015,EzySolare,solar products and services marketplace,Unknown,Ahmedabad,Infuse Ventures,Seed Funding,,,Ahmedabad,solar products and services marketplace,,8/26/2015
2558,26/08/2015,FoodTalkIndia,Online Food Community Platform,Unknown,Gurugram,Undisclosed Investor,Seed Funding,"5,00,000",,Gurugram,Online Food Community Platform,500000,8/26/2015
2559,27/08/2015,InstaSafe,Private Cloud Networks SAAS platform,Unknown,Bengaluru,Group of Investors,Seed Funding,,,Bengaluru,Private Cloud Networks SAAS platform,,8/27/2015
2560,27/08/2015,Eazy Coach,Education Marketplace,Unknown,Kolkata,Ravi Agarwal,Seed Funding,,,Kolkata,Education Marketplace,,8/27/2015
2561,27/08/2015,Djubo.com,Cloud Based Hotel Sales Platform,Unknown,New Delhi,Ibibo Group,Private Equity,,Strategic Investment,New Delhi,Cloud Based Hotel Sales Platform,,8/27/2015
2562,28/08/2015,BetterButter.in,online recipe sharing platform,Unknown,New Delhi,"Growx Ventures, Manish Singhal",Seed Funding,,,New Delhi,online recipe sharing platform,,8/28/2015
2563,28/08/2015,Vyomo,Beauty & Lifestyle Mobile Marketplace,Unknown,Bengaluru,Rocket Internet,Private Equity,"20,00,000",Pre-Series A,Bengaluru,Beauty & Lifestyle Mobile Marketplace,2000000,8/28/2015
2564,28/08/2015,RollMafia,QSR Restaurant Chain,Unknown,Pune,Equentia Natural Resources,Seed Funding,"1,60,000",,Pune,QSR Restaurant Chain,160000,8/28/2015
2565,29/08/2015,iamwire,Digital Media publishing platform,Unknown,Gurugram,"Li Tao, Li Jian, Draphant Consultants, Nitin Garg, Saurabh Jain, Mohit Agarwal",Seed Funding,,,Gurugram,Digital Media publishing platform,,8/29/2015
2566,31/08/2015,DropKaffe,Online Coffee Delivery platform,Unknown,Bengaluru,"Manish Singhal, P39 Capital & Others",Seed Funding,"3,00,000",,Bengaluru,Online Coffee Delivery platform,300000,8/31/2015
2567,31/08/2015,Reverie,Language Localization Cloud platform,Unknown,Bengaluru,"Aspada Investment Advisors, Qualcomm Ventures",Private Equity,"40,00,000",Series A,Bengaluru,Language Localization Cloud platform,4000000,8/31/2015
2568,31/08/2015,Infinite Analytics,Big Data & predictive Analysis Platform,Unknown,Mumbai,"Ratan Tata, Nikhil Vora & others",Private Equity,,Bridge Round,Mumbai,Big Data & predictive Analysis Platform,,8/31/2015
2569,1/7/2015,Parcelled,Online Logistics Platform,Unknown,Bengaluru,"Delhivery, Tracxn Labs",Seed Funding,,,Bengaluru,Online Logistics Platform,,7/1/2015
2570,1/7/2015,Retigence Technologies,Business IT Intelligence Services,Unknown,Mumbai,Omnivore Partners,Private Equity,,Series A,Mumbai,Business IT Intelligence Services,,7/1/2015
2571,1/7/2015,Cloudcherry Analytics,CRM / Analytics platform,Unknown,Chennai,"The Chennai Angels, IDG Ventures India",Seed Funding,"10,00,000",,Chennai,CRM / Analytics platform,1000000,7/1/2015
2572,01/07/015,HandyHome,Hyperlocal Electronics repair Service,Unknown,Mumbai,"Bessemer Ventures, Kae Capital",Seed Funding,"6,30,000",,Mumbai,Hyperlocal Electronics repair Service,630000,7/1/2015
2573,1/7/2015,iDreamCareer,Ed-Tech Platform,Unknown,New Delhi,"ah! Ventures, Vivek Joshi, Mohit Satyanand & others",Seed Funding,,,New Delhi,EdTech,,7/1/2015
2574,1/7/2015,Ola Cabs,Cab rental Mobile app,Unknown,Bengaluru,Ratan Tata,Private Equity,,Personal Investment,Bengaluru,Cab rental Mobile app,,7/1/2015
2575,1/7/2015,NxtGen,IT infrastructure & Data Center services,Unknown,Bengaluru,"IFC, Axon Partners, Intel Capital",Private Equity,"1,35,00,000",Series A,Bengaluru,IT infrastructure & Data Center services,13500000,7/1/2015
2576,2/7/2015,BankBazaar,Online Financial Services,Unknown,Chennai,"Amazon, Fidelity Growth Partners, Mousse Partners",Private Equity,"6,00,00,000",Series C\\n(More here),Chennai,Online Financial Services,60000000,7/2/2015
2577,2/7/2015,Gozoomo,Used Car Marketplace,Unknown,Bengaluru,SAIF Partners,Private Equity,"50,00,000",Series A,Bengaluru,Used Car Marketplace,5000000,7/2/2015
2578,2/7/2015,Zenatix,Internet of Things platform,Unknown,Gurugram,"Rajan Anandan, Kunal Bahl, Rohit Bansal, Rahul Khanna",Seed Funding,"1,61,000",,Gurugram,Internet of Things platform,161000,7/2/2015
2579,3/7/2015,CultureAlley,Language Learning App,Unknown,Jaipur,Tiger Global,Private Equity,"65,00,000",Series A,Jaipur,Language Learning App,6500000,7/3/2015
2580,3/7/2015,Goqii,Mobile Fitness Marketplace,Unknown,Mumbai,Vijay Shekhar Sharma,Private Equity,,Pre-Series A,Mumbai,Mobile Fitness Marketplace,,7/3/2015
2581,3/7/2015,Gingercrush,Custom Merchandize platform,Unknown,Ahmedabad,"Gokul Jaykrishna, Brand Capital",Seed Funding,"10,00,000",,Ahmedabad,Custom Merchandize platform,1000000,7/3/2015
2582,4/7/2015,Elanic,P2P Pre-owned goods marketplace,Unknown,Bengaluru,"Rebright Partners, Tracxn Labs, Aneesh Reddy",Seed Funding,,,Bengaluru,P2P Pre-owned goods marketplace,,7/4/2015
2583,4/7/2015,Stitchwood,Custom Furniture Marketplace,Unknown,Mumbai,"Powai Lake Ventures, Ajeet Khurana & others",Seed Funding,"3,95,000",,Mumbai,Custom Furniture Marketplace,395000,7/4/2015
2584,5/7/2015,Urban Tailor,Online Tailoring Services,Unknown,Bengaluru,Group of angel investors,Seed Funding,,,Bengaluru,Online Tailoring Services,,7/5/2015
2585,6/7/2015,ConfirmtTkt,Rail Ticket Confirmation predictor,Unknown,Bengaluru,Pravin Agarwala & others,Seed Funding,,,Bengaluru,Rail Ticket Confirmation predictor,,7/6/2015
2586,6/7/2015,Paper Boat,Ethnic Beverages manufacturer,Unknown,Gurugram,"Sofina, Hillhouse Capital",Private Equity,"3,00,00,000",Series B,Gurugram,Ethnic Beverages manufacturer,30000000,7/6/2015
2587,6/7/2015,getNow,Hyperlocal Goods marketplace,Unknown,Nagpur,Atulya Mittal,Seed Funding,,,Nagpur,Hyperlocal Goods marketplace,,7/6/2015
2588,7/7/2015,Wudstay,Budget Accommodation aggregator,Unknown,Gurugram,"Mangroves Capital Partners, Vikas Saxena",Private Equity,"30,00,000",Series A,Gurugram,Budget Accommodation aggregator,3000000,7/7/2015
2589,7/7/2015,Liases Foras,Real Estate Rating & Analysis,Unknown,New Delhi,DMG information Asia Pacific,Private Equity,"50,00,000",Series A,New Delhi,Real Estate Rating & Analysis,5000000,7/7/2015
2590,7/7/2015,Eatlo,Food Delivery platform,Unknown,Bengaluru,"Powai Lake Ventures, Globeinvestor, Abhishekh Goyal",Seed Funding,,,Bengaluru,Food Delivery platform,,7/7/2015
2591,7/7/2015,IndiaLends,Financial Tech,Unknown,New Delhi,"DSG Consumer Partners, Siddharth Parekh",Private Equity,,Pre-Series A,New Delhi,FinTech,,7/7/2015
2592,8/7/2015,Quinto,Food Discovery App,Unknown,Pune,Jaydeep Barman,Seed Funding,,,Pune,Food Discovery App,,7/8/2015
2593,8/7/2015,Saavn,Music Streaming App,Unknown,Mumbai,"Tiger Global Management, Bertelsmann India, Steadview Capital, Liberty Media, Mousse Partners, Quilvest",Private Equity,"10,00,00,000",Series C,Mumbai,Music Streaming App,100000000,7/8/2015
2594,8/7/2015,Flytxt,Big Data & Analytics platform,Unknown,Mumbai / Global,"Sunrise Capital GmBH, Big Data Investments B.V",Private Equity,"1,10,00,000",Series A,Mumbai,Big Data & Analytics platform,11000000,7/8/2015
2595,8/7/2015,Axtria,Big Data & Analytics platform,Unknown,India / US,"Helion Venture Partners,Amarpreet Sawhney, Deshpande Foundation, Fred Khosravi, Richard S. Braddock",Private Equity,"3,00,00,000",Series C,Unknown,Big Data & Analytics platform,30000000,7/8/2015
2596,8/7/2015,33Coupons,Coupon Aggregator Platform,Unknown,Kanpur,Not Disclosed,Seed Funding,"20,000",,Kanpur,Coupon Aggregator Platform,20000,7/8/2015
2597,8/7/2015,Ampere,Electric Scooter manufacturer,Unknown,Coimbatore,Ratan Tata,Seed Funding,,,Coimbatore,Electric Scooter manufacturer,,7/8/2015
2598,8/7/2015,Hopping Chef,Online Food-Tech Platform,Unknown,Mumbai,Mirah Hospitality,Seed Funding,"4,70,000",Strategic Investment,Mumbai,Online Food-Tech Platform,470000,7/8/2015
2599,8/7/2015,Collectabillia,Celebrity Fashion Brand,Unknown,Bengaluru,Accel Partners,Private Equity,"75,00,000",Series B,Bengaluru,Celebrity Fashion Brand,7500000,7/8/2015
2600,8/7/2015,Lendingkart,Online Finance lending platform,Unknown,Ahmedabad,"Saama Capital, Mayfield, Ashvin Chadha, Shailesh Mehta",Private Equity,"1,00,00,000",Series A,Ahmedabad,Online Finance lending platform,10000000,7/8/2015
2601,8/7/2015,Lybrate,Healthcare Mobile App,Unknown,New Delhi,"Tiger Global Management, Ratan Tata, Nexus Venture Partners",Private Equity,"1,02,00,000",Series A,New Delhi,Healthcare Mobile App,10200000,7/8/2015
2602,8/7/2015,Zoomcar,Self-driven vehicle rental,Unknown,Bengaluru,"Sequoia Capital, Empire Angels, NGP",Private Equity,"1,10,00,000",Series B,Bengaluru,Self-driven vehicle rental,11000000,7/8/2015
2603,9/7/2015,\\xc2\\xa0News in shorts,News Aggregator mobile app,Unknown,Noida,\\xc2\\xa0Tiger Global,Private Equity,"20,000,000",\\xc2\\xa0Series B,Noida,News Aggregator mobile app,20000000,7/9/2015
2604,9/7/2015,\\xc2\\xa0Bluestone,Online Jewellery Store,Unknown,Bengaluru,"\\xc2\\xa0IvyCap Ventures, Accel Partners, Dragoneer Investment Group",Private Equity,"16,200,000",,Bengaluru,Online Jewellery Store,16200000,7/9/2015
2605,9/7/2015,\\xc2\\xa0Shopsity,Fashion Info Aggregator App,Unknown,Gurugram,"\\xc2\\xa0 Sandeep Aggarwal, Teruhide Sato",Seed Funding,,,Gurugram,Fashion Info Aggregator App,,7/9/2015
2606,9/7/2015,\\xc2\\xa0Notesgen,Online Study Notes Marketplace,Unknown,New Delhi,"\\xc2\\xa0Rajeev Saraf, Arvind Jha, R. Satya Narayanan",Seed Funding,,,New Delhi,Online Study Notes Marketplace,,7/9/2015
2607,10/7/2015,\\xc2\\xa0Infinity Assurance,Warranty Programs Service Administration,Unknown,New Delhi,\\xc2\\xa0Indian Angel Network,Seed Funding,"600,000",,New Delhi,Warranty Programs Service Administration,600000,7/10/2015
2608,10/7/2015,\\xc2\\xa0Footprints Education,Pre-School Chain,Unknown,Gurugram,"\\xc2\\xa0LetsVenture, Kumar Bansal, Kshitij Jain",Seed Funding,"685,000",,Gurugram,Pre-School Chain,685000,7/10/2015
2609,10/7/2015,\\xc2\\xa0Loylty Rewards,Premium Loyalty Rewards Point Management,Unknown,Mumbai,\\xc2\\xa0IndianIdeas.com,Private Equity,"19,350,000",\\xc2\\xa0Late Stage,Mumbai,Premium Loyalty Rewards Point Management,19350000,7/10/2015
2610,13/07/2015,\\xc2\\xa0Ameyo,Contact Center Software Platform,Unknown,Gurugram,\\xc2\\xa0Forum Synergies PE Fund,Private Equity,"5,000,000",\\xc2\\xa0Series A,Gurugram,Contact Center Software Platform,5000000,7/13/2015
2611,13/07/2015,\\xc2\\xa0Mamagoto,Casual Dining restaurant Chain,Unknown,New Delhi,\\xc2\\xa0Goldman Sachs,Private Equity,"10,000,000",\\xc2\\xa0Series A,New Delhi,Casual Dining restaurant Chain,10000000,7/13/2015
2612,13/07/2015,\\xc2\\xa0Satvacart,Online Grocery Delivery,Unknown,Gurugram,\\xc2\\xa0Palaash Ventures,Seed Funding,,,Gurugram,Online Grocery Delivery,,7/13/2015
2613,14/07/2015,MySmartPrice,Online comparison engine,Unknown,Hyderabad,"Accel Partners, Helion Venture Partners",Private Equity,"1,00,00,000",Series B,Hyderabad,Online comparison engine,10000000,7/14/2015
2614,14/07/2015,Zenify,Residential Rental management platform,Unknown,Bengaluru,Atul Jalan,Seed Funding,,,Bengaluru,Residential Rental management platform,,7/14/2015
2615,14/07/2015,Boxmyspace,Physical Storage warehouses,Unknown,Mumbai,"Ritesh Veera, Singapore Angel Network, Orios Venture Partners,",Seed Funding,"3,00,000",,Mumbai,Physical Storage warehouses,300000,7/14/2015
2616,14/07/2015,HackerRank,Tech Recruitment platform,Unknown,Bengaluru,HR Technology fund,Private Equity,"75,00,000",Series C,Bengaluru,Tech Recruitment platform,7500000,7/14/2015
2617,14/07/2015,WickedRide,Bike Rental Platform,Unknown,Bengaluru,Undisclosed,Seed Funding,"7,90,000",,Bengaluru,Bike Rental Platform,790000,7/14/2015
2618,14/07/2015,WoWexpress,Tech enabled logistics platform,Unknown,Mumbai,Tamarind Family Private Trust,Seed Funding,"5,00,000",,Mumbai,Tech enabled logistics platform,500000,7/14/2015
2619,15/07/2015,Oyo Rooms,Budget Hotel Accommodation,Unknown,Gurugram,"Softbank, Sequoia Capital",Private Equity,"10,00,00,000",Series B,Gurugram,Budget Hotel Accommodation,100000000,7/15/2015
2620,15/07/2015,Mobikon,Restaurant customer engagement platform,Unknown,Pune,Jungle Ventures,Private Equity,"23,00,000",Series B,Pune,Restaurant customer engagement platform,2300000,7/15/2015
2621,15/07/2015,InstaLively.com,Live video streaming app,Unknown,New Delhi,"Anupam Mittal, Anand Chandrasekaran, Uday Shankar, Chetan Bhagat",Seed Funding,,,New Delhi,Live video streaming app,,7/15/2015
2622,15/07/2015,Roadrunnr,Hyper local logistics platform,Unknown,Bengaluru,"Sequoia Capital, Nexus Venture Partners, Blume Ventures",Private Equity,"1,10,00,000",Series A,Bengaluru,Hyper local logistics platform,11000000,7/15/2015
2623,16/07/2015,Ketto,Crowd Funding Platform,Unknown,Mumbai,"Pradyumna Dalmia, Sudhir Rao & Others",Seed Funding,"7,00,000",,Mumbai,Crowd Funding Platform,700000,7/16/2015
2624,17/07/2015,QuikWallet,F&B sector Mobile Payment platform,Unknown,Mumbai,Snow Leopard Technology Ventures,Private Equity,"16,00,000",Follow on Funding,Mumbai,F&B sector Mobile Payment platform,1600000,7/17/2015
2625,17/07/2015,Omnikart,Industrial Supplies B2B ecommerce,Unknown,Mumbai,"Sumit Gandhi, Manish Gandhi",Seed Funding,"1,00,000",,Mumbai,Industrial Supplies B2B ecommerce,100000,7/17/2015
2626,20/07/2015,Zo Rooms,Online budget hotel chain,Unknown,New Delhi,"Tiger Global, Orios Venture Partners.",Private Equity,"1,50,00,000",No confirmation,New Delhi,Online budget hotel chain,15000000,7/20/2015
2627,20/07/2015,Innoviti,Payment Solutions platform,Unknown,Bengaluru,"Catamaran Ventures, New India Investment Corporation",Private Equity,"48,50,000",Series A,Bengaluru,Payment Solutions platform,4850000,7/20/2015
2628,21/07/2015,ZenRadius,Online Hiring Platform,Unknown,Bengaluru,"Tracxn Labs, Deepak Singh",Seed Funding,,,Bengaluru,Online Hiring Platform,,7/21/2015
2629,21/07/2015,Joy by nature,Organic Food ecommerce,Unknown,New Delhi,"Mumbai Angels, Vriddhi Fund, Others",Private Equity,"10,00,000",Series A,New Delhi,Organic Food ecommerce,1000000,7/21/2015
2630,22/07/2015,Iqlect,Big Data & Analytics platform,Unknown,Bengaluru,Exfinity Venture Partners,Private Equity,"20,00,000",Series A,Bengaluru,Big Data & Analytics platform,2000000,7/22/2015
2631,22/07/2015,deGustibus,Fine Dining Restaurant Chain,Unknown,Mumbai,India Value Fund Advisors,Private Equity,"3,00,00,000",Late Stage,Mumbai,Fine Dining Restaurant Chain,30000000,7/22/2015
2632,23/07/2015,Nestaway,Luxury Rental Homes,Unknown,Bengaluru,"Flipkart, Tiger Global",Private Equity,"1,27,50,000",Series A,Bengaluru,Luxury Rental Homes,12750000,7/23/2015
2633,23/07/2015,Mswipe,Mobile Point of Sale payment solution,Unknown,,"Falcon Edge Capital, Meru Capital, Ola, Matrix Partners, DSG Consumer Partners, Axis Bank",Private Equity,"2,50,00,000",Series B,Unknown,Mobile Point of Sale payment solution,25000000,7/23/2015
2634,23/07/2015,Myonsto,Online Grocers,Unknown,Ahmedabad,Jayant Bokadia,Seed Funding,"3,20,000",,Ahmedabad,Online Grocers,320000,7/23/2015
2635,23/07/2015,iCrushiFlush,Casual Dating App,Unknown,Mumbai,IDG Ventures India,Seed Funding,,,Mumbai,Casual Dating App,,7/23/2015
2636,23/07/2015,MedGenome,Clinical Genomics Provider,Unknown,Bengaluru,Sequoia Capital,Private Equity,"2,00,00,000",Series B,Bengaluru,Clinical Genomics Provider,20000000,7/23/2015
2637,23/07/2015,HolidayIQ,Travel information portal,Unknown,Bengaluru,MakeMyTrip,Private Equity,"1,50,00,000",Strategic Investment,Bengaluru,Travel information portal,15000000,7/23/2015
2638,23/07/2015,Fitternity,Fitness Marketplace,Unknown,Mumbai,Exfinity Venture Partners,Private Equity,"10,00,000",Series A,Mumbai,Fitness Marketplace,1000000,7/23/2015
2639,23/07/2015,Quikr,Online & Mobile classified listings,Unknown,Mumbai,"AB Kinnevik, Falcon Edge Capital, Coatue Management",Private Equity,"6,00,00,000",Late Stage,Mumbai,Online & Mobile classified listings,60000000,7/23/2015
2640,23/07/2015,JetSetGo,Private Jet/ Helicopter Marketplace,Unknown,New Delhi,YourWeCan Ventures,Seed Funding,,,New Delhi,Private Jet/ Helicopter Marketplace,,7/23/2015
2641,24/07/2015,BroEx,Real Estate Broker network App,Unknown,Gurugram,Lightspeed India,Private Equity,"10,00,000",Bridge round,Gurugram,Real Estate Broker network App,1000000,7/24/2015
2642,25/07/2015,Shopatplaces,Ethnic/ Traditional Fashion Store,Unknown,New Delhi,Indian Angel Network,Seed Funding,,,New Delhi,Ethnic/ Traditional Fashion Store,,7/25/2015
2643,25/07/2015,CredR,Used Bikes Marketplace,Unknown,Mumbai,Fidelity Growth Partners,Private Equity,"1,50,00,000",Series A,Mumbai,Used Bikes Marketplace,15000000,7/25/2015
2644,27/07/2015,ManageMySpa,Spa & Salon Management Software,Unknown,Hyderabad,Accel Partners,Private Equity,"60,00,000",Series A,Hyderabad,Spa & Salon Management Software,6000000,7/27/2015
2645,27/07/2015,Townrush,B2B logistics delivery platform,Unknown,Bengaluru,Lightspeed Venture Partners,Seed Funding,,,Bengaluru,B2B logistics delivery platform,,7/27/2015
2646,27/07/2015,Locus,Logistics Automation Platform,Unknown,Bengaluru,"growX ventures,\\xc2\\xa0 Manish Singhal",Seed Funding,,,Bengaluru,Logistics Automation Platform,,7/27/2015
2647,27/07/2015,Bevy,Online Hiring Platform,Unknown,Bengaluru,Varun Agarwal & Others,Seed Funding,,,Bengaluru,Online Hiring Platform,,7/27/2015
2648,28/07/2015,Pepperfry,Online home d\\xc3\\xa9cor marketplace,Unknown,Mumbai,"Goldman Sachs, Zodius Technology Fund, Bertelsmann India Investments Norwest Venture Partners.",Private Equity,"10,00,00,000",Series D,Mumbai,Online home d\\xc3\\xa9cor marketplace,100000000,7/28/2015
2649,28/07/2015,Flipkart.com,Online Marketplace,Unknown,Bengaluru,Steadview Capital and existing investors,Private Equity,"70,00,00,000","Late Stage, 10th Round More here",Bengaluru,Online Marketplace,700000000,7/28/2015
2650,28/07/2015,Opinio,Hyperlocal food & grocery store,Unknown,Bengaluru,"Accel Partners, Traxcn Labs & Others",Seed Funding,"13,00,000",,Bengaluru,Hyperlocal food & grocery store,1300000,7/28/2015
2651,28/07/2015,Zoctr,Health-Tech platform,Unknown,Mumbai,"Sandeep Parwal, Krishan Gupta & Others",Seed Funding,"10,00,000",,Mumbai,Health-Tech platform,1000000,7/28/2015
2652,29/07/2015,Zimmber,Hyperlocal Handyman Services,Unknown,Mumbai,"IDG Ventures India, Omidyar Network, Sherpalo Ventures,\\xc2\\xa0 Mohandas Pai",Private Equity,"20,00,000",Series A,Mumbai,Hyperlocal Handyman Services,2000000,7/29/2015
2653,29/07/2015,trueHb,Medical Tech Instruments,Unknown,New Delhi,"Sachin and Binny Bansal, Malvinder and Shivinder Singh, Gurpreet Singh & others",Seed Funding,"24,00,000",,New Delhi,Medical Tech Instruments,2400000,7/29/2015
2654,29/07/2015,Zovi.com / Little App,Hyperlocal Deals Marketplace,Unknown,Bengaluru,"Paytm, SAIF Partners,\\xc2\\xa0 Tiger Global Management & others",Private Equity,"5,00,00,000",Series A,Bengaluru,Hyperlocal Deals Marketplace,50000000,7/29/2015
2655,29/07/2015,Swajal,Innovative Water Solutions,Unknown,Gurugram,Abhishek Gupta,Private Equity,"12,00,000",Series A,Gurugram,Innovative Water Solutions,1200000,7/29/2015
2656,30/07/2015,Pipa Bella,Online Jewelry Store,Unknown,Mumbai,LionRock Capital,Private Equity,"6,00,000",Pre-Series A,Mumbai,Online Jewelry Store,600000,7/30/2015
2657,30/07/2015,Pragmatix,Business intelligence & Analytics,Unknown,Mumbai,SIDBI Venture Capital Ltd,Private Equity,"24,00,000",Series A,Mumbai,Business intelligence & Analytics,2400000,7/30/2015
2658,30/07/2015,Droom.in,Used Vehicle Marketplace,Unknown,New Delhi,"Lightbox Ventures, Beenos",Private Equity,"1,60,00,000",Series A,New Delhi,Used Vehicle Marketplace,16000000,7/30/2015
2659,30/07/2015,MadRat Games,Educational Board Games,Unknown,Bengaluru,"Kunal Bahl, Rohit Bansal",Seed Funding,"1,68,000",,Bengaluru,Educational Board Games,168000,7/30/2015
2660,30/07/2015,Noodle Play,Chinese food delivery,Unknown,Mumbai,"Elliot Stechman, Gautam Sinha, Ambarish Ray",Seed Funding,"1,68,000",,Mumbai,Chinese food delivery,168000,7/30/2015
2661,30/07/2015,Wassup,On-Demand Laundry & Dry cleaning App,Unknown,Chennai,B S Nagesh,Private Equity,,Pre-Series A,Chennai,On-Demand Laundry & Dry cleaning App,,7/30/2015
2662,30/07/2015,Cartisan,On-Demand Car services App,Unknown,Bengaluru,"YouWeCan Ventures,\\xc2\\xa0 Aprameya Radhakrishna",Seed Funding,,,Bengaluru,On-Demand Car services App,,7/30/2015
2663,31/07/2015,LazyLad,Hyperlocal Grocery App,Unknown,Gurugram,"Jai Choi, Kiyohiro Sugashita, Hirokazu",Private Equity,"5,00,000",pre-Series A,Gurugram,Hyperlocal Grocery App,500000,7/31/2015
2664,31/07/2015,TripFactory,Online Curated Holiday package bookings,Unknown,Bengaluru,"Aarin Capital Partners,",Private Equity,,Series A,Bengaluru,Online Curated Holiday package bookings,,7/31/2015
2665,31/07/2015,Prothom,Hasbro Toy Manufacturer,Unknown,Pune,Oliphabs Capital,Private Equity,"20,00,000",Series A,Pune,Hasbro Toy Manufacturer,2000000,7/31/2015
2666,31/07/2015,Bona Vita,Travel Tech,Unknown,Gurugram,MakeMyTrip,Private Equity,"50,00,000",Strategic Investment,Gurugram,Travel Tech,5000000,7/31/2015
2667,1/6/2015,Vyomo,Beauty and Wellness Platform,Unknown,New Delhi,Aprameya Radhakrishna,Seed Funding,,,New Delhi,Beauty and Wellness Platform,,6/1/2015
2668,1/6/2015,Veeba Foods,Healthy Food Manufacturer,Unknown,New Delhi,"DSG Consumer Partners, Saama Capital.",Private Equity,"60,00,000",Series B,New Delhi,Healthy Food Manufacturer,6000000,6/1/2015
2669,1/6/2015,Truebil,Used Car Marketplace,Unknown,Mumbai,"Kae Capital, Anupam Mittal",Seed Funding,"5,00,000",,Mumbai,Used Car Marketplace,500000,6/1/2015
2670,1/6/2015,Meritnation,Online Learning Platform,Unknown,New Delhi,InfoEdge,Private Equity,"40,00,000",Series C,New Delhi,Online Learning Platform,4000000,6/1/2015
2671,1/6/2015,Eattreatonline,Healthy Food Online Community,Unknown,New Delhi,Group of 15 Angel Investors,Seed Funding,"3,50,000",,New Delhi,Healthy Food Online Community,350000,6/1/2015
2672,1/6/2015,CredR,Used two-wheeler Marketplace,Unknown,Mumbai,GrowthStory,Seed Funding,,,Mumbai,Used two-wheeler Marketplace,,6/1/2015
2673,1/6/2015,Glamrs,Online Fashion Video Portal,Unknown,Mumbai,"Ventureworks India, Blume Ventures, Batlivala & Karani Securities, Nikunj Jhaveri",Private Equity,"10,00,000",Pre-Series A,Mumbai,Online Fashion Video Portal,1000000,6/1/2015
2674,1/6/2015,Proviera,Probiotic Technology Products Manufacturer,Unknown,Chennai,Infuse Ventures,Private Equity,"5,50,000",,Chennai,Probiotic Technology Products Manufacturer,550000,6/1/2015
2675,1/6/2015,Arth DesignBuild,Architectural Design & Consulting,Unknown,Hyderabad,Srinivas Tirupati,Seed Funding,"5,00,000",,Hyderabad,Architectural Design & Consulting,500000,6/1/2015
2676,2/6/2015,Saama,Big Data & Analytics Services,Unknown,Pune / US,Carrick Capital Partners,Private Equity,"3,50,00,000",Series A,Pune,Big Data & Analytics Services,35000000,6/2/2015
2677,2/6/2015,AllIzHealth,Preventive Healthcare Services,Unknown,Pune,Mumbai Angels & Other angel investors,Seed Funding,"3,50,000",,Pune,Preventive Healthcare Services,350000,6/2/2015
2678,2/6/2015,Karma Healthcare,Tech-enabled Rural Healthcare Services,Unknown,Udaipur,Ennovent Impact Investment Holding,Private Equity,,Series A,Udaipur,Tech-enabled Rural Healthcare Services,,6/2/2015
2679,3/6/2015,Entropy Innovations,Engineering Innovations,Unknown,Mumbai,Mark Mobius & 9 Other Angel investors,Seed Funding,,,Mumbai,Engineering Innovations,,6/3/2015
2680,3/6/2015,Propstack,Real Estate Intelligence Platform,Unknown,Mumbai,DMG Information,Private Equity,"30,00,000",Series A,Mumbai,Real Estate Intelligence Platform,3000000,6/3/2015
2681,3/6/2015,MyTaxiIndia,Online Car Rental Affiliates,Unknown,New Delhi,Green House Ventures,Seed Funding,"1,00,000",,New Delhi,Online Car Rental Affiliates,100000,6/3/2015
2682,3/6/2015,Arkin Net,Data Center Software platform,Unknown,Pune / US,Nexus Venture Partners,Private Equity,"1,50,00,000",Series B,Pune,Data Center Software platform,15000000,6/3/2015
2683,3/6/2015,Little Black Book Delhi,Online City & Lifestyle Guide,Unknown,New Delhi,"Rajan Anandan, Niraj Singh, Sachin Bhatia, Singapore Angel Network & Aseem Vadehra",Seed Funding,"1,50,000",,New Delhi,Online City & Lifestyle Guide,150000,6/3/2015
2684,3/6/2015,MyPoolin,P2P Payments platform,Unknown,New Delhi,"Sharad Sharma, Rajan Anandan, Sunil Kalra, Amit Ranjan, Rohan Malhotra,\\xc2\\xa0 Arjun Malhotra, Gautam Gandhi",Seed Funding,,,New Delhi,P2P Payments platform,,6/3/2015
2685,3/6/2015,iCustomadeit,Bespoke Merchandize Marketplace,Unknown,Pune,"Virendra Shahney, Dr Paresh Doshi",Seed Funding,"2,50,000",,Pune,Bespoke Merchandize Marketplace,250000,6/3/2015
2686,3/6/2015,KAARYAH,Women Lifestyle Marketplace,Unknown,Gurugram,Ratan Tata,Seed Funding,,,Gurugram,Women Lifestyle Marketplace,,6/3/2015
2687,4/6/2015,Ecom Express,Logistics Solution Provider,Unknown,New Delhi,Warburg Pincus,Private Equity,"13,70,00,000",Series C,New Delhi,Logistics Solution Provider,137000000,6/4/2015
2688,4/6/2015,Vidooly,Video Intelligence Platform,Unknown,Noida,Bessemer Venture Partners,Private Equity,"10,00,000",Pre-Series A,Noida,Video Intelligence Platform,1000000,6/4/2015
2689,4/6/2015,Zopper,Hyperlocal Shopping App,Unknown,Mumbai,"Tiger Global,\\xc2\\xa0 Nirvana Ventures Advisors",Private Equity,"2,00,00,000",Series C,Mumbai,Hyperlocal Shopping App,20000000,6/4/2015
2690,4/6/2015,Flipkart,eCommerce platform,Unknown,Bengaluru,Morgan Stanley,Private Equity,"5,00,00,000",Late Stage,Bengaluru,eCommerce platform,50000000,6/4/2015
2691,5/6/2015,kWatt Solutions,Renewable energy solutions,Unknown,Mumbai,Unknown,Seed Funding,"5,00,000",,Mumbai,Renewable energy solutions,500000,6/5/2015
2692,5/6/2015,Medwell Ventures,Healthcare Service provider,Unknown,Bengaluru,"Fidelity Growth Partners, Fidelity Biosciences",Private Equity,"1,00,00,000",Series A,Bengaluru,Healthcare Service provider,10000000,6/5/2015
2693,5/6/2015,Jugnoo,Auto Rickshaw Based Services,Unknown,Chandigarh,"Snow Leopard, Paytm",Private Equity,"50,00,000",Series A,Chandigarh,Auto Rickshaw Based Services,5000000,6/5/2015
2694,8/6/2015,PosterGully,Artist / Designer Marketplace,Unknown,New Delhi,"Natarajan Iyer,Rajesh Sawhney,\\xc2\\xa0 & other Angel investors.",Seed Funding,,,New Delhi,Artist / Designer Marketplace,,6/8/2015
2695,8/6/2015,Applied Solar Technologies,Off-grid Solar Power,Unknown,Mumbai,"Future Fund,Bessemer Venture, Capricorn Investment and IFC",Private Equity,"4,00,00,000",Series B,Mumbai,Off-grid Solar Power,40000000,6/8/2015
2696,9/6/2015,Clovia,Private Label lingerie Ecommerce,Unknown,New Delhi,IvyCap Ventures,Private Equity,"50,00,000",Series A,New Delhi,Private Label lingerie Ecommerce,5000000,6/9/2015
2697,9/6/2015,Swiggy,Online Food Ordering,Unknown,Bengaluru,"Norwest Venture Partners, SAIF Partners, Accel Partners",Private Equity,"1,65,00,000",Series B,Bengaluru,Online Food Ordering,16500000,6/9/2015
2698,9/6/2015,PayMango,Mobile Commerce Platform,Unknown,Gurugram,Group of Angel Investors,Seed Funding,"2,34,000",,Gurugram,Mobile Commerce Platform,234000,6/9/2015
2699,9/6/2015,Printland,Online Printing Services,Unknown,New Delhi,SIDBI Venture Capital Ltd,Private Equity,,Series A,New Delhi,Online Printing Services,,6/9/2015
2700,9/6/2015,Teritree,Digital Marketing Services,Unknown,Bengaluru,KCL,Seed Funding,"1,40,000",,Bengaluru,Digital Marketing Services,140000,6/9/2015
2701,10/6/2015,Guiddoo,Travel Guide Mobile App,Unknown,Mumbai,"Pawan Borle, SVP Fly Dubai & Others",Seed Funding,,,Mumbai,Travel Guide Mobile App,,6/10/2015
2702,10/6/2015,Voonik,Fashion Ecommerce store,Unknown,Bengaluru,"Sequoia Capital, Seedfund",Private Equity,"50,00,000",Series A,Bengaluru,Fashion Ecommerce store,5000000,6/10/2015
2703,11/6/2015,AdStringO,Mobile Compression Software,Unknown,Mumbai,"Arihant Patni, Vishal Khare,\\xc2\\xa0 Viswanath Ramachandran",Seed Funding,"3,50,000",,Mumbai,Mobile Compression Software,350000,6/11/2015
2704,11/6/2015,Faircent.com,Peer to Peer Lending platform,Unknown,Gurugram,M&S Partners Pte. Ltd,Seed Funding,"2,50,000",Pre-Series A,Gurugram,Peer to Peer Lending platform,250000,6/11/2015
2705,12/6/2015,La Renon,Global Healthcare products,Unknown,Ahmedabad,Sequoia Capital,Private Equity,"1,60,00,000",Series A,Ahmedabad,Global Healthcare products,16000000,6/12/2015
2706,15/06/2015,Homelane,Home Furnishing Solutions,Unknown,Bengaluru,Sequoia Capital,Private Equity,"5,00,00,000",Series B,Bengaluru,Home Furnishing Solutions,50000000,6/15/2015
2707,15/06/2015,iSTAR,Skill Training & Placement Platform,Unknown,Bengaluru,Unitus Seed Fund,Private Equity,,Series A,Bengaluru,Skill Training & Placement Platform,,6/15/2015
2708,15/06/2015,Shippr,Intra-City Logistics service,Unknown,Bengaluru,i2india Pvt Ltd,Seed Funding,"5,00,000",,Bengaluru,Intra-City Logistics service,500000,6/15/2015
2709,16/06/2015,FoodAbhi,online tiffin service aggregator,Unknown,Mumbai,Group of angel investors,Seed Funding,,,Mumbai,online tiffin service aggregator,,6/16/2015
2710,16/06/2015,Karma Recycling,Electronic Goods recycling service,Unknown,New Delhi,"Infuse Ventures, Low Carbon Enterprise Fund",Private Equity,,Series A,New Delhi,Electronic Goods recycling service,,6/16/2015
2711,16/06/2015,CouponRaja,Online Coupon & comparison platform,Unknown,Mumbai,"Mahesh Pratapneni, Pallab Chatterjee & others",Seed Funding,"5,00,000",,Mumbai,Online Coupon & comparison platform,500000,6/16/2015
2712,17/06/2015,Babychakra,Parents & Kids Online platform,Unknown,Mumbai,"Mumbai Angels, Patni Family Office, Singapore Angel Network, Karan Maheshwari, Jatin Aneja, Kishor Ganji, Roopa Nath",Seed Funding,,,Mumbai,Parents & Kids Online platform,,6/17/2015
2713,17/06/2015,Jiffstore,Online Grocery platform,Unknown,Bengaluru,"Unitus Seed Fund, Times Internet",Seed Funding,,additional funding round,Bengaluru,Online Grocery platform,,6/17/2015
2714,17/06/2015,MyDentist,Dental Clinic chain,Unknown,Mumbai,"LGT Group, Asian Healthcare fund, Seedfund",Private Equity,"82,00,000",Series C,Mumbai,Dental Clinic chain,8200000,6/17/2015
2715,18/06/2015,Moovo,On-Demand Logistics Service,Unknown,New Delhi,YouWeCan Ventures,Seed Funding,,,New Delhi,On-Demand Logistics Service,,6/18/2015
2716,18/06/2015,Fracktal Works,3D Printer Manufacturer,Unknown,Bengaluru,Neoteric Infomatique Limited,Private Equity,"30,00,000",Series A,Bengaluru,3D Printer Manufacturer,3000000,6/18/2015
2717,18/06/2015,Hansa Customer Equity,IT / Customer Engagement Consulting,Unknown,Mumbai,ASK Pravi,Private Equity,"50,00,000",Series A,Mumbai,IT / Customer Engagement Consulting,5000000,6/18/2015
2718,18/06/2015,HealthifyMe,Health & Fitness App,Unknown,Bengaluru,"Gopal Srinivasan, Sashi Reddy, Amit Gupta, Pallav Nadhani",Private Equity,,Series A,Bengaluru,Health & Fitness App,,6/18/2015
2719,18/06/2015,CAKART.in,Online Education Marketplace,Unknown,Bengaluru,Sunil Maheshwari & group of investors,Seed Funding,,,Bengaluru,Online Education Marketplace,,6/18/2015
2720,19/06/2015,Housejoy,Home services marketplace,Unknown,Bengaluru,Matrix Partners,Private Equity,"40,00,000",Series A,Bengaluru,Home services marketplace,4000000,6/19/2015
2721,19/06/2015,FundsIndia.com,Financial Services Platform,Unknown,Chennai,"Faering Capital, Foundation Capital, Inventus Capital Partners",Private Equity,"1,10,00,000",Series C,Chennai,Financial Services Platform,11000000,6/19/2015
2722,20/06/2015,Cupick,Social Network for Artists,Unknown,Bengaluru,Group of Angel Investors from US/India,Seed Funding,"1,20,000",,Bengaluru,Social Network for Artists,120000,6/20/2015
2723,20/06/2015,Tracxn,Startup funding platform,Unknown,Bengaluru,"Sachin Bansal, Bunny Bansal & other investors",Private Equity,"1,00,00,000",Series A,Bengaluru,Startup funding platform,10000000,6/20/2015
2724,21/06/2015,Holachef,Food Delivery Platform,Unknown,Mumbai,"Kalaari Capital, India Quotient",Private Equity,"31,00,000",Series A,Mumbai,Food Delivery Platform,3100000,6/21/2015
2725,22/06/2015,elong,Data Driven recruitment recommendation,Unknown,Bengaluru,"Kunal Bahl, Rohit Bansal, Blume Ventures, Phanindra Sama, Raju Reddy",Private Equity,"50,00,000",Series A,Bengaluru,Data Driven recruitment recommendation,5000000,6/22/2015
2726,22/06/2015,Ixigo,Travel Search Engine,Unknown,Gurugram,Micromax Informatics,Private Equity,,Strategic Investment,Gurugram,Travel Search Engine,,6/22/2015
2727,22/06/2015,SkillAngels,Brain Games Platform,Unknown,Chennai,Sprout Angels LLP,Seed Funding,,,Chennai,Brain Games Platform,,6/22/2015
2728,22/06/2015,Vidgyor,Video Advertisement Platform,Unknown,Bengaluru,AngelPrime,Seed Funding,"5,00,000",,Bengaluru,Video Advertisement Platform,500000,6/22/2015
2729,22/06/2015,Banihal,Algorithmic Match Making Platform,Unknown,New Delhi / California,Dr David Cheriton,Seed Funding,,,New Delhi,Algorithmic Match Making Platform,,6/22/2015
2730,23/06/2015,Goodservice,Mobile Chat based concierge service,Unknown,New Delhi,Sequoia Capital,Private Equity,"16,00,000",Series A,New Delhi,Mobile Chat based concierge service,1600000,6/23/2015
2731,23/06/2015,Treebo,Online Budget Hotel Booking Service,Unknown,Bengaluru,"Matrix Partners India, SAIF Partners",Private Equity,"60,00,000",Series A,Bengaluru,Online Budget Hotel Booking Service,6000000,6/23/2015
2732,23/06/2015,EduKart,Online education marketplace,Unknown,New Delhi,"Holostik Group, YouWeCan Ventures, 500 Startups, Vijay Shekhar Sharma, Manish Kheterpal, Amit Patni",Private Equity,"10,00,000",Series A,New Delhi,Online education marketplace,1000000,6/23/2015
2733,23/06/2015,Healthians.com,Preventive healthcare services,Unknown,Hyderabad,YouWeCan Ventures,Seed Funding,,,Hyderabad,Preventive healthcare services,,6/23/2015
2734,24/06/2015,LabInApp,Science Learning App,Unknown,Bengaluru,Unitus Seed Fund,Seed Funding,,,Bengaluru,Science Learning App,,6/24/2015
2735,24/06/2015,Syona Cosmetics,Beauty and Wellness platform,Unknown,Chennai,Chennai Angels,Seed Funding,,,Chennai,Beauty and Wellness platform,,6/24/2015
2736,24/06/2015,Sigrid Education,Online Education Platform,Unknown,Noida,Oliphans Capital,Seed Funding,,,Noida,Online Education Platform,,6/24/2015
2737,24/06/2015,Indix,SaaS product intelligence platform,Unknown,,"Nokia Growth Partners, Nexus Venture Partners, Avalon Ventures",Private Equity,"1,50,00,000",Series C,Unknown,SaaS product intelligence platform,15000000,6/24/2015
2738,24/06/2015,The Porter,Logistics Tech,Unknown,Mumbai,"Sequoia Capital, Kae Capital, Anupam Mittal, Sandeep Tandon",Private Equity,"55,00,000",Series A,Mumbai,Logistics Tech,5500000,6/24/2015
2739,24/06/2015,Retention.ai,App Analytics platform,Unknown,Bengaluru,"Mercury Fund, Anshu Sharma, Pratyush Prasanna, Robert Winters & others",Seed Funding,"5,00,000",,Bengaluru,App Analytics platform,500000,6/24/2015
2740,25/06/2015,Fusion Microfinance,Micro Finance Platform,Unknown,New Delhi,"Development finance institution Belgian Investment Company, Oikocredit",Private Equity,"86,00,000",Series C,New Delhi,Micro Finance Platform,8600000,6/25/2015
2741,25/06/2015,Zinka,Freight logistics platform,Unknown,Bengaluru,"Accel Partners, Flipkart",Private Equity,"60,00,000",Series A,Bengaluru,Freight logistics platform,6000000,6/25/2015
2742,26/06/2015,CreditMantri,Credit Management Services,Unknown,Chennai,"IDG Ventures India, Elevar Equity, Accion Venture Lab",Private Equity,"25,00,000",Series A,Chennai,Credit Management Services,2500000,6/26/2015
2743,26/06/2015,GetMyPeon,Hyperlocal Handyman Services,Unknown,Mumbai,Undisclosed investors,Seed Funding,"2,50,000",,Mumbai,Hyperlocal Handyman Services,250000,6/26/2015
2744,29/06/2015,UrbanClap,Hyperlocal services marketplace,Unknown,New Delhi,"SAIF Partners,\\xc2\\xa0 Accel Partners",Private Equity,"1,00,00,000",Series A,New Delhi,Hyperlocal services marketplace,10000000,6/29/2015
2745,29/06/2015,StayGlad,Beauty services Mobile Marketplace,Unknown,Bengaluru,"Tracxn Labs, Sahil Barua",Seed Funding,,,Bengaluru,Beauty services Mobile Marketplace,,6/29/2015
2746,29/06/2015,AdWyze,Marketing / Advertising Automation platform,Unknown,Bengaluru,Mape Advisory,Seed Funding,"10,00,000",,Bengaluru,Marketing / Advertising Automation platform,1000000,6/29/2015
2747,29/06/2015,Zimmber,Hyperlocal Handyman Services,Unknown,Mumbai,"Naveen Tiwari, Mohit Saxena, Amit Gupta, Piyush Shah, Manish Dugar",Seed Funding,"4,00,000",,Mumbai,Hyperlocal Handyman Services,400000,6/29/2015
2748,30/06/2015,Buttercups,Online Lingerie platform,Unknown,Bengaluru,"Kanwaljit Singh, Angie Mahtaney, Manoj Varghese",Seed Funding,,,Bengaluru,Online Lingerie platform,,6/30/2015
2749,30/06/2015,RailYatri,Railways Information Mobile app,Unknown,Bengaluru,"Helion Ventures, Omidiyar Network, Blume Ventures and Ujama",Private Equity,,Pre-Series A,Bengaluru,Railways Information Mobile app,,6/30/2015
2750,30/06/2015,aagaar.com,Hyperlocal grocery delivery,Unknown,Gurugram,Group of Investors,Seed Funding,,,Gurugram,Hyperlocal grocery delivery,,6/30/2015
2751,30/06/2015,Flatchat,Flat rental Mobile App,Unknown,Bengaluru,Commonfloor,Private Equity,"25,00,000",Strategic Funding,Bengaluru,Flat rental Mobile App,2500000,6/30/2015
2752,30/06/2015,MyCFO,Wealth Management Platform,Unknown,Mumbai,Sameer Koticha,Private Equity,"15,00,000",Series A,Mumbai,Wealth Management Platform,1500000,6/30/2015
2753,1/5/2015,Foodpanda,Online Food Delivery,Unknown,Gurugram,"Goldman Sachs, Rocket Internet",Private Equity,"10,00,00,000",Series D,Gurugram,Online Food Delivery,100000000,5/1/2015
2754,1/5/2015,Termsheet,Fund Raising Platform,Unknown,Chennai,"Anand Vijay, Nipun Dureja, Satyajit Heeralal, Keith Rodricks, Gaurav Lochan, Azmul Haque, Nikhil Bagri",Seed Funding,"1,00,000",,Chennai,Fund Raising Platform,100000,5/1/2015
2755,4/5/2015,Applicate,Workforce Management Software,Unknown,Bengaluru,"Rishi Vasudev, Amit Gupta, Rajiv Nayan",Seed Funding,"5,50,000",,Bengaluru,Workforce Management Software,550000,5/4/2015
2756,4/5/2015,World Art Community,Online Art Marketplace,Unknown,Gurugram,Viraj Tyagi & others,Seed Funding,"2,00,000",,Gurugram,Online Art Marketplace,200000,5/4/2015
2757,4/5/2015,SpoonJoy,Online Food Delivery,Unknown,Bengaluru,SAIF Partners,Seed Funding,"10,00,000",,Bengaluru,Online Food Delivery,1000000,5/4/2015
2758,5/5/2015,Seed Schools,Affordable Education,Unknown,Hyderabad,Acumen Fund,Seed Funding,"6,50,000",,Hyderabad,Affordable Education,650000,5/5/2015
2759,5/5/2015,Ignis Careers,Career Development,Unknown,Hyderabad,Acumen Fund,Seed Funding,"2,50,000",,Hyderabad,Career Development,250000,5/5/2015
2760,5/5/2015,Square Yards,Real Estate Advisory,Unknown,Gurugram,Undisclosed Investors,Private Equity,"60,00,000",pre-Series A,Gurugram,Real Estate Advisory,6000000,5/5/2015
2761,5/5/2015,Fintellix,Banking Analytics Platform,Unknown,Bengaluru,"IDG Ventures, Sequoia Capital",Private Equity,"1,50,00,000",Series C,Bengaluru,Banking Analytics Platform,15000000,5/5/2015
2762,5/5/2015,Customer360,Customer Engagement Platform,Unknown,Mumbai,Vishwas Patel,Seed Funding,,,Mumbai,Customer Engagement Platform,,5/5/2015
2763,6/5/2015,Delhivery,Ecommerce Logistics,Unknown,Gurugram,"Tiger Global Management, Multiples Alternate Asset Management, Nexus Venture Partners, Times Internet",Private Equity,"8,50,00,000",Series D,Gurugram,Ecommerce Logistics,85000000,5/6/2015
2764,6/5/2015,Swiggy,Online Food Delivery,Unknown,Bengaluru,Norwest Venture Partners,Private Equity,"1,50,00,000",Series B,Bengaluru,Online Food Delivery,15000000,5/6/2015
2765,7/5/2015,Uniphore,Speech Recognition Solutions,Unknown,Chennai,"IDG Ventures, Kris Gopalakrishnan",Private Equity,,Series A,Chennai,Speech Recognition Solutions,,5/7/2015
2766,7/5/2015,Box8,Online Food Delivery,Unknown,Mumbai,Mayfield Ventures,Private Equity,"35,00,000",Series A,Mumbai,Online Food Delivery,3500000,5/7/2015
2767,7/5/2015,Toppr,Online Education Platform,Unknown,Mumbai,"Fidelity Growth Partners India, SAIF Partners,\\xc2\\xa0 Helion Ventures",Private Equity,"1,00,00,000",Series B,Mumbai,Online Education Platform,10000000,5/7/2015
2768,7/5/2015,Vedantu,Online Education Platform,Unknown,Bengaluru,"Accel Partners, Tiger Global Management",Private Equity,"50,00,000",Series A,Bengaluru,Online Education Platform,5000000,5/7/2015
2769,8/5/2015,BuyHatke,Online Product Comparison,Unknown,Bengaluru,"S.Gopalakrishnan, Beenos",Seed Funding,"10,00,000",,Bengaluru,Online Product Comparison,1000000,5/8/2015
2770,8/5/2015,KleverKid,Online Education Platform,Unknown,New Delhi,Aarin Capital Partners,Seed Funding,,,New Delhi,Online Education Platform,,5/8/2015
2771,8/5/2015,Uniken,Online Security Platform,Unknown,Pune,Exfinity Ventures,Private Equity,"20,00,000",Bridge Round Pre-Series B,Pune,Online Security Platform,2000000,5/8/2015
2772,8/5/2015,GrandOpinion,Online Medical Diagnostic,Unknown,New Delhi,Florida based Angel investor,Seed Funding,"1,50,000",,New Delhi,Online Medical Diagnostic,150000,5/8/2015
2773,8/5/2015,HealthifyMe,Health & Fitness App,Unknown,Bengaluru,Micromax Informatics,Private Equity,,Strategic Investment,Bengaluru,Health & Fitness App,,5/8/2015
2774,12/5/2015,ZapStitch,Cloud Data Integration Platform,Unknown,Bengaluru,"Helion Venture Partners, Orios Venture Partners",Private Equity,"20,00,000",Pre-Series A,Bengaluru,Cloud Data Integration Platform,2000000,5/12/2015
2775,12/5/2015,Wassup,Mobile Laundry Cleaning Service,Unknown,Chennai,"Arun Chandra Mohan, Praveen Sinha",Private Equity,"20,00,000",Pre-Series A,Chennai,Mobile Laundry Cleaning Service,2000000,5/12/2015
2776,12/05.2015,Mobiefit,Mobile Fitness App,Unknown,Goa,Prototyze,Seed Funding,,,Goa,Mobile Fitness App,,5/12/2015
2777,12/05.2015,Plancess,Online Education Platform,Unknown,Mumbai,"Rajendra Gogri,\\xc2\\xa0 Chandrakant Gogri",Seed Funding,"20,00,000",,Mumbai,Online Education Platform,2000000,5/12/2015
2778,12/5/2015,WorkHorse,Service-On-Demand Mobile App,Unknown,Mumbai,Undisclosed Investors,Seed Funding,,,Mumbai,Service-On-Demand Mobile App,,5/12/2015
2779,13/05/2015,Innovaccer,Intelligent Data Analytics,Unknown,Noida,"Rajan Anandan, Teru Sato, Aneesh Reddy, Venkatesh Valluri",Seed Funding,,,Noida,Intelligent Data Analytics,,5/13/2015
2780,13/05/2015,MyCuteOffice,Online Office Rental,Unknown,Mumbai,Lead Angels,Seed Funding,,,Mumbai,Online Office Rental,,5/13/2015
2781,14/05/2015,IndianRoots.com,Lifestyle Ecommerce Portal,Unknown,Gurugram,KJS Group,Private Equity,"50,00,000",Series B,Gurugram,Lifestyle Ecommerce Portal,5000000,5/14/2015
2782,14/05/2015,RedPolka,Online Fashion Aggregator,Unknown,Mumbai,Undisclosed Investors,Seed Funding,"2,50,000",,Mumbai,Online Fashion Aggregator,250000,5/14/2015
2783,15/05/2015,Venturesity,Online Job skills Showcase,Unknown,Bengaluru,"Phanindra Sama, Jay Sethuram, Hemant Kanakia, Ravi Trivedi",Seed Funding,"2,70,000",,Bengaluru,Online Job skills Showcase,270000,5/15/2015
2784,18/05/2015,TheBetterIndia.com,Online News Media,Unknown,Bengaluru,Mohandas Pai,Seed Funding,,Pre-Series Bridge,Bengaluru,Online News Media,,5/18/2015
2785,18/05/2015,Awaaz De,Enterprise Communication Platform,Unknown,Ahmedabad,Samir Shah,Seed Funding,,,Ahmedabad,Enterprise Communication Platform,,5/18/2015
2786,19/05/2015,Chaayos,Offline Tea Chain,Unknown,New Delhi,Tiger Global Management,Private Equity,"10,00,000",Series A,New Delhi,Offline Tea Chain,1000000,5/19/2015
2787,19/05/2015,Akosha,Business Messaging App,Unknown,New Delhi,Sequoia Capital,Private Equity,"1,60,00,000",Series B,New Delhi,Business Messaging App,16000000,5/19/2015
2788,19/05/2015,Cooey,Health Mobile App,Unknown,Bengaluru,Subhash Goyal,Seed Funding,"4,70,000",,Bengaluru,Health Mobile App,470000,5/19/2015
2789,19/05/2015,MeetUniv,Online Ed-Tech Platform,Unknown,Noida,Peesh Venture Capital,Seed Funding,"10,00,000",,Noida,Online Ed-Tech Platform,1000000,5/19/2015
2790,19/05/2015,Inspirock,Online Travel Planning,Unknown,,MakeMyTrip Innovation Fund,Private Equity,,,Unknown,Online Travel Planning,,5/19/2015
2791,19/05/2015,Crown-it,Hyperlocal Mobile Marketplace,Unknown,Gurugram,"Accel Partners, Helion Venture Partners",Private Equity,"55,00,000",Series A,Gurugram,Hyperlocal Mobile Marketplace,5500000,5/19/2015
2792,19/05/2015,Trucksfirst,Trucking Logistic Operations,Unknown,Gurugram,SAIF partners,Private Equity,"1,00,00,000",Series A,Gurugram,Trucking Logistic Operations,10000000,5/19/2015
2793,20/05/2015,Lookup,B2C Messaging App,Unknown,Bengaluru,Biz Stone,Private Equity,"30,00,000",Series A,Bengaluru,B2C Messaging App,3000000,5/20/2015
2794,21/05/2015,SunTerrace,Rooftop Solar Plants,Unknown,New Delhi,Sunergy Investors,Private Equity,,,New Delhi,Rooftop Solar Plants,,5/21/2015
2795,22/05/2015,\\xc2\\xa0Nudgespot,Customer Engagement Platform,Unknown,Bengaluru,"Kae Capital, Anoop Goyal, Mike Shah, VA Sastry",Seed Funding,"6,25,000",,Bengaluru,Customer Engagement Platform,625000,5/22/2015
2796,22/05/2015,CarDekho,Online Car Portal,Unknown,Jaipur,HDFC Bank,Private Equity,,1% stake,Jaipur,Online Car Portal,,5/22/2015
2797,22/05/2015,EveningFlavors,Online Table Reservation,Unknown,Bengaluru,Sandiep Shrivatsava,Seed Funding,"5,00,000",,Bengaluru,Online Table Reservation,500000,5/22/2015
2798,25/05/2015,Razorpay,Online Payment Gateway,Unknown,Bengaluru,Punit Soni,Seed Funding,,,Bengaluru,Online Payment Gateway,,5/25/2015
2799,25/05/2015,ZenParent,Parents focused Web Content,Unknown,Bengaluru,i2india Ventures,Seed Funding,"5,00,000",,Bengaluru,Parents focused Web Content,500000,5/25/2015
2800,25/05/2015,Newgen Payments,Payments Solution Provider,Unknown,New Delhi,Jan Manten,Seed Funding,,,New Delhi,Payments Solution Provider,,5/25/2015
2801,26/05/2015,UrbanPro,On-demand Service marketplace,Unknown,Bengaluru,Nirvana Venture Advisors,Private Equity,"20,00,000",Series A,Bengaluru,On-demand Service marketplace,2000000,5/26/2015
2802,26/05/2015,Goodbox,On-Demand Business messaging,Unknown,Bengaluru,Manipal Group,Seed Funding,"2,00,000",,Bengaluru,On-Demand Business messaging,200000,5/26/2015
2803,26/05/2015,Renderlogy,Online Home D\\xc3\\xa9cor,Unknown,Hyderabad,Astarc Ventures,Private Equity,"10,00,000",Series A,Hyderabad,Online Home D\\xc3\\xa9cor,1000000,5/26/2015
2804,27/05/2015,Postman,API Workflow platform,Unknown,Bengaluru,Nexus Venture Partners,Seed Funding,"10,00,000",Series A,Bengaluru,API Workflow platform,1000000,5/27/2015
2805,27/05/2015,Casa2inns,Affordable Hotel Booking Online,Unknown,New Delhi,"Accel Partners, Kalaari Capital",Private Equity,"50,00,000",Series A,New Delhi,Affordable Hotel Booking Online,5000000,5/27/2015
2806,27/05/2015,FleetRover,Logistics Intelligence,Unknown,Goa,"Tim Chen, Sanjay Venkat",Seed Funding,"1,80,000",,Goa,Logistics Intelligence,180000,5/27/2015
2807,28/05/2015,TheKarrier,Last Mile Logistics,Unknown,Bengaluru,"Sol Primero, Outbox Ventures, Nikunj Jain",Seed Funding,"2,40,000",,Bengaluru,Last Mile Logistics,240000,5/28/2015
2808,28/05/2015,Zoomcar,Self-driven Car rental,Unknown,Bengaluru,Sequoia Capital,Private Equity,"50,00,000",Series B Interim Funding,Bengaluru,Self-driven Car rental,5000000,5/28/2015
2809,28/05/2015,Truweight,Weight Management Service,Unknown,Hyderabad,Kalaari Capital,Private Equity,,Series A,Hyderabad,Weight Management Service,,5/28/2015
2810,30/05/2015,Ather Energy,Electric Scooter Manufacturer,Unknown,Bengaluru,Tiger Global,Private Equity,"1,20,00,000",Series A,Bengaluru,Electric Scooter Manufacturer,12000000,5/30/2015
2811,3/4/2015,Swiggy,Online Food Delivery,Unknown,Bengaluru,"Accel Partners, SAIF Partners",Private Equity,"20,00,000",Series A,Bengaluru,Online Food Delivery,2000000,4/3/2015
2812,4/4/2015,Bluegape,Web Content Publishing,Unknown,Gurugram,"Rudy Gopalakrishnan, ah! Ventures",Seed Funding,"2,00,000",,Gurugram,Web Content Publishing,200000,4/4/2015
2813,4/4/2015,KeepTrax,Location Based App,Unknown,Dallas / Hyderabad,Unknown,Seed Funding,"10,00,000",,Hyderabad,Location Based App,1000000,4/4/2015
2814,6/4/2015,InstaLively,Video Streaming,Unknown,New Delhi,"Rajesh Sawheny , Rajan Anandan, Amit Ranjan, Niraj Singh, AECAL, MeraEvents.",Seed Funding,"1,20,000",,New Delhi,Video Streaming,120000,4/6/2015
2815,7/4/2015,Pricejugaad,Price Comparison,Unknown,Hyderabad,"Amit Tyagi, Sandeep Acharya & others",Seed Funding,"1,65,000",,Hyderabad,Price Comparison,165000,4/7/2015
2816,7/4/2015,Quikr,Online Classifieds,Unknown,Mumbai,"Tiger Global, Investment AB Kinnevik, Steadview Capital",Private Equity,"15,00,00,000",Series G (Check prev funding details here),Mumbai,Online Classifieds,150000000,4/7/2015
2817,7/4/2015,PressPlay,Travel Entertainment,Unknown,New Delhi,"Sequoia Capital, Jason Hirschhorn, Jarett Posner, and Amit Bhatiani",Seed Funding,"22,00,000",,New Delhi,Travel Entertainment,2200000,4/7/2015
2818,7/4/2015,LogiNext,Logistics Tech,Unknown,Mumbai,"Ajit Surana, Sanjay Mehta",Seed Funding,,,Mumbai,Logistics Tech,,4/7/2015
2819,8/4/2015,FirstCry.com,eCommerce,Unknown,Pune,"Silicon Valley Ventures, NEA Ventures, Valiant Capital, IDG Ventures India,\\xc2\\xa0 SAIF Partners, Vertex Ventures",Private Equity,"1,00,00,000","Series D ( In Feb it was announced they raised 26M, but it is 36M, so added here)",Pune,E-Commerce,10000000,4/8/2015
2820,8/4/2015,MobiKwik,Digital / Mobile Wallet,Unknown,Gurugram,"Tree Line Asia, Cisco Investments, American Express, Sequoia Capital",Private Equity,"2,50,00,000",Series B,Gurugram,Digital / Mobile Wallet,25000000,4/8/2015
2821,8/4/2015,Olacabs,Cab Aggregator,Unknown,Bengaluru,"DST Global, Steadview Capital, Tiger Global, Accel Partners & Others",Private Equity,"40,00,00,000",Series E (Updated from 315M to 400M after Press Release),Bengaluru,Cab Aggregator,400000000,4/8/2015
2822,9/4/2015,Gadgetwood,Device Repair Svcs,Unknown,New Delhi,"Ajai Chowdhry, Ashvin Chadha, Yogesh Bansal,\\nNitin Singhal & Others",Seed Funding,"2,00,000",,New Delhi,Device Repair Svcs,200000,4/9/2015
2823,9/4/2015,Bonhomia,Premium Beverages,Unknown,New Delhi,"Kanwaljit Singh, Shripad Nadkarni, Sarvesh Shahra & Others",Seed Funding,"20,00,000",,New Delhi,Premium Beverages,2000000,4/9/2015
2824,9/4/2015,Changer Mints,Digital / Mobile Wallet,Unknown,Kolkata,Hyderabad based investor,Seed Funding,"1,65,000",,Kolkata,Digital / Mobile Wallet,165000,4/9/2015
2825,9/4/2015,Urban Ladder,Online Furnishing\\neCommerce,Unknown,Bengaluru,"Sequoia Capital, TR Capital, Steadview Capital, SAIF Partners, Kalaari Capital",Private Equity,"5,00,00,000",Series C,Bengaluru,Online Furnishing\\neCommerce,50000000,4/9/2015
2826,9/4/2015,Purple Squirrel,Ed-Tech,Unknown,Mumbai,"Matrix Partners India, India Quotient",Private Equity,,Series B,Mumbai,EdTech,,4/9/2015
2827,10/4/2015,Whatfix,Interactive  How-To Guides,Unknown,Bengaluru,"Helion Venture Partner, Powerhouse Ventures, GSF and Other angel investors",Seed Funding,"9,00,000",,Bengaluru,Interactive How-To Guides,900000,4/10/2015
2828,10/4/2015,iMMi Life,Mobile Health Tech,Unknown,Chennai,Unitus Seed Fund,Seed Funding,,,Chennai,Mobile Health Tech,,4/10/2015
2829,11/4/2015,Zomato,Restaurant Reviews,Unknown,Gurugram,Info Edge (India),Private Equity,"2,50,00,000",Late Stage,Gurugram,Restaurant Reviews,25000000,4/11/2015
2830,13/04/2015,ZopNow,Online Grocer,Unknown,Bengaluru,"Dragoneer Investment, Accel Partners, Qualcomm Ventures, Times Internet",Private Equity,"1,00,00,000",Series B,Bengaluru,Online Grocer,10000000,4/13/2015
2831,13/04/2015,Nayi Disha,Ed-Tech,Unknown,New Delhi,"Ajay Relan,",Seed Funding,"3,00,000",,New Delhi,EdTech,300000,4/13/2015
2832,13/04.2015,The Porter,Logistics Tech,Unknown,Mumbai,Kae Capital,Seed Funding,"5,00,000",,Mumbai,Logistics Tech,500000,4/13/2015
2833,13/04/2015,Commeasure,Online Hotel Booking,Unknown,Noida,Jungle Ventures,Seed Funding,"10,00,000",,Noida,Online Hotel Booking,1000000,4/13/2015
2834,13/04/2015,Capricoast,Online Kitchen Furniture,Unknown,Bengaluru,Accel Partners India,Seed Funding,"12,50,000",,Bengaluru,Online Kitchen Furniture,1250000,4/13/2015
2835,14/04/2015,LocalOye,Hyper-local Online Services,Unknown,Mumbai,"Tiger Global Management, Lightspeed Venture Partners",Private Equity,"50,00,000",Series A,Mumbai,Hyper-local Online Services,5000000,4/14/2015
2836,15/04/2015,Grofers,Hyper-Local Online/Mobile Grocery,Unknown,Gurugram,"Tiger Global, Sequoia Capital",Private Equity,"3,50,00,000",Series B,Gurugram,Hyper-Local Online/Mobile Grocery,35000000,4/15/2015
2837,15/04/2015,PepperTap,Hyper-Local Online/Mobile Grocery,Unknown,Gurugram,"SAIF Partners, Sequoia Capital",Private Equity,"1,00,00,000",Series A,Gurugram,Hyper-Local Online/Mobile Grocery,10000000,4/15/2015
2838,15/04/2015,PolicyBazaar,Online Policy Aggregator,Unknown,Gurugram,"PremjiInvest, Tiger Global, Ribbit Capital",Private Equity,"4,00,00,000",Series D,Gurugram,Online Policy Aggregator,40000000,4/15/2015
2839,16/04/2015,UrbanClap,Hyperlocal Mobile Services Marketplace,Unknown,New Delhi,"SAIF Partners, Accel Partners, Kunal Bahl, Rohit Bansal",Seed Funding,"16,00,000",,New Delhi,Hyperlocal Mobile Services Marketplace,1600000,4/16/2015
2840,16/04/2015,Taskbob,OnDemand\\nMobile Handyman Services,Unknown,Mumbai,"Orios Venture Partners, Mayfield India",Seed Funding,"12,00,000",,Mumbai,OnDemand\\nMobile Handyman Services,1200000,4/16/2015
2841,17/04/2015,Robosoft,Mobile App Development,Unknown,Udupi,"Ascent Capital, Kalaari Capital",Private Equity,"1,20,00,000",Series B,Udupi,Mobile App Development,12000000,4/17/2015
2842,18/04/2015,Doormint,On-Demand Handyman Services,Unknown,Mumbai,Powai Lake Ventures,Seed Funding,,,Mumbai,On-Demand Handyman Services,,4/18/2015
2843,20/04/2015,Vyomo,Beauty & Wellness Mobile App,Unknown,Gurugram,YouWeCan Ventures,Seed Funding,,,Gurugram,Beauty & Wellness Mobile App,,4/20/2015
2844,20/04/2015,Pastiwala,Material Collection & Recycling,Unknown,Vadodara,Agnus Capital,Private Equity,"40,00,000",Series A,Vadodara,Material Collection & Recycling,4000000,4/20/2015
2845,20/04/2015,1mg (Healthkartplus),Online Pharmacy & Drug DB,Unknown,Gurugram,"Deep Kalra, Sequoia Capital, Omidyar Network, Intel Capital & Kae Capital",Private Equity,"60,00,000",Series A,Gurugram,Online Pharmacy & Drug DB,6000000,4/20/2015
2846,20/04/2015,Freshdesk,Online / Mobile Customer Support,Unknown,Chennai,"Tiger Global, Google Capital & Accel Partners",Private Equity,"5,00,00,000",Series E,Chennai,Online / Mobile Customer Support,50000000,4/20/2015
2847,20/04/2015,Sulekha.com,Online Classifieds & Listings,Unknown,Chennai,GIC ventures,Private Equity,"2,80,00,000",Series C,Chennai,Online Classifieds & Listings,28000000,4/20/2015
2848,22/04/2015,FindYahan,Hyperlocal services marketplace,Unknown,New Delhi,The Phoenix Fund,Private Equity,,Series A,New Delhi,Hyperlocal services marketplace,,4/22/2015
2849,22/04/2015,Eat.Shop.Love,Fashion ECommerce,Unknown,Bengaluru,Undisclosed Investor,Private Equity,"35,00,000",Series A,Bengaluru,Fashion ECommerce,3500000,4/22/2015
2850,22/04/2015,Avanti Learning,Private Coaching Centers,Unknown,New Delhi,"Michael & Susan Dell Foundation, Pearson Learning Fund",Private Equity,"15,00,000",Series A,New Delhi,Private Coaching Centers,1500000,4/22/2015
2851,23/04/2015,Simplilearn,Online Certification Courses,Unknown,Bengaluru,"Mayfield Ventures, Kalaari Capital, Helion Ventures",Private Equity,"1,50,00,000",Series C,Bengaluru,Online Certification Courses,15000000,4/23/2015
2852,23/04/2015,Craftstvilla,Ethnic Product eCommerce,Unknown,Mumbai,"Sequoia Capital, Nexus venture Partners, Lightspeed Ventures, GFC",Private Equity,"1,80,00,000",Series B,Mumbai,Ethnic Product eCommerce,18000000,4/23/2015
2853,23/04/2015,HeadOut,Last Minute Travel Deals mobile marketplace,Unknown,Bangalore / SFO,"Version One Ventures, 500 Startups, Nexus Venture Partners and Arena Ventures",Seed Funding,"18,00,000",,Bengaluru,Last Minute Travel Deals mobile marketplace,1800000,4/23/2015
2854,23/04/2015,happay,usiness expense management,Unknown,Bengaluru,AngelPrime,Seed Funding,"5,00,000",,Bengaluru,usiness expense management,500000,4/23/2015
2855,23/04/2015,Jugnoo,Auto Rickshaw based Logistics,Unknown,Chandigarh,"Rakesh Mathur, Vikas Taneja & others",Seed Funding,"10,00,000",,Chandigarh,Auto Rickshaw based Logistics,1000000,4/23/2015
2856,23/04/2015,EazyDiner,Restaurant reservation app,Unknown,New Delhi,"Deepak Shahdadpuri, Gulpreet Kohli",Seed Funding,,,New Delhi,Restaurant reservation app,,4/23/2015
2857,23/04/2015,Phone Warrior,Spam Call block App,Unknown,New Delhi,Lightspeed Ventures,Seed Funding,,Pre-Series A,New Delhi,Spam Call block App,,4/23/2015
2858,24/04/2015,Coverfox,Online Insurance Aggregator,Unknown,Mumbai,"Accel US, Accel India, SAIF Partners.",Private Equity,"1,20,00,000",Series B,Mumbai,Online Insurance Aggregator,12000000,4/24/2015
2859,27/04/2015,Torqus,Restaurant Management Platform,Unknown,Pune,S S Mukherji & Others,Seed Funding,"3,50,000",,Pune,Restaurant Management Platform,350000,4/27/2015
2860,27/04/2015,Grab,Food Logistics & Delivery,Unknown,Mumbai,"Oliphans Capital, Haresh Chawla",Seed Funding,"10,00,000",,Mumbai,Food Logistics & Delivery,1000000,4/27/2015
2861,27/04/2015,LogicRoots,Interactive Educational Games,Unknown,Jaipur,"Ah! Ventures, Calcutta Angels,\\xc2\\xa0 91SpringBoard",Seed Funding,"4,00,000",,Jaipur,Interactive Educational Games,400000,4/27/2015
2862,27/04/2015,GIBBS,Clean Tech,Unknown,New Delhi,Infuse Ventures fund,Private Equity,,Series B,New Delhi,Clean Tech,,4/27/2015
2863,28/04/2015,Babajobs,Grey collar Job Board,Unknown,Bengaluru,SEEK Ltd & affiliates,Private Equity,"1,00,00,000",Series B,Bengaluru,Grey collar Job Board,10000000,4/28/2015
2864,28/04/2015,Urban Ladder,Online Furniture ecommerce,Unknown,Bengaluru,"Anand Rajaraman, Venky Harinarayan",Private Equity,,Series D,Bengaluru,Online Furniture ecommerce,,4/28/2015
2865,28/04/2015,Jay Robotix,Robotic Program learning,Unknown,Hyderabad,Cross Border Angels & others,Seed Funding,"2,50,000",,Hyderabad,Robotic Program learning,250000,4/28/2015
2866,28/04/2015,Naaptol.com,Tele-Shopping / eCommerce,Unknown,Mumbai,Mitsui & Co & existing investors,Private Equity,"2,15,00,000",Series C,Mumbai,Tele-Shopping / eCommerce,21500000,4/28/2015
2867,29/04/2015,ReGlobe,Used Gadgets Buy / Refurbishing,Unknown,Gurugram,"Bessemer Ventures, Blume Ventures",Seed Funding,"10,00,000",,Gurugram,Used Gadgets Buy / Refurbishing,1000000,4/29/2015
2868,29/04/2015,Icertis,Cloud Enterprise Software,Unknown,Pune / US,"Greycroft Partners, Fidelity Growth Partners",Private Equity,"60,00,000",Series A,Pune,Cloud Enterprise Software,6000000,4/29/2015
2869,29/04/2015,Tracxn,Startup Analytics platform,Unknown,Bengaluru,SAIF Partners,Private Equity,"35,00,000",Series A,Bengaluru,Startup Analytics platform,3500000,4/29/2015
2870,29/04/2015,Dazo,Mobile Food Ordering app,Unknown,Bengaluru,"Sumit Jain, Aprameya Radhakrishna, Alok Goel, Rajan Anandan, Amit Agrawal, Vinay Goel, Gaurav Munjal, Ashish Dev Kapur",Seed Funding,,,Bengaluru,Mobile Food Ordering app,,4/29/2015
2871,29/04/2015,Tradelab,Financial Markets Software,Unknown,Bengaluru,Rainmatter,Seed Funding,"4,00,000",,Bengaluru,Financial Markets Software,400000,4/29/2015
2872,29/04/2015,PiQube,Hiring Analytics platform,Unknown,Chennai,The HR Fund,Seed Funding,"5,00,000",,Chennai,Hiring Analytics platform,500000,4/29/2015
2873,29/04/2015,Travel Triangle,Online Travel Marketplace,Unknown,Noida,"Bessemer Venture Partners, SAIF Partners",Private Equity,"80,00,000",Series B,Noida,Online Travel Marketplace,8000000,4/29/2015
2874,2/3/2015,TrulyMadly.com,,Unknown,,"Helion Venture Partners, Kae Capital",Private Equity,"55,00,000",Series A,Unknown,Unknown,5500000,3/2/2015
2875,2/3/2015,InstaLively,,Unknown,,Group of Angel Investors,Seed Funding,"1,20,000",,Unknown,Unknown,120000,3/2/2015
2876,3/3/2015,Vserv,,Unknown,,"Maverick Capital, IDG Ventures India",Private Equity,"1,50,00,000",,Unknown,Unknown,15000000,3/3/2015
2877,3/3/2015,Intruo.com,,Unknown,,"Ashutosh Lawania, Alok Goel & others",Seed Funding,,,Unknown,Unknown,,3/3/2015
2878,5/3/2015,Niffler,,Unknown,,SAIF Partners,Seed Funding,"10,00,000",,Unknown,Unknown,1000000,3/5/2015
2879,5/3/2015,CustomFurnish.com,,Unknown,,"Madhukar Gangadi, Satish Reddy, Srini Raju, Srini Koppolu & SIDBI",Private Equity,"25,00,000",,Unknown,Unknown,2500000,3/5/2015
2880,6/3/2015,MapMyGenome,,Unknown,,Rajan Anandan & other angel investors,Private Equity,"12,00,000",,Unknown,Unknown,1200000,3/6/2015
2881,9/3/2015,Crowdfire (formerly Justunfollow),,Unknown,,Kalaari Capital,Private Equity,"25,00,000",,Unknown,Unknown,2500000,3/9/2015
2882,9/3/2015,Bite Club,,Unknown,,"Powai Lake Ventures, Aneesh Reddy, Ashish Kashyap, Alok Mittal",Seed Funding,"5,00,000",,Unknown,Unknown,500000,3/9/2015
2883,10/3/2015,Localbanya,,Unknown,,Shrem Strategies,Private Equity,,Series B,Unknown,Unknown,,3/10/2015
2884,11/3/2015,Appedo,,Unknown,,Undisclosed Investors,Seed Funding,"10,00,000",,Unknown,Unknown,1000000,3/11/2015
2885,11/3/2015,Fitraq.com,,Unknown,,Tarun Arora,Seed Funding,"1,50,000",,Unknown,Unknown,150000,3/11/2015
2886,11/3/2015,ChargeBee,,Unknown,,"Tiger Global, Accel Partners",Private Equity,"50,00,000",Series B,Unknown,Unknown,5000000,3/11/2015
2887,11/3/2015,Groupon India,,Unknown,,Sequoia Capital,Private Equity,"2,00,00,000",,Unknown,Unknown,20000000,3/11/2015
2888,12/3/2015,Process 9,,Unknown,,"IAN Ventures, Alok Sharma, Kris Gopalakrishnan, Saurabh Srivastava, Ajai Chowdhry",Seed Funding,,,Unknown,Unknown,,3/12/2015
2889,12/3/2015,MoonFrog Labs,,Unknown,,"Tiger Global, Sequoia Capital.",Private Equity,"1,50,00,000",Series A,Unknown,Unknown,15000000,3/12/2015
2890,13/03/2015,Foodpanda,,Unknown,,Rocket Internet AG & others,Private Equity,"11,00,00,000",Series C,Unknown,Unknown,110000000,3/13/2015
2891,13/03/2015,Paytm,,Unknown,,Ratan Tata,Private Equity,,More details,Unknown,Unknown,,3/13/2015
2892,13/03/2015,DiabetOmics,,Unknown,,"VentureEast,\\xc2\\xa0 Varaprasad Reddy",Private Equity,"50,00,000",Series C,Unknown,Unknown,5000000,3/13/2015
2893,13/03/2015,Qyk,,Unknown,,"Powai Lake Ventures, Zishan Hayath, Abhishek Goyal, Sahil Barua",Seed Funding,,,Unknown,Unknown,,3/13/2015
2894,14/03/2015,Daily Rounds,,Unknown,,"Kae Capital, GSF, Teruhide Sato",Seed Funding,"5,00,000",,Unknown,Unknown,500000,3/14/2015
2895,14/03/2015,Orobind,,Unknown,,"Zishaan Hayath, Lalit Mangal, Harpreet Singh Grover",Seed Funding,"2,00,000",,Unknown,Unknown,200000,3/14/2015
2896,14/03/2015,Routofy,,Unknown,,"Kunal Bahl, Rohit Bansal",Seed Funding,,,Unknown,Unknown,,3/14/2015
2897,16/03/2015,Digital Gorkha,,Unknown,,Ramesh kavediya,Seed Funding,"1,66,000",,Unknown,Unknown,166000,3/16/2015
2898,16/03/2015,NestAway,,Unknown,,"IDG Ventures, Naveen Tewari",Seed Funding,"13,00,000",,Unknown,Unknown,1300000,3/16/2015
2899,16/03/2015,The Better India,,Unknown,,I-cube-N,Seed Funding,"1,66,000",,Unknown,Unknown,166000,3/16/2015
2900,16/03/2015,Meru Cabs,,Unknown,,Value Fund Advisors,Private Equity,"5,00,00,000",,Unknown,Unknown,50000000,3/16/2015
2901,17/03/2015,GolfLAN,,Unknown,,YourNest Angel Fund,Seed Funding,,,Unknown,Unknown,,3/17/2015
2902,18/03/2015,Drivestream,,Unknown,,Wipro,Private Equity,"50,00,000",,Unknown,Unknown,5000000,3/18/2015
2903,18/03/2015,wWhere,,Unknown,,Group of Angel Investors,Seed Funding,"2,00,000",,Unknown,Unknown,200000,3/18/2015
2904,18/03/2015,GoJavas,,Unknown,,Snapdeal,Private Equity,,"Minority stake, Strategic",Unknown,Unknown,,3/18/2015
2905,19/03/2015,Tripoto,,Unknown,,"IDG Ventures, Outbox Ventures",Private Equity,"20,00,000",Pre-Series A,Unknown,Unknown,2000000,3/19/2015
2906,19/03/2015,Graphic India,,Unknown,,"CA Media LP,\\xc2\\xa0 Start Media.",Seed Funding,"28,00,000",,Unknown,Unknown,2800000,3/19/2015
2907,20/03/2015,Harness Handitouch,,Unknown,,Armat Group,Private Equity,,Series A,Unknown,Unknown,,3/20/2015
2908,20/03/2015,Lets Corp,,Unknown,,Wu Chay Chin,Seed Funding,"30,00,000",,Unknown,Unknown,3000000,3/20/2015
2909,20/03/2015,CollateBox,,Unknown,,LetsVenture,Seed Funding,"1,80,000",,Unknown,Unknown,180000,3/20/2015
2910,20/03/2015,Mahindra First Choice,,Unknown,,Valiant Capital,Private Equity,"1,50,00,000",Series B,Unknown,Unknown,15000000,3/20/2015
2911,21/03/2015,Round One,,Unknown,,"HT Media, Arun Duggal",Seed Funding,,,Unknown,Unknown,,3/21/2015
2912,23/03/2015,RazorPay,,Unknown,,Y Combinator,Seed Funding,"1,20,000",,Unknown,Unknown,120000,3/23/2015
2913,23/03/2015,Mosambee,,Unknown,,RVCF and SIDBI,Private Equity,,Series B,Unknown,Unknown,,3/23/2015
2914,24/03/2015,Furlenco,,Unknown,,LightBox Ventures,Private Equity,"60,00,000",Series A,Unknown,Unknown,6000000,3/24/2015
2915,24/03/2015,Cubito,,Unknown,,Sol Primero,Seed Funding,"1,60,000",,Unknown,Unknown,160000,3/24/2015
2916,25/03/2015,Teabox,,Unknown,,"JAFCO Asia, Keystone Group, Dragoneer Investment, Accel Partners",Private Equity,"60,00,000",Series A,Unknown,Unknown,6000000,3/25/2015
2917,25/03/2015,Artoo,,Unknown,,"Accion Venture Labs, Rianta Capital",Private Equity,"5,00,000",Series A,Unknown,Unknown,500000,3/25/2015
2918,25/03/2015,Fxkart.com,,Unknown,,"Dr Mushtaq Shah, Dr Faraz Naqvi",Seed Funding,"20,00,000",,Unknown,Unknown,2000000,3/25/2015
2919,25/03/2015,Rozgar Mela,,Unknown,,"Impact Investment Holding, Upaya Social Ventures",Seed Funding,,,Unknown,Unknown,,3/25/2015
2920,25/03/2015,OYO Rooms,,Unknown,,"Greenoaks capital, Sequoia Capital, LightSpeed Ventures",Private Equity,"2,50,00,000",Series A,Unknown,Unknown,25000000,3/25/2015
2921,26/03/2015,Roposo.com,,Unknown,,"Tiger Global Management, Indian Quotient, Binny Bansal",Private Equity,"50,00,000",Series A,Unknown,Unknown,5000000,3/26/2015
2922,26/03/2015,Teewe,,Unknown,,"Sequoia Capital, India Quotient",Seed Funding,"17,50,000",,Unknown,Unknown,1750000,3/26/2015
2923,26/03/2015,ePoise,,Unknown,,Undisclosed,Seed Funding,,,Unknown,Unknown,,3/26/2015
2924,27/03/2015,Urjas,,Unknown,,Solidarity Venture Capital & others,Seed Funding,"1,00,000",,Unknown,Unknown,100000,3/27/2015
2925,27/03/2015,Chargein,,Unknown,,Pittie Group,Seed Funding,"1,00,000",,Unknown,Unknown,100000,3/27/2015
2926,28/03/2015,Yogurt Labs,,Unknown,,"Nick Adams, Kiran Bhat, Family Pot Investments LLP",Seed Funding,"1,15,000",,Unknown,Unknown,115000,3/28/2015
2927,28/03/2015,LimeRoad.com,,Unknown,,"Tiger Global, Matrix Partners, Lightspeed Venture Partners",Private Equity,"3,00,00,000",,Unknown,Unknown,30000000,3/28/2015
2928,28/03/2015,Team Indus,,Unknown,,"Nandan Nilekani, Rajiv Mody, Ajai Chowdhary",Private Equity,"15,00,000",Pre-Series A,Unknown,Unknown,1500000,3/28/2015
2929,30/03/2015,Arohan Financial Services,,Unknown,,Tano Capital,Private Equity,"1,00,00,000",,Unknown,Unknown,10000000,3/30/2015
2930,30/03/2015,BillDesk,,Unknown,,TA Associates,Private Equity,"7,50,00,000",Incremental Capital,Unknown,Unknown,75000000,3/30/2015
2931,31/03/2015,Triphobo,,Unknown,,"Mayfield Ventures, Kalaari Capital",Private Equity,"30,00,000",Series B (More Here),Unknown,Unknown,3000000,3/31/2015
2932,31/03/2015,Aryaka,,Unknown,,"Trinity Ventures, InterWest Partners, Mohr Davidow Ventures, Presidio Ventures",Private Equity,"1,60,00,000",Series D,Unknown,Unknown,16000000,3/31/2015
2933,31/03/2015,Appsdaily,,Unknown,,"Zodius Capital, Ru-Net, Kalaari Capital,\\xc2\\xa0 Qualcomm Ventures",Private Equity,"1,60,00,000",Series C,Unknown,Unknown,16000000,3/31/2015
2934,2/2/2015,Faaya,,Unknown,,Group of Angel Investors,Seed\\nFunding,"16,600",At the 10 minute million event,Unknown,Unknown,16600,2/2/2015
2935,2/2/2015,InstaBounce,,Unknown,,Group of Angel Investors,Seed\\nFunding,"16,600",At the 10 minute million event,Unknown,Unknown,16600,2/2/2015
2936,2/2/2015,Chloroplast Foods,,Unknown,,Group of Angel Investors,Seed\\nFunding,"16,600",At the 10 minute million event,Unknown,Unknown,16600,2/2/2015
2937,2/2/2015,Dealwithus,,Unknown,,Group of Angel Investors,Seed\\nFunding,"16,600",At the 10 minute million event,Unknown,Unknown,16600,2/2/2015
2938,2/2/2015,CleverSharks,,Unknown,,Group of Angel Investors,Seed\\nFunding,"16,600",At the 10 minute million event,Unknown,Unknown,16600,2/2/2015
2939,2/2/2015,Leaf,,Unknown,,Group of Angel Investors,Seed\\nFunding,"16,600",At the 10 minute million event,Unknown,Unknown,16600,2/2/2015
2940,2/2/2015,SmartPocket,,Unknown,,"Sol Primero, Rajiv Mehta",Seed\\nFunding,"2,50,000",For mobile app,Unknown,Unknown,250000,2/2/2015
2941,2/2/2015,Yumist,,Unknown,,Orios Venture Partner,Private Equity,"10,00,000",,Unknown,Unknown,1000000,2/2/2015
2942,2/2/2015,NowFloats,,Unknown,,Omidyar Network,Private Equity,,Series A,Unknown,Unknown,,2/2/2015
2943,2/2/2015,FirstCry,,Unknown,,Valiant Capital Partners,Private Equity,"2,60,00,000",Series D,Unknown,Unknown,26000000,2/2/2015
2944,2/2/2015,HolaChef,,Unknown,,India Quotient,Seed\\nFunding,"3,25,000",,Unknown,Unknown,325000,2/2/2015
2945,3/2/2015,Frsh.co.in,,Unknown,,"India Quotient, Kae Capital",Seed\\nFunding,"5,18,000",,Unknown,Unknown,518000,2/3/2015
2946,3/2/2015,Manthan,,Unknown,,"Temasek, Norwest Venture Partners",Private Equity,"6,00,00,000",Series D,Unknown,Unknown,60000000,2/3/2015
2947,5/2/2015,Kobster.com,,Unknown,,Splice Advisors,Seed\\nFunding,,,Unknown,Unknown,,2/5/2015
2948,5/2/2015,Culture Machine,,Unknown,,"Tiger Global, Times Internet, Zodius Capital",Private Equity,"1,80,00,000",Series B,Unknown,Unknown,18000000,2/5/2015
2949,5/2/2015,Paytm,,Unknown,,Ant Financial Services (Alipay),Private Equity,,Strategic Investment (25% stake),Unknown,Unknown,,2/5/2015
2950,5/2/2015,Aisle.co,,Unknown,,"Anand Vijay, Shashank Mehrotra & Others",Seed\\nFunding,"1,00,000",,Unknown,Unknown,100000,2/5/2015
2951,6/2/2015,FreeCharge,,Unknown,,"Valiant Capital, Tybourne Capital, Sequoia Capital, RuNet and Sofina",Private Equity,"8,00,00,000",Series C,Unknown,Unknown,80000000,2/6/2015
2952,6/2/2015,NewsHunt,,Unknown,,"Falcon Edge Capital, Matrix Partners India, Sequoia Capital India and Omidyar Network",Private Equity,"4,00,00,000",Series C,Unknown,Unknown,40000000,2/6/2015
2953,9/2/2015,MyNoticePeriod,,Unknown,,IDG Ventures,Private Equity,"30,00,000",Series A,Unknown,Unknown,3000000,2/9/2015
2954,9/2/2015,CarDekho.com,,Unknown,,Ratan Tata,Private Equity,,,Unknown,Unknown,,2/9/2015
2955,9/2/2015,Faaso\\xe2\\x80\\x99s,,Unknown,,Lightbox Ventures,Private Equity,"2,00,00,000",Series B,Unknown,Unknown,20000000,2/9/2015
2956,10/2/2015,CarTrade.com,,Unknown,,Chip Perry,Private Equity,,,Unknown,Unknown,,2/10/2015
2957,10/2/2015,StoreKing,,Unknown,,Mangrove Capital Partners,Private Equity,,,Unknown,Unknown,,2/10/2015
2958,11/2/2015,Capital Float,,Unknown,,"SAIF Partners, Sequoia Capital, Aspada",Private Equity,"1,30,00,000",Series A,Unknown,Unknown,13000000,2/11/2015
2959,11/2/2015,Nimble Wireless,,Unknown,,AngelPrime,Seed\\nFunding,"30,00,000",,Unknown,Unknown,3000000,2/11/2015
2960,11/2/2015,Townscript,,Unknown,,Group of Angel Investors,Seed\\nFunding,,,Unknown,Unknown,,2/11/2015
2961,11/2/2015,FindYahan,,Unknown,,"Karan Bajwa, Parvesh Bareja , Sunjay Kapur, Amanpreet Bajaj",Seed\\nFunding,,,Unknown,Unknown,,2/11/2015
2962,12/2/2015,Stayzilla,,Unknown,,"Nexus Venture Partners, Matrix Partners",Private Equity,"2,00,00,000",Series B,Unknown,Unknown,20000000,2/12/2015
2963,12/2/2015,Practo,,Unknown,,"Sequoia Capital, Matrix Partners",Private Equity,"3,00,00,000",Series B,Unknown,Unknown,30000000,2/12/2015
2964,13/02/2015,CimplyFive,,Unknown,,"Suresh Senapaty, TV Mohandas Pai",Seed\\nFunding,,,Unknown,Unknown,,2/13/2015
2965,13/02/2015,20Dresses,,Unknown,,"Srinivas Aluri, Srinivas Modukury, BS Nagesh",Seed\\nFunding,"10,00,000",,Unknown,Unknown,1000000,2/13/2015
2966,13/02/2015,Itzcash,,Unknown,,Ashok Goel (promoter),Private Equity,"1,65,00,000",Promoter Commitment,Unknown,Unknown,16500000,2/13/2015
2967,16/02/2015,NewsInShorts,,Unknown,,"Tiger Global, Rebright Partners, Sachin and Binny Bansal",Private Equity,"41,50,000",Series A,Unknown,Unknown,4150000,2/16/2015
2968,16/02/2015,iTraveller.com,,Unknown,,ah! Ventures,Private Equity,"10,00,000",Series A,Unknown,Unknown,1000000,2/16/2015
2969,17/02/2015,NextGen,,Unknown,,Mumbai Angels & Group of other investors,Seed\\nFunding,,,Unknown,Unknown,,2/17/2015
2970,18/02/2015,Wooplr.com,,Unknown,,Helion Venture Partners,Private Equity,"50,00,000",Series A,Unknown,Unknown,5000000,2/18/2015
2971,19/05/2015,Springleap,,Unknown,,Cross Border Angels,Seed\\nFunding,"8,00,000",,Unknown,Unknown,800000,5/19/2015
2972,20/02/2015,Klip.in,,Unknown,,"Calcutta Angels, Venture Nursery Angels Mumbai Angels",Seed\\nFunding,"5,00,000",,Unknown,Unknown,500000,2/20/2015
2973,20/02/2015,Renderlogy,,Unknown,,Brick Eagle,Private Equity,"16,00,000",Series A,Unknown,Unknown,1600000,2/20/2015
2974,21/02/2015,Appbase,,Unknown,,"DA-IICT, Techstars, Carnegie Mellon University, Startup Brasil program",Seed\\nFunding,"2,90,000",Grant + Seed funding,Unknown,Unknown,290000,2/21/2015
2975,23/02/2015,HomeLane,,Unknown,,"Sequoia Capital, Ranjan Pai, Mohandas Pai & others",Private Equity,"45,00,000",Series A,Unknown,Unknown,4500000,2/23/2015
2976,23/02/2015,Trip38,,Unknown,,"InterGlobe Technology Quotient, Lantern Capital",Private Equity,"10,00,000",Series A,Unknown,Unknown,1000000,2/23/2015
2977,23/02/2015,Smartairtrip.com,,Unknown,,Undisclosed,Private Equity,"1,00,00,000",Series A,Unknown,Unknown,10000000,2/23/2015
2978,23/02/2015,NoBroker,,Unknown,,"SAIF Partners, Fulcrum Ventures",Private Equity,"30,00,000",Series A,Unknown,Unknown,3000000,2/23/2015
2979,24/02/2015,Caravan Craft Retail,,Unknown,,"Unitus Seed Fund\\nNarayan Ramachandran, Bijou Kurien",Seed\\nFunding,"5,00,000",,Unknown,Unknown,500000,2/24/2015
2980,25/02/2015,SquadRun,,Unknown,,"Amit Ranjan, Deepinder Goyal, Zishaan Hayath, Powai Lake Ventures",Seed\\nFunding,,,Unknown,Unknown,,2/25/2015
2981,25/02/2015,Clonect Solutions,,Unknown,,"V Balakrishnan, T V Mohandas Pai, BC Prabhakar",Seed\\nFunding,"2,50,000",,Unknown,Unknown,250000,2/25/2015
2982,25/02/2015,TaxSutra,,Unknown,,"V Balakrishnan, T V Mohandas Pai",Seed\\nFunding,"1,60,000",,Unknown,Unknown,160000,2/25/2015
2983,25/02/2015,PepperTap,,Unknown,,Sequoia Capital,Seed\\nFunding,,,Unknown,Unknown,,2/25/2015
2984,25/02/2015,Sattviko,,Unknown,,"Sumit Jain, Rajat Jain, Sanjay Bhasin",Seed\\nFunding,"3,20,000",,Unknown,Unknown,320000,2/25/2015
2985,25/02/2015,IndustryBuying,,Unknown,,SAIF Partners,Private Equity,"20,00,000",Series A,Unknown,Unknown,2000000,2/25/2015
2986,26/02/2015,FreshWorld,,Unknown,,"Kris Gopalakrishnan, Nagaraja Prakasam",Seed\\nFunding,,,Unknown,Unknown,,2/26/2015
2987,26/02/2015,TinyOwl,,Unknown,,"Matrix Partners, Sequoia Capital, Nexus Venture Partners",Private Equity,"1,60,00,000",Series B,Unknown,Unknown,16000000,2/26/2015
2988,27/02/2015,Momoe,,Unknown,,"IDG Ventures India, Jungle Ventures, India Quotient.",Seed\\nFunding,"12,00,000",,Unknown,Unknown,1200000,2/27/2015
2989,27/02/2015,Grofers,,Unknown,,"Tiger Global Management, Sequoia Capital India",Private Equity,"1,00,00,000",Series A,Unknown,Unknown,10000000,2/27/2015
2990,2/1/2015,LensKart,,Unknown,,"TPG Growth, TR Capital, IDG Ventures",Private Equity,"21,50,000",,Unknown,Unknown,2150000,1/2/2015
2991,2/1/2015,VioletStreet,,Unknown,,"Venkat Vallabhneni, Sudhakar Reddy, Srinivasa Rao Paturi",Seed\\nFunding,"3,15,000",,Unknown,Unknown,315000,1/2/2015
2992,5/1/2015,Lookup,,Unknown,,"DeNA Co., Japan & Teruhide Sato (in Addition to MKS Switzerland & Kris GopalKrishnan)",Seed\\nFunding,"3,80,000",,Unknown,Unknown,380000,1/5/2015
2993,5/1/2015,#Fame,,Unknown,,TO THE NEW Ventures,Private Equity,"1,00,00,000",,Unknown,Unknown,10000000,1/5/2015
2994,5/1/2015,Gympik,,Unknown,,"Tom Clausen, Rohan Ajila, Haldyn Glass",Seed Funding,"1,35,000",,Unknown,Unknown,135000,1/5/2015
2995,6/1/2015,Near.in,,Unknown,,"Anupam Mittal, Manish Vij, Prashant Tandon, Gaurav Agarwal, Akash Agarwal, Himanshu Aggarwal, Kevin Parikh",Seed Funding,"2,85,000",,Unknown,Unknown,285000,1/6/2015
2996,6/1/2015,Purplle.com,,Unknown,,IvyCap Ventures,Private Equity,,,Unknown,Unknown,,1/6/2015
2997,6/1/2015,NumberMall,,Unknown,,SRI Capital,Private Equity,"1,00,00,000",,Unknown,Unknown,10000000,1/6/2015
2998,6/1/2015,Tookitaki,,Unknown,,"Jungle Ventures, Redbright Partners, Blume Ventures",Private\\nEquity,"10,00,000",,Unknown,Unknown,1000000,1/6/2015
2999,6/1/2015,Frankly,,Unknown,,Matrix Partners,Seed Funding,"6,00,000",,Unknown,Unknown,600000,1/6/2015
3000,7/1/2015,Faircent,,Unknown,,"Devesh Sachdev, Ashish Tiwari",Seed Funding,,Valuation at $4M,Unknown,Unknown,,1/7/2015
3001,7/1/2015,Nurturey,,Unknown,,Seedrs Crowd funding platform,Crowd funding,"1,25,000",,Unknown,Unknown,125000,1/7/2015
3002,7/1/2015,Bewakoof,,Unknown,,"Rohit Bansal, Kunal Bahl, Nikhil Vora",Seed Funding,,,Unknown,Unknown,,1/7/2015
3003,7/1/2015,Stridalyzer,,Unknown,,Kickstarter,Crowd Funding,"30,768",,Unknown,Unknown,30768,1/7/2015
3004,7/1/2015,Commonfloor,,Unknown,,Google Capital,Private Equity,"50,00,000",3rd Round,Unknown,Unknown,5000000,1/7/2015
3005,9/1/2015,Sokrati,,Unknown,,"IvyCap Ventures, Inventus Capital",Private Equity,,Series B,Unknown,Unknown,,1/9/2015
3006,9/1/2015,YepMe,,Unknown,,"JS Capital, Helion Venture Partners, Capricorn Investment Group",Private Equity,"1,30,00,000",Series A,Unknown,Unknown,13000000,1/9/2015
3007,9/1/2015,TapCibo,,Unknown,,Alok Goel,Seed Funding,,,Unknown,Unknown,,1/9/2015
3008,12/1/2015,Verayu,,Unknown,,"GWB Group, Blume Ventures",Private Equity,,,Unknown,Unknown,,1/12/2015
3009,12/1/2015,MyDreamStore,,Unknown,,Undisclosed Investors,Seed Funding,"2,90,000",,Unknown,Unknown,290000,1/12/2015
3010,13/01/2015,AppVirality,,Unknown,,"Rajan Anandan, Mike Galgon, Ashim Mehra, Mohit Saxena, Ravi Gururaj, TNN Capital & IIG",Seed Funding,,,Unknown,Unknown,,1/13/2015
3011,14/01/2015,RateGain,,Unknown,,TA Associates,Private Equity,"5,00,00,000",,Unknown,Unknown,50000000,1/14/2015
3012,15/01.2015,Wishberry,,Unknown,,"Rajan Anandan, Shankar Mahadevan, Deep Kalra & Others",Seed Funding,"6,50,000",,Unknown,Unknown,650000,1/15/2015
3013,16/01/2015,eKincare,,Unknown,,Adroitent Pvt. Ltd.,Seed Funding,"1,61,000",,Unknown,Unknown,161000,1/16/2015
3014,18/01/2015,ShopClues,,Unknown,,Tiger Global & Other investors,Private Equity,"10,00,00,000",More Details,Unknown,Unknown,100000000,1/18/2015
3015,19/01/2015,Refiral,,Unknown,,Cogent E Services,Seed Funding,"3,30,000",,Unknown,Unknown,330000,1/19/2015
3016,19/01/2015,Ping Digital,,Unknown,,Consortium of Angel Investors,Seed Funding,,,Unknown,Unknown,,1/19/2015
3017,19/01/2015,HealthyWorld.in,,Unknown,,Group of Angel Investors,Seed Funding,"2,00,000",,Unknown,Unknown,200000,1/19/2015
3018,19/01/2015,Hostel Dunia,,Unknown,,Hyderabad Angels (at Startup Heroes event),Seed Funding,"16,000",,Unknown,Unknown,16000,1/19/2015
3019,19/01/2015,Play your sport,,Unknown,,Hyderabad Angels (at Startup Heroes event),Seed Funding,"16,000",,Unknown,Unknown,16000,1/19/2015
3020,19/01/2015,Yo Grad,,Unknown,,Hyderabad Angels (at Startup Heroes event),Seed Funding,"16,000",,Unknown,Unknown,16000,1/19/2015
3021,19/01/2015,Enabli,,Unknown,,Hyderabad Angels (at Startup Heroes event),Seed Funding,"16,000",,Unknown,Unknown,16000,1/19/2015
3022,19/01/2015,CBS,,Unknown,,Hyderabad Angels (at Startup Heroes event),Seed Funding,"16,000",,Unknown,Unknown,16000,1/19/2015
3023,20/01/2015,Hopscotch,,Unknown,,Eduardo Saverin & Velos Capital,Private Equity,"1,10,00,000",,Unknown,Unknown,11000000,1/20/2015
3024,20/01/2015,Amagi Media Labs,,Unknown,,Premji Invest & Mayfield Fund,Private Equity,,,Unknown,Unknown,,1/20/2015
3025,20/01/2015,HealthyWorld.in,,Unknown,,Group of Angel Investors,Seed Funding,"2,00,000",,Unknown,Unknown,200000,1/20/2015
3026,21/01/2015,Simplilearn,,Unknown,,"Mayfield India, Kalaari Capital, Helion Ventures",Private Equity,"1,47,50,000",,Unknown,Unknown,14750000,1/21/2015
3027,21/01/2015,MyDreamStore,,Unknown,,Undisclosed Investors,Seed Funding,"3,25,000",,Unknown,Unknown,325000,1/21/2015
3028,21/05/2015,Knit,,Unknown,,"Rohit Jain, Amit Rambhia & Others",Seed Funding,,,Unknown,Unknown,,5/21/2015
3029,21/05/2015,Villgro,,Unknown,,Michael & Susan Dell Foundation,Seed Funding,"32,50,000",To fund edu startups,Unknown,Unknown,3250000,5/21/2015
3030,22/01//2015,Corporate360,,Unknown,,Group of Angel Investors,Seed Funding,"2,00,000",,Unknown,Unknown,200000,1/22/2015
3031,22/01/2015,Freshmonk,,Unknown,,"August Capital Partners, Michael Blakey",Seed Funding,,,Unknown,Unknown,,1/22/2015
3032,22/01/2015,Englishleap.com,,Unknown,,ANALEC,Private Equity,,Majority Stake,Unknown,Unknown,,1/22/2015
3033,22/01/2015,Antuit,,Unknown,,"Goldman Sachs, Zodius Capital",Private Equity,"5,60,00,000",,Unknown,Unknown,56000000,1/22/2015
3034,22/01/2015,Caratlane.com,,Unknown,,Tiger Global,Private Equity,"3,10,00,000",Series D,Unknown,Unknown,31000000,1/22/2015
3035,24/01/2015,Aasaanjobs,,Unknown,,"Inventus Capital Partners, IDG Ventures",Seed Funding,"15,00,000",,Unknown,Unknown,1500000,1/24/2015
3036,24/01/2015,Impartus,,Unknown,,Kaizen Private Equity,Private Equity,,Series A,Unknown,Unknown,,1/24/2015
3037,25/01/2015,Thrill App,,Unknown,,People Group (Shaadi.com),Private Equity,"10,00,000",Strategic Funding,Unknown,Unknown,1000000,1/25/2015
3038,27/01/2015,CarDekho.com,,Unknown,,"Hillhouse Capital, Tybourne Capital",Private Equity,"5,00,00,000",Series B,Unknown,Unknown,50000000,1/27/2015
3039,28/01/2015,Grabhouse.com,,Unknown,,"Kalaari Capital, Sequoia Capital",Private Equity,"25,00,000",Series A,Unknown,Unknown,2500000,1/28/2015
3040,29/01/2015,Printvenue,,Unknown,,Asia Pacific Internet Group,Private Equity,"45,00,000",,Unknown,Unknown,4500000,1/29/2015
3041,29/01/2015,Graphene,,Unknown,,KARSEMVEN Fund,Private Equity,"8,25,000",Govt backed VC Fund,Unknown,Unknown,825000,1/29/2015
3042,30/01/2015,Mad Street Den,,Unknown,,"Exfinity Fund, GrowX Ventures.",Private Equity,"15,00,000",,Unknown,Unknown,1500000,1/30/2015
3043,30/01/2015,Simplotel,,Unknown,,MakeMyTrip,Private Equity,,"Strategic Funding, Minority stake",Unknown,Unknown,,1/30/2015
3044,31/01/2015,couponmachine.in,,Unknown,,UK based Group of Angel Investors,Seed Funding,"1,40,000",,Unknown,Unknown,140000,1/31/2015
