"sr_no","date_clean","startup_name","industry_clean","subvertical","city_clean","investors_name","investment_type","amount_clean"
"1","1/9/2020","BYJU’S","E-Tech","E-learning","Bengaluru","Tiger Global Management","Private Equity Round","200000000.0"
"2","1/13/2020","Shuttl","Transportation","App based shuttle service","Gurugram","Susquehanna Growth Equity","Series C","8048394.0"
"3","1/9/2020","Mamaearth","E-Commerce","Retailer of baby and toddler products","Bengaluru","Sequoia Capital India","Series B","18358860.0"
"4","1/2/2020","https://www.wealthbucket.in/","FinTech","Online Investment","New Delhi","Vinod Khatumal","Pre-series A","3000000.0"
"5","1/2/2020","Fashor","Fashion and Apparel","Embroiled Clothes For Women","Mumbai","Sprout Venture Partners","Seed Round","1800000.0"
"6","1/13/2020","Pando","Logistics","Open-market, freight management platform","Chennai","Chiratae Ventures","Series A","9000000.0"
"7","1/10/2020","Zomato","Hospitality","Online Food Delivery Platform","Gurugram","Ant Financial","Private Equity Round","150000000.0"
"8","12/12/2019","Ecozen","Technology","Agritech","Pune","Sathguru Catalyzer Advisors","Series A","6000000.0"
"9","12/6/2019","CarDekho","E-Commerce","Automobile","Gurugram","Ping An Global Voyager Fund","Series D","70000000.0"
"10","12/3/2019","Dhruva Space","Aerospace","Satellite Communication","Bengaluru","Mumbai Angels, Ravikanth Reddy","Seed","50000000.0"
"11","12/13/2019","Rivigo","Technology","Logistics Services and Solutions","Gurugram","SAIF Partners, Spring Canter Investment Ltd.","Series F","20000000.0"
"12","12/17/2019","Healthians","B2B-focused foodtech startup","Food Solutions For Corporate","Bengaluru","Paytm, NPTK, Sabre Partners and Neoplux","Series C","12000000.0"
"13","12/16/2019","Licious","E-Commerce","Online Meat And Seafood Ordering Startup","Bengaluru","Vertex Growth Fund","Series E","30000000.0"
"14","12/16/2019","InCred","Finance","Non-Banking Financial Company","Mumbai","Unknown","Debt Funding","5900000.0"
"15","12/14/2019","Trell","Video","Experience Discovery Platform","Bengaluru","Ruizheng Investment","Seed Round","2000000.0"
"16","12/11/2019","Rein Games","Gaming","Real money based gaming startup","Noida","Manipal Education and Medical Group (MEMG)","Seed Round","50000000.0"
"17","12/20/2019","Lenskart.com","E-Commerce","Online Eyewear Shopping Portal","Faridabad","SoftBank Vision Fund","Series G","231000000.0"
"18","11/13/2019","Freshworks","Software","Business and customer engagement tools","San Francisco","Sequoia, CapitalG, Accel","Series H","150000000.0"
"19","11/14/2019","Misters","Health and wellness","Men's Health and Wellness brand","Gurugram","Sauce.vc, Rainforest Ventures","Series B","486000.0"
"20","11/13/2019","Sunstone Eduversity Pvt. Ltd","Education","Elearning","Gurugram","Prime Venture Partners, LetsVenture, PS1 Venture and GlobalLogic co-founder Rajul Garg","Seed","1500000.0"
"21","11/17/2019","Burger Singh","Food & Beverage","Indian Burger Brand","Gurugram","RB Investments","Venture",""
"22","11/18/2019","Healthians","Health and Wellness","Healthcare services","Gurugram","DG Daiwa Ventures, DG Incubation","Series B","12000000.0"
"23","11/15/2019","Ninjacart","B2B Marketing","Agritech","Bengaluru","Trifecta Capital Advisors","Debt Funding","26000000.0"
"24","11/20/2019","Aye Finance","FinTech","Financial Services To MSMEs","Gurugram","FinTech","Debt Funding","17411265.0"
"25","11/12/2019","SuperGaming","Video Games","Social gaming platform","Pune","Dream Incubator","Seed Funding","1300000.0"
"26","11/20/2019","Clumio","SaaS","Recovery software","San Jose,","Altimeter Capital, Sutter Hill Ventures","Series C","135000000.0"
"27","11/11/2019","eBikeGo","Last Mile Transportation","Electric bike rental","Amritsar","Startup Buddy","Seed","300000.0"
"28","11/19/2019","Digital Mall Asia","E-Commerce","Virtual e-commerce platform","New Delhi","Amour Infrastructure","Seed Funding","220000000.0"
"29","11/18/2019","Medikabazaar","Healthcare","B2B platform for medical supplies","Mumbai","Ackermans & van Haaren, HealthQuad, Rebright Partners, Toppan Printing","Series B","15800000.0"
"30","11/15/2019","Vogo Automotive","Last Mile Transportation","Scooter sharing app","Bengaluru","Matrix Partners, Stellaris Venture Partners, Kalaari Capital","Series B","283000000.0"
"31","11/19/2019","Furtados School of Music","Education","Music Education","Tulangan","IAN Fund and DSG Consumer Partners","Unknown","200000000.0"
"32","11/25/2019","Paytm","FinTech","Mobile Wallet","Noida","Vijay Shekhar Sharma","Funding Round","1000000000.0"
"33","10/4/2019","Dunzo","Customer Service","Delivery Service","Bengaluru","Lightbox","Series D","45000000.0"
"34","10/2/2019","Udaan","B2B","Business development","Bengaluru","Altimeter Capital, DST Global","Series D","585000000.0"
"35","10/21/2019","The Man Company","Consumer Goods","Beauty and Grooming","Gurugram","Ayushmann Khurana","Corporate Round",""
"36","9/5/2019","FPL Technologies","FinTech","Financial Services","Pune","Matrix Partners India, Sequoia India","Maiden Round","4500000.0"
"37","9/4/2019","Cashflo","FinTech","Invoice discounting platform and SME lending marketplace","Mumbai","SAIF Partners","Series A","3300000.0"
"38","9/4/2019","Digital F5","Advertising, Marketing","Digital marketing firm","Mumbai","TIW Private Equity","Private Equity Round","6000000.0"
"39","9/4/2019","3rdFlix","SaaS","Education Technology","Hyderabad","Exfinity Venture Partners","pre-series A","5000000.0"
"40","9/4/2019","75F","IoT","Building automation system","Burnsville","Breakthrough Energy Ventures","Series A","18000000.0"
"41","9/4/2019","Myelin Foundry","Information Technology","Deep-technology","Bengaluru","Endiya Partners","Seed","1000000.0"
"42","9/4/2019","Atomberg Technology","Consumer Technology","Consumer Electronics, Home Appliances","Mumbai","A91 Partners","Series A","10000000.0"
"43","9/4/2019","GOQii","Health and Wellness","Wearable Fitness Bands","Menlo Park","Bennett Coleman and Company Ltd (BCCL)","Series C","450000000.0"
"44","9/3/2019","Vyapar App","Accounting","Mobile-based Accounting Software","Bengaluru","India Quotient, Axilor Ventures","Series A","5000000.0"
"45","8/1/2019","CarDekho","E-Commerce","Automotive","Gurugram","SC GG India Mobility Holdings LLC","Series C","20000000.0"
"46","8/1/2019","Progcap","Finance","Supply Chain Management","New Delhi","Sequoia India","Series A","5000000.0"
"47","8/1/2019","MyPetrolPump","Retail","Fuel Delivery","Bengaluru","Unknown","Seed Funding Round","1600000.0"
"48","8/1/2019","Alteria Capital","Finance","VC Funds","Mumbai","Azim Premji, Binny Bansal","Single Venture","140000000.0"
"49","8/1/2019","Pine Labs","Information Technology","Last-mile retail transaction technology","Noida","Pine Labs Pte Ltd","Corporate Round","38080000.0"
"50","8/12/2019","Meesho","E-Commerce","Social Commerce","Bengaluru","Naspers","Series D","125000000.0"
"51","8/13/2019","Cars24","E-Commerce","Car Retail","Gurugram","MS Dhoni","Series D","11000000.0"
"52","8/13/2019","Uniphore","Customer Service Platform","Conversational AI","Palo Alto","March Capital Partners","Series C","51000000.0"
"53","8/23/2019","Zendrive","Automobile","Road Safety Analytics","San Francisco","XL Innovate","Series B","37000000.0"
"54","8/23/2019","Lo! Foods","Consumer Goods","Low carb food for Diabetics","Bengaluru","Rashmi Daga (founder, FreshMenu), Raveen Sastry (co-founder, Myntra) and Mitesh Shah (finance chief, BookMyShow)","Seed Round","500000.0"
"55","8/23/2019","Tala","FinTech","Digital Lending Platform","Santa Monica","RPS Ventures","Series D","110000000.0"
"56","8/22/2019","INDwealth","FinTech","Wealth Management","Gurugram","Tiger Global Management","Venture Round","15000000.0"
"57","8/21/2019","HungerBox","Food & Beverage","B2B Foodtech","Bengaluru","One97 Communications Ltd.","Series C","6590000.0"
"58","8/23/2019","AdmitKard","EdTech","University Admissions","Noida","Growth DNA","Seed Round","1000000.0"
"59","8/19/2019","Mishry Reviews","Services","Product Review","Gurugram","Vir Sanghvi","Series A",""
"60","8/19/2019","Grofers","E-Commerce","Grocery Delivery","Gurugram","Softbank Vision Fund","Series F","70000000.0"
"61","8/27/2019","Rapido Bike Taxi","Transportation","Bike Taxi","Bengaluru","Westbridge Capital","Series B","3900000000.0"
"62","7/2/2019","RenewBuy","Finance","Auto Insurance","Gurugram","Lok Capital, IIFL Wealth","Series B","19000000.0"
"63","7/2/2019","Atlan","Information Technology","Big Data","Singapore","WaterBridge Ventures","Pre-Series A","2500000.0"
"64","7/1/2019","WizCounsel","Compliance","Consulting","New Delhi","Kapil Dev","Angel","145000.0"
"65","7/3/2019","Ola Cabs","Transportation","Cabs","Bengaluru","DIG Investment Ab, Deshe Holdings, Samih Toukan and Hussam Khoury","Series J","1000000.0"
"66","7/1/2019","Uniphore","Artificial Intelligence","Speech Recognition","Chennai","March Capital Partners","Series C","38080000.0"
"67","7/4/2019","Daalchini Technologies","Food & Beverage","Digital Vending Machine","New Delhi","Artha Venture","Seed Round","500000.0"
"68","7/10/2019","""BYJU\\'S""","EdTech","Education","Bengaluru","Qatar Investment Authority","Private Equity Round","150000000.0"
"69","7/11/2019","Moglix","E-Commerce","Industrial Tools and Equipments","Singapore","Composite Capital Management, Sequoia Capital India, Tiger Global Management","Series D","60000000.0"
"70","7/10/2019","Ezyhaul","Tech","Logistics","Singapore","Undisclosed","Series B","16000000.0"
"71","7/10/2019","Indus OS","Tech","Smartphone Operating System","Mumbai","Ventureast","Series B","5750000.0"
"72","7/10/2019","HealthAssure","Healthcare","Primary care medical network","Mumbai","Blume Ventures","Series A","2500000.0"
"73","7/9/2019","House of Msasaba","Luxury Label","Clothes and Apparel","Mumbai","Binny Bansal","Series A","1000000.0"
"74","7/8/2019","Board Infinity","EdTech","Full-stack career platform","Mumbai","Multiple Angel Investors","Angel Round","319605.0"
"75","6/5/2019","NoBroker","E-Commerce","Real Estate","Bengaluru","General Atlantic","Series C","51000000.0"
"76","6/4/2019","Bira91","Food & Beverage","Brewery","New Delhi","Anicut Capital","Debt Funding","10000000.0"
"77","6/3/2019","FabHotels","E-Commerce","Hospitality","Gurugram","Goldman Sachs, Accel Partners and Qualcomm","Unknown","4889975.54"
"78","6/3/2019","Avail Finance","Finance","FinTech","Bengaluru","Matrix Partners","Series A","9000000.0"
"79","6/4/2019","BharatPe","Finance","FinTech","New Delhi","Insight Partners","Series B","75000000.0"
"80","6/4/2019","Recykal","Waste Management Service","Optimization","Hyderabad","Triton Investment Advisors, Pidilite Industries director Ajay Parekh","pre-Series A","26000000.0"
"81","6/3/2019","Agara Labs","Deep-Tech","Artificial Intelligence","Bengaluru","Blume Ventures and RTP Global","pre-Series A","2500000.0"
"82","6/6/2019","Sistema.bio","Agriculture","Hybrid Reactor Biodigestor","Nairobi","Shell Foundation, DILA CAPITAL, Engie RDE Fund, EcoEnterprise Fund, EDFIMC (ElectriFI), Endeavor Catalyst Fund, CoCapital, Triodos, Alpha Mundi, and Lendahand","Unknown","2739034.68"
"83","6/6/2019","Chakr Innovation","Energy","Renewable Energy","New Delhi","IAN Fund","Series A","26000000.0"
"84","6/6/2019","Pratilipi","Digital Media","E-Books","Bengaluru","Qiming Venture Partners","Series B","15109500.0"
"85","6/10/2019","Bolo App","Digital Media","Video Platform","Bengaluru","Nexus Venture Partners","Seed Funding","430200.0"
"86","6/10/2019","OkCredit","FinTech","Financial Services","Unknown","Tiger Global Management","Series A","15500000.0"
"87","6/6/2019","Biz2Credit","FinTech","Online Lending Platform","New York","WestBridge Capital","Series B","52000000.0"
"88","6/8/2019","Vogo Automotive Pvt. Ltd.","Transportation","Dockless Scooter Rental Company","Unknown","Alteria Capital","Debt Funding","3584000.0"
"89","6/4/2019","Leegality","Services","Digital Documentation","Mumbai","Mumbai Angels","Series A","3400000.0"
"90","5/6/2019","Ola Electric","Transportation","Cabs","Bengaluru","Tata Sons","Series A",""
"91","5/6/2019","Saahas Zero Waste","Waste Management Service","Optimization","Bengaluru","C4D Partners","Venture - Series Unknown","868600.0"
"92","5/5/2019","StyleDotMe","E-Commerce","Fashion and Shopping","New Delhi","Indian Angel Network and other angel investors, Innov8 founder Ritesh Malik, Josh Talks founders Supriya Paul and Shobha Banga, and former Hero Corporate president Rohit Chanana","Bridge Round",""
"93","5/1/2019","BlackBuck","Transportation","Logistics","Bengaluru","Goldman Sachs Investment Partners and Silicon Valley-based Accel, Wellington, Sequoia Capital, B Capital, LightStreet, Sands Capital and International Finance Corporation,","Series D","150000000.0"
"94","5/2/2019","Zenoti","SaaS","Beauty and Wellness Industry","Hyderabad","Tiger Global Management","Series C","50000000.0"
"95","5/28/2019","Ather Energy","Automobile","Electric Vehicle","Bengaluru","Sachin Bansal","Series C","51000000.0"
"96","5/28/2019","FreshVnF","Agtech","Fresh Agriculture Produces","Mumbai","Equanimity Ventures","Seed Round","140000000.0"
"97","5/30/2019","GlowRoad","E-Commerce","Retail","Bengaluru","Korea Investment Partners, Vertex Ventures","Series B","11500000.0"
"98","5/31/2019","Bira91","Food & Beverage","Brewery","New Delhi","Sixth Sense Ventures","Series B","5600000.0"
"99","4/16/2019","Kuvera","Finance","Wealth Management","Bengaluru","Eight Roads","Series A","45000000.0"
"100","4/12/2019","Medlife","E-Commerce","Online Medicine","Bengaluru","Prasid Uno Family Trust","Private Equity","17000000.0"
"101","4/10/2019","Kabadiwala","E-Commerce","Waste Management","Bhopal","Unilever, Beehive Capital Advisor, ABCOM Investments, Parekh Marine Transport,","Private Equity","430665.0"
"102","4/13/2019","Tripoto","Social Media","Travel","New Delhi","Orchid India, Hornbill Orchid India Fund, Chiratae Ventures (formerly IDG Ventures), 3one4 Capital, Lasmer NV","Series B","3591375.0"
"103","4/12/2019","Azah","Health and Wellness","Organic wellness","Gurugram","Unnamed angel investors","Seed Funding","200000.0"
"104","4/11/2019","Setu","FinTech","Banking","Bengaluru","Lightspeed India Partners","Seed Funding","3500000.0"
"105","4/10/2019","Toppr","EdTech","E-learning","Mumbai","Milestone","Debt and Preference capital","6320820.0"
"106","4/10/2019","Craftsvilla","E-Commerce","Fashion and Apparel","Mumbai","Supera Pte Ltd","Inhouse Funding","2443495.0"
"107","4/10/2019","Unacademy","EdTech","E-learning","Bengaluru","Kalyan Krishnamurthy","Seed/ Angel Funding","307000.0"
"108","4/11/2019","CleverTap","SaaS","Mobile analytics and marketing","Mumbai","Sequoia India, Tiger Global Management, Accel Partners","Series B","26000000.0"
"109","4/19/2019","My Healthcare","E-Commerce","Software Solutions","Bengaluru","Sixth Sense Ventures","Series A","3000000.0"
"110","4/19/2019","KrazyBee","E-Commerce","Lending Platform","Bengaluru","BAC Acquisitions, Unifi AIF, BRD Securities, Northern R Capital","Debt","14342000.0"
"111","4/17/2019","Shuttl","Transportation","Bus Aggregation","Gurugram","New Atlantic Ventures","Venture Round","5000000.0"
"112","4/17/2019","Increff","Technology","Supply-chain technology solutions","Bengaluru","021 Capita, Binny Bansal","Series A","3000000.0"
"113","2/1/2019","FleetX","AI","Logistics","Gurugram","India Quotient and LetsVenture\\xe2\\x80\\x99s Angel Fund","Pre Series A",""
"114","2/8/2019","Zilingo","E-Commerce","Fashion & Apparel","Unknown","Sequoia Capital and Temasek Holdings, EDBI, Burda Principal Investments, and Sofina","Series D","226000000.0"
"115","2/13/2019","NanoClean Global","Nanotechnology","Anti-Pollution","New Delhi","LetsVenture, PitchRight Venture, 91SpringBoard, AL Nour International Holdings and Mark V Investments","Series A","600000.0"
"116","2/14/2018","OyoRooms","Hospitality","Budget Rooms","Gurugram","DiDi Chuxing","Equity","100000000.0"
"117","1/3/2019","CarDekho","Automobile","Online Marketplace","Jaipur","Sequoia India, Hillhouse Capital, Alphabet\\xe2\\x80\\x99s growth investment arm Capital G and Axis Bank","Series C","110000000.0"
"118","1/4/2019","Vyome Therapeutics Inc.","Health and Wellness","Specialty pharmaceutical","Unknown","Iron Pillar, Perceptive Advisors, Romulus Capital and Kalaari Capital","Series D","22000000.0"
"119","1/4/2019","Samunnati Financial Intermediation & Services Pvt. Ltd","Finance","Non-banking financial company","Chennai","MASSIF, a Dutch government fund","Debt-Funding","5000000.0"
"120","12/4/2018","Manch","Social Media","Hyperlocal Content","New Delhi","Stellaris Venture Partners","Seed Funding","700000.0"
"121","12/1/2018","UrbanClap Technologies Pvt. Ltd","Services Platform","Home services marketplace","New Delhi","Steadview Capital and Vy Capital.","Series D","50000000.0"
"122","12/2/2018","Guiddoo","Travel Tech","Platform for travel agents","Mumbai","Individual Investors","Pre-Series A","800000.0"
"123","12/2/2018","Career Anna","Online Education","Video-based certification, trainings","Gurugram","Individual Investors","Pre-Series A","572000.0"
"124","12/4/2018","Nagpur Wholesale","Online Marketplace","eCommerce","Nagpur","Omphalos Ventures India LLP","Seed Funding","143000.0"
"125","12/6/2018","ShopKirana","B2B","eCommerce","Indore","Info Edge, AET Fund, Akatsuki and Incubate Fund from Japan and Better Capital AngelList syndicate.","Seed Funding","2000000.0"
"126","12/6/2018","BuildSupply","SaaS, Ecommerce","Real Estate, ERP","Gurugram","Venture Highway, GREE Ventures, Space Matrix, Individual Investors","Series A","3500000.0"
"127","11/1/2018","GoDesi","Food & Beverage","Regional Flavours","Bengaluru","Lead Angels Network","Seed/ Angel Funding","138995.0"
"128","11/3/2018","Veritas Finance Ltd.","NBFC","MSME Finance","Chennai","Norwest Venture Partners, CDC Group, the UK\\xe2\\x80\\x99s Development Finance Institution and P Surendra Pai","Series D","27799000.0"
"129","11/6/2018","Meesho","E-Commerce","Social Commerce","Bengaluru","Shunwei Capital, DST Partners and RPS Ventures","Series C","50000000.0"
"130","11/8/2018","Mobile Premier League","Gaming","Mobile e-Sports","Bengaluru","Undisclosed","Series A","500000.0"
"131","11/8/2018","A&R Bon Vivants","Food","Meat Retail Chain","Jaipur","RB Investments, Singapore","Equity","1000000.0"
"132","11/12/2018","Blackbuck","Food Tech","POS For Online Ordering","Bengaluru","Tiger Global","Series A","1000000.0"
"133","11/12/2018","MilkBAsket","Food","Micro-delivery grocery service","New Delhi","Mayfield Fund","Series B","1300000.0"
"134","11/13/2018","DriveU","Transportation","On-Demand Drivers","Bengaluru","Stevens Creek Ventures","Mezzanine","1000000.0"
"135","11/14/2018","CleanseCar","Services","Car Wash","Bengaluru","Venture Catalysts","Seed/ Angel Funding","500000.0"
"136","11/19/2018","Automation Anywhere","Automation","Robotics","Unknown","SoftBank Vision Fund","Series B","300000000.0"
"137","11/20/2018","HealthifyMe","Health and Wellness","Wellness Coach","Bengaluru","Sistema Asia Fund, VC Samsung NEXT, Chiratae Ventures, Inventus Capital, Blume Ventures and Innoven Capital.","Series B (Extension)","6000000.0"
"138","11/21/2018","Genius Corner","Education","Personalized Learning","Noida","Individual investors","Seed Funding","278000.0"
"139","11/22/2018","Aavishkaar-Intellecap Group","Investment","SME Funding","Mumbai","Teachers Insurance and Annuity Association (TIAA)","Equity Based Funding","31000000.0"
"140","11/22/2018","Skillbox","Social Network","Art","Gurugram","Individual investors","Seed Funding",""
"141","11/23/2018","Signzy","FinTech","Digital Onboarding Solution","Mumbai","Stellaris Venture Partners and Kalaari Capital, Rajan Anandan from Google, Dilip Khandwelwal from SAP Labs India, and Amrish Rau from PayU India","Series A","3400000.0"
"142","11/24/2018","Engineer.ai","Software","AI Platform","Unknown","Lakestar and Jungle Ventures, Softbank\\xe2\\x80\\x99s DeepCore.","Series A","29500000.0"
"143","11/25/2018","InCred Finance","Finance","SME Lending","Unknown","Paragon Partners, Individual Investors","Private Equity","42000000.0"
"144","11/25/2018","Roposo","Social Media","Video Sharing","New Delhi","Bertelsmann India Investments","Series B","1700000.0"
"145","10/1/2018","Northmist","Fashion","Mens Wear","New Delhi","Prashant Jaiswal","Seed/ Angel Funding",""
"146","10/2/2018","Origo Commodities India Pvt. Ltd","Logistics","Supply Chain","Hyderabad","Cooperative Oikocredit, Caspian and Hivos-Triodos Fund","Seed/ Angel Funding","11000000.0"
"147","10/4/2018","Grover Zampa","Food","Wine","Mumbai","Ravi Viswanathan","Private Equity","8200000.0"
"148","10/5/2018","Droom","Automobile","New and Used Cars Platform","Gurugram","ZigExN","Series E","3000000.0"
"149","10/11/2018","Innov8","Real Estate","Co-Working","New Delhi","Credence Family Office","Pre-Series A","4000000.0"
"150","10/12/2018","Blackbuck","Logistics Tech","Largest Trucking Platform","Bengaluru","Sequoia Capital India","Private Funding","14680000.0"
"151","10/12/2018","LetsTransport","Logistics Tech","Book Trucks Online","Bengaluru","Fosun International","Series C","12000000.0"
"152","9/1/2018","Netmeds","Consumer Internet","Online Pharmacy Chain","Chennai","Sistema Asia Fund, Sistema JSFC and Tanncam Investment","Private Equity","35000000.0"
"153","9/3/2018","Udaan","B2B Platform","Logistics and Shipping","Bengaluru","DST Global and Lightspeed Venture Partners\\xe2\\x80\\x99 global fund.","Private Equity","225000000.0"
"154","9/3/2018","Daily hunt","Consumer Internet","News and ebooks Mobile App\\xc2\\xa0","Bengaluru","Falcon Edge","Private Equity","6390000.0"
"155","9/4/2018","3HCare","Healthcare","Healthcare Service Provider","New Delhi","Unknown","Seed / Angel Funding","1000000.0"
"156","9/4/2018","HappyGoEasy","Consumer Internet","Online Travel Agecy","Gurugram","Korea Investment Partners (KIP), Samsung and China-based CITIC Capital and others","Private Equity",""
"157","9/5/2018","Nykaa","Consumer Internet","Online Marketplace For Multi-brand Beauty Cosmetic and Wellness Products","Mumbai","Lighthouse","Private Equity","157200000.0"
"158","9/5/2018","Mad Street Den","Technology","Computer Vision And Artificial Intelligence (Ai) Platform","Chennai","KDDI\\xc2\\xa0","Private Equity",""
"159","9/6/2018","Dream11","Consumer Internet","Online Gaming Platform","Mumbai","Tencent, Kalaari Capital and Private equity firm Multiples Alternate Asset Management","Private Equity","100000000.0"
"160","9/10/2018","MamaEarth","Healthcare","Online Marketplace For Mother and Babycare Products","Gurugram","Stellaris Ventures & Others","Private Equity","4000000.0"
"161","9/11/2018","AutoGrid","Technology","AI-Based Energy Optimisation and Control Provider","Bengaluru","CLP Holdings Group, Innogy, \\xc3\\x98rstead, and Tenaska","Private Equity","32000000.0"
"162","9/11/2018","Pharmeasy","Consumer Internet","Online Marketplace For Pharmaceutical Products","Mumbai","InnoVen Capital","Debt Funding","5500000.0"
"163","9/11/2018","Upwards","FinTech","Online Micro Lending Marketplace","Mumbai","Shunwei Capital,Quotient, Mayfield & Others","Private Equity","5000000.0"
"164","9/12/2018","Kissht","FinTech","Online lending Platform","Mumbai","Vertex Ventures Southeast Asia (SEA) and India and Sistema Asia Fund, Fosun RZ Capital, Ventureast, and Endiya Partners.\\n\\n","Private Equity","30000000.0"
"165","8/1/2018","dishq","Food-Tech","Personalisation Technology Firm Focusing On The Food And Beverage Industry","Bengaluru","Farm To Fork, Arts Alliance, The Syndicate Fund, Sven Hensen, Zeroth and Artesian Venture Partners","Seed/ Angel Funding","400000.0"
"166","8/1/2018","HealthFin","Finance","Patient Financing Platform","Pune","Axilor, Sprout Venture Partners and others","Seed/ Angel Funding",""
"167","8/2/2018","Samosa Labs","Consumer Internet","Social Media and Chat Entertainment Platform","Hyderabad","Xiaomi and Sequoia Capital India","Private Equity","7000000.0"
"168","8/3/2018","ZiffyHomes","Consumer Internet","Online Home Rental Marketplace","Gurugram","Y Combinator","Private Equity","120000.0"
"169","8/7/2018","My OmNamo","Consumer Internet","Holy Platform Offering Customised Puja Packages To Individuals and Corporates","Mumbai","Unknown","Seed/ Angel Funding","1000000.0"
"170","8/7/2018","ShopX","Consumer Internet","Assisted E-commerce Platform","Bengaluru","Fung Strategic Holdings","Private Equity","35000000.0"
"171","8/7/2018","MakeMyTrip","Consumer Internet","Online Travel Aggregator","Gurugram","MakeMyTrip Limited","Private Equity","10000000.0"
"172","8/8/2018","Hansel io","Consumer Internet","Real-time Mobile App Management","Bengaluru","Vertex Ventures","Seed/ Angel Funding","4000000.0"
"173","8/8/2018","Metro Bikes","Consumer Internet","Online Bike Rental Marketplace","Bengaluru","Sequoia Capital India Advisors, Accel Partners and G Raghunandan","Private Equity","12200000.0"
"174","8/8/2018","Phone Pe","Consumer Internet","UPI Payments App","Bengaluru","Flipkart","Private Equity","66000000.0"
"175","8/9/2018","quizizz","EdTech","e-learning Platform","Bengaluru","Nexus Venture Partners, Prime Venture Partners and Others","Seed/ Angel Funding","3000000.0"
"176","8/9/2018","Happy EMI","FinTech","Consumer Financing Platform","Bengaluru","AJ Ventures and Jain International Trade Organisation (JITO)","Seed/ Angel Funding","1000000.0"
"177","8/13/2018","Inthree","Consumer Internet","Rural E-commerce Platform","Chennai","Ventureast, Orios Venture Partners and the IAN Fund","Seed/ Angel Funding","4000000.0"
"178","8/13/2018","Observe AI","Technology","AI Based Solutions Platform","Bengaluru","Nexus Venture Partners, MGV, Liquid 2 Ventures, Hack VC, Emergent Ventures and Y Combinator","Private Equity","8000000.0"
"179","8/16/2018","Enakshi","Consumer Internet","AI Based Solutions Platform","Ahmedabad","Unknown","Seed/ Angel Funding","114811.0"
"180","8/17/2018","EazyDiner","Consumer Internet","Online Restaurant Table Reservation Platform","Gurugram","Denlow Investment Trust and Beenext","Private Equity","5850000.0"
"181","8/20/2018","Finzy","Finance","Online Loan Matchmaking Platform","Bengaluru","Unknown","Seed / Angel Funding","1000000.0"
"182","8/20/2018","RawPressery","Consumer Internet","Online Organic Juice Delivery Service","Mumbai","Alteria Capital","Debt Funding","4800000.0"
"183","8/22/2018","Pi Ventures","Technology","Applied Artificial Intelligence and IoT focused\\xc2\\xa0Platform","Bengaluru","CDC Group plc\\xc2\\xa0","Private Equity","6000000.0"
"184","8/22/2018","Revv","Consumer Internet","Online Indian Car Rental Platform","Gurugram","Hyundai, Edelweiss and Beenext, Dream Incubator, Sunjay Kapoor and Telama Investment","Private Equity","14270000.0"
"185","8/26/2018","ZestMoney","Consumer Internet","Online Lending Platform","Bengaluru","Xiaomi,PayU, Ribbit Capital and Omidyar Network","Private Equity","13400000.0"
"186","8/26/2018","Shubh Loans","FinTech","\\xc2\\xa0Customer Sourcing Platform\\xc2\\xa0","Bengaluru","Saama Capital, SRI Capital, Beenext, and Pravega Ventures","Private Equity","4200000.0"
"187","8/27/2018","MyUpchar","Healthcare","Local Language Health Content App","New Delhi","Nexus Venture Partners, Omidyar Network and Shunwei Capital","Private Equity","5000000.0"
"188","8/28/2018","Narvar","Information Technology","Post-Purchase Customer Engagement Platform\\xc2\\xa0","Bengaluru","Accel (formerly known as Accel Partners)","Private Equity","3000000.0"
"189","8/30/2018","True North","Finance","Private Equity Firm","Mumbai","Unknown","Private Equity","600000000.0"
"190","7/1/2018","Leena AI","Technology","HR Virtual Agent For Employees","Gurugram","Y Combinator","Seed/ Angel Funding",""
"191","7/2/2018","Biryani By Kilo","Consumer Internet","Online Food Delivery","Gurugram","Ajay Relan and Vinay Mittal","Seed/ Angel Funding","1000000.0"
"192","7/4/2018","Anchanto","Information Technology","E-commerce Fulfilment Platform","Pune","MDI Ventures & Telkom Indonesia","Private Equity","4000000.0"
"193","7/5/2018","Loan Tap","Consumer Internet","Online Lending Platform For Salaried Professionals","Mumbai","Shunwei Capital, Tuscan Ventures, Ashish Goenka, VC firms India Quotient and Kae Capital","Private Equity","6250000.0"
"194","7/6/2018","PolicyBazaar","Consumer Internet","Online Insurance Selling Platform","Gurugram","Info Edge (India) Ltd and Temasek","Private Equity","27700000.0"
"195","7/9/2018","zippserv","Consumer Internet","Online Platform For Risk-Assessment Services For Real Estate Investments","Bengaluru","Info Edge (India) Ltd","Seed/ Angel Funding","440000.0"
"196","7/9/2018","Groww","Consumer Internet","Online Platform That Sells Direct Plans Of Mutual Funds","Bengaluru","Insignia Ventures Partners, Lightbridge Partners & Kairos","Seed/ Angel Funding","1100000.0"
"197","7/10/2018","Avenue Growth","Consumer Internet","Online Platform That Connects Brands With Freelance Sales Professionals","Gurugram","Avtar Monga, chief operating office at IDFC Bank, Aditya Malik & Others","Seed/ Angel Funding","437000.0"
"198","7/10/2018","iNICU","Healthcare","Med-tech Platform Providing Care For Newborns","New Delhi","Venture Catalysts","Seed/ Angel Funding",""
"199","7/10/2018","Kinara Capital","Finance","Lending Platform For Micro and Small Enterprises","Bengaluru","ResponsAbility","Private Equity","5000000.0"
"200","7/10/2018","Shop 101","Consumer Internet","Mobile Storefront And Commerce Platform For Sellers","Mumbai","Stellaris Venture Partners, Vy Capital, Raghunandan G, and Ramakant Sharma","Private Equity","5000000.0"
"201","7/11/2018","Sambandh","Consumer Internet","Online Micro Lending Platform","Rourkela","Base of Pyramid Asia (BOPA) Pte Ltd","Private Equity","2500000.0"
"202","7/12/2018","19th mile","Information Technology","Artificial intelligence-based sales acceleration software platform","Gurugram","Rishi Vasudev, Excelsior Investments, Ritesh Vohra, Praveer Kumar, Prashant Gupta and Others","Seed/ Angel Funding","180000.0"
"203","7/12/2018","5th Vital","Healthcare","Home diagnostics services provider","Bengaluru","Brand Capital and Others","Seed/ Angel Funding","500000.0"
"204","7/13/2018","MEngage","Healthcare","A Doctor-Patient Engagement Platform","Jaipur","Siddharth Agarwal, Mahavir Sharma, Amit Singal, 100 Co-founders Lab and others.","Seed/ Angel Funding","175000.0"
"205","7/17/2018","Ofbusiness","Finance","Online Lending Platform For SME","Gurugram","Creation Investments, Falcon Edge, Matrix Partners India and Zodius Capital","Private Equity","29000000.0"
"206","7/17/2018","Cars24","Consumer Internet","Online Used Car Marketplace","Gurugram","Kingsway FCI Fund, KCK Global & Others","Private Equity","49700000.0"
"207","7/18/2018","The Ken","Consumer Internet","Subscription-Only News Website","Bengaluru","Omidyar Network & Others","Seed/ Angel Funding","1500000.0"
"208","7/19/2018","Book My Show","Consumer Internet","Online Ticketing Platform","Mumbai","TPG Growth, The Rise Fund & Others","Private Equity","100000000.0"
"209","7/20/2018","HousingMan","Consumer Internet","Property Discovery Platform","Bengaluru","Unknown","Seed/ Angel Funding","1500000.0"
"210","7/21/2018","PaySense","Consumer Internet","Online Consumer Lending Platform","Mumbai","PayU & Others","Private Equity","18000000.0"
"211","7/23/2018","Yulu Bikes","Technology","Bicycle-Sharing Platform","Bengaluru","Unknown","Seed/ Angel Funding",""
"212","7/23/2018","VTION","Technology","Media Analytics","Gurugram","AngelList, Rahul Khanna, Rajeev Arora and Ram Ramsundar.","Seed/ Angel Funding","280000.0"
"213","7/23/2018","Log9 Materials","Technology","Nanotechnology Company Specializing In Graphene","Bengaluru","Metaform Ventures, Hemant Luthra, Micro venture capital firm GEMS Partners and Others","Seed/ Angel Funding","436000.0"
"214","7/24/2018","kidovators","EdTech","Skill Learning Platform","Bengaluru","Gray Matters","Seed/ Angel Funding","180000.0"
"215","7/24/2018","Digit","Consumer Internet","Online Insurance Startup","Pune","Fairfax","Private Equity","45000000.0"
"216","7/25/2018","Black Soil","Finance","Non-Banking Financial Company","Mumbai","Allcargo Logistics, Navneet Education and Mahavir Agency","Private Equity","17000000.0"
"217","7/25/2018","Trell","Consumer Internet","Mobile-First Video Blogging App","Bengaluru","BeeNext , WEH Ventures and Sprout Ventures","Seed/ Angel Funding","1250000.0"
"218","7/25/2018","iqlect","Technology","Data Analytics Firm","Bengaluru","Ventureast and Exfinity","Seed/ Angel Funding","2500000.0"
"219","7/26/2018","Entropik","Information Technology","Software-As-A-Service Platform","Bengaluru","Bharat Innovation, IDFC-Parampara Capital, Arthavida Ventures, Jitendra Gupta & Others","Seed/ Angel Funding","1100000.0"
"220","7/26/2018","Bitla Software","Technology","Travel-Focused Tech Startup","Bengaluru","MakeMyTrip","Private Equity",""
"221","7/26/2018","TheCapitalNet","FinTech","Unified Global Investments Ecosystem","Hyderabad","Lindwall Family Investments LLC (LFI)","Private Equity","500000.0"
"222","7/30/2018","Shuttl","Consumer Internet","Bus Aggregation Platform","Gurugram","Amazon Alexa Fund & Dentsu Ventures","Private Equity","11000000.0"
"223","7/30/2018","Cure Fit","Consumer Internet","Health and fitness Platform","Bengaluru","IDG Ventures, Accel Partners, Kalaari Capital and Others","Private Equity","120000000.0"
"224","7/31/2018","Five Star Group","FinTech","Non-Bank Lending Platform For SME","Chennai","TPG, Norwest Venture Partners, Sequoia Capital & Matrix Partners","Private Equity","100000000.0"
"225","7/31/2018","Healthsignz","Healthcare","Health and Well being Platform","Hyderabad","Kantilal Patel","Seed/ Angel Funding","5000000.0"
"226","6/1/2018","CoinTribe","Finance","Credit-Based Lending Marketplace For Small And Medium Enterprises","Gurugram","Sabre Partners, Puneet Dalmia & Others","Private Equity","10000000.0"
"227","6/4/2018","Digiconectt","Technology","Sales Analytics and Enablement Platform","Bengaluru","Aspire Logistics LLC","Seed/ Angel Funding","125000.0"
"228","6/4/2018","Kashmir Box","E-Commerce","Online Marketplace For Handicrafts, Handlooms And Local Produce","Srinagar","Bhairavi Jani, Alok Divatia, Namrata Kaul, Sohail Hashemi, Aijaz Saleem","Seed/ Angel Funding",""
"229","6/5/2018","Crowdera","Finance","Online Crowdfunding Platform","Nagpur","Anil Advani, Pramod Jain, Amrendra Reddy and Manish Satnaliwala.","Seed/ Angel Funding",""
"230","6/5/2018","Zoctr","Healthcare","Online Healthcare Aggregator","Mumbai","NB Ventures and Others","Seed/ Angel Funding",""
"231","6/7/2018","Annapurna Finance","Finance","Non-Banking Financial Company","Bhubaneswar","Oman India Joint Investment Fund (OIJIF)","Private Equity","23000000.0"
"232","6/7/2018","Meesho","Consumer Internet","Online Marketplace For Resellers","Bengaluru","Sequoia Capital India, SAIF Partners, Y Combinator and Venture Highway","Private Equity","11500000.0"
"233","6/10/2018","AyeFinance","Finance","Online Lending Platform","Gurugram","CapitalG, SAIF Partners and LGT Impact Ventures","Private Equity","21500000.0"
"234","6/11/2018","Theranosis","Healthcare","Specialised diagnostics Platform","Hyderabad","Mumbai Angels Network","Seed/ Angel Funding",""
"235","6/12/2018","Alpha Capital","Finance","Supplychain Finance","Mumbai","Alpha Capital","Private Equity","14800000.0"
"236","6/12/2018","eshakti","E-Commerce","Fashion e-tailer","Chennai","Paragon Partners","Private Equity","10100000.0"
"237","6/12/2018","Daily Ninja","Consumer Internet","Hyperlocal Delivery Platform","Bengaluru","Saama Capital and Sequoia Capital","Seed/ Angel Funding","3000000.0"
"238","6/13/2018","NirogStreet","Healthcare","An Online Platform That Connects Ayurveda Doctors With Patients","Gurugram","Spiral Ventures, Subho Ray and Samir Kumar","Seed/ Angel Funding","300000.0"
"239","6/13/2018","Nivesh","Finance","Mass Market Mutual Fund Investment Platform","Noida","LetsVenture, Rajan Anandan, Basab Pradhan, Vivek Khare and Bijoy George","Seed/ Angel Funding","450000.0"
"240","6/13/2018","What\\xe2\\x80\\x99s Up Life","Consumer Internet","A Local Discovery App For Dining-Out, Party, Leisure and Events","Gurugram","Rannvijay Singha","Seed/ Angel Funding",""
"241","6/14/2018","HomeLane","Consumer Internet","Online Home Furnishing Solutions","Bengaluru","Brand Capital","Seed/ Angel Funding","3450000.0"
"242","6/14/2018","Network Intelligence","Technology","Cybersecurity Specialist","Mumbai","Helix Investments","Private Equity","4800000.0"
"243","6/18/2018","Tynor Othontics","Healthcare","Prosthetics Manufacturers","Chandigarh","Lighthouse Funds & Thuasne Participations","Private Equity","21000000.0"
"244","6/18/2018","Elucidata","Information Technology","Data Analytics (SaaS)","Delhi & Cambridge","Hyperplane Venture Capital and several angel investors","Seed/ Angel Funding","1700000.0"
"245","6/19/2018","Chrysalis","EdTech","Education Services Provider","Pune","Menterra Venture & Artha Initiatives","Seed/ Angel Funding",""
"246","6/19/2018","RentSher","Consumer Internet","Online Rental Marketplace","Bengaluru","Shorooq Investments, LetsVenture & Others","Seed/ Angel Funding","1100000.0"
"247","6/20/2018","Drip capital","Finance","Trade Finance Firm","Mumbai","Accel Partners, Sequoia India, Y Combinator and others.","Private Equity","15000000.0"
"248","6/22/2018","WickedRide","Consumer Internet","Online Motorbike And Scooter Rental Platforms","Bengaluru","Sequoia Capital, Accel Partners & Raghunandan Gangappa","Private Equity","9100000.0"
"249","6/25/2018","PolicyBazaar","Consumer Internet","Online Insurance Selling Platform","Gurugram","SoftBank Vision Fund & Info Edge (India) Ltd","Private Equity","200000000.0"
"250","6/25/2018","HipBar","Consumer Internet","Digital Payment Platform For Beverage Delivery","Bengaluru","Diageo India","Private Equity","4000000.0"
"251","6/25/2018","Sqqrl","Finance","App-based investment platform","Gurugram","Equanimity Venture Fund","Seed/ Angel Funding","1000000.0"
"252","6/26/2018","Paytm","Technology","Digital Payment Platform","Noida","One 97 Communications","Private Equity","8950000.0"
"253","6/26/2018","Sigtuple","Healthcare","Data Driven Intelligence Solutions Platform","Bengaluru","Accel Partners, IDG Venture, Endiya Partners, pi Ventures, VH Capital, Axilor Ventures and Binny Bansal","Private Equity","19000000.0"
"254","6/27/2018","Wow Express","Technology","E-commerce Logistics Platform","Mumbai","Undisclosed Existing Investors As Well As The Tamarind Family Trust","Private Equity","4500000.0"
"255","6/28/2018","Front Desk AI","Technology","An AI Platform Offering Automated Customer Service Software","Bengaluru","Speciale Invest & Others","Seed/ Angel Funding","1100000.0"
"256","6/28/2018","Edureka","EdTech","Online Education Platform","Bengaluru","Leo Capital","Seed/ Angel Funding","2000000.0"
"257","6/29/2018","Numeroseven","Technology","An Artificial Intelligence-Based Recruitment Platform","Kolkata","Shiva Gunapu & Others","Seed/ Angel Funding",""
"258","5/2/2018","OpenTap","Finance","Online Lending Platform","Chennai","Unknown High Net-Worth Individuals","Seed / Angel Funding","450000.0"
"259","5/2/2018","Bizongo","Consumer Internet","Aggregator For Packaging Material","Mumbai","B Capital, International Finance Corporation (IFC), Accel Partners and IDG Ventures","Private Equity","22000000.0"
"260","5/3/2018","Disprz","Information Technology","SaaS","Chennai","IL&FS Private Equity, Kae Capital & Others","Seed / Angel Funding","2500000.0"
"261","5/7/2018","PaisaDukan","Consumer Internet","P2P Lending Platform","Mumbai","Unknown","Seed / Angel Funding","225000.0"
"262","5/9/2018","i3sysytems","Technology","AI product company For Health and Life Insurane Companies","Mumbai","Unitus Ventures, Behram Vakil and Jerxis Vandrevala","Seed / Angel Funding","1000000.0"
"263","5/11/2018","Earth Food","Consumer Internet","Agri-tech","Pune","Rairah Corporation","Seed / Angel Funding","949000.0"
"264","5/14/2018","Nykaa","Consumer Internet","Beauty e-tailer","Mumbai","Sunil Munjal, Harsh Mariwala, Dalip Pathak and Others","Private Equity","24000000.0"
"265","5/16/2018","mfine","Healthcare","Doctor-Consultation App","Bengaluru","Prime Venture Partners, Stellaris Venture Partners and Mayur Abhaya Srisrimal","Private Equity","4200000.0"
"266","5/21/2018","Rocketium","Technology","Online Video Creation Platform","Bengaluru","Blume ventures","Seed/ Angel Funding","300000.0"
"267","5/21/2018","MilkBasket","Technology","Micro-Delivery Grocery Startup","Gurugram","Kalaari Capital, Unilever Ventures and Blume Ventures","Private Equity","7000000.0"
"268","5/22/2018","Vola","Finance","Micro Lending Platform","Bengaluru","Credika and unnamed angel investors","Seed/ Angel Funding","500000.0"
"269","5/22/2018","Cashkumar","Consumer Internet","P2P Lending Platform","Bengaluru","LetsVenture","Seed/ Angel Funding","735000.0"
"270","5/23/2018","Edyoo","E-Commerce","Products For Shoolgoing Children","Bengaluru","RS Shanbag","Seed/ Angel Funding","735000.0"
"271","5/23/2018","Aashiyaan","Finance","Housing Finance For Low-Income Families","Kolkata","Insistor, Oikocredit","Seed/ Angel Funding","2000000.0"
"272","5/24/2018","Smartivity","EdTech","Designer Of Toys and Learning Projects For Kids","New Delhi","Ashish Kacholi, S Chand Group","Seed/ Angel Funding","2000000.0"
"273","5/24/2018","Bonphulapl","Clean-tech","Oxygen Optimiser Manufacturer","New Delhi","Atul Gupta and Saurabh Rastogi","Seed/ Angel Funding","293000.0"
"274","5/27/2018","Acko","Consumer Internet","Online Insurance Platform","Mumbai","Amazon, Ashish Dhawan, Catamaran Ventures, NR Narayana Murthy.","Seed/ Angel Funding","12000000.0"
"275","5/28/2018","HWell24","Healthcare","Home Healthcare Aggregator","Mumbai","Prashant Mehta, Mitali Pawar, Nikhil G and Bhavesh P, R Ranganathan, ONCOTRUST and Medintel Services Pvt. Ltd","Seed/ Angel Funding","200000.0"
"276","5/29/2018","Toffee","Consumer Internet","Online Insurance Platform","Gurugram","Kalaari Capital, Omidyar Network and Accion Venture Labs","Seed/ Angel Funding","1500000.0"
"277","5/29/2018","Tonetag","Technology","Mobile Payments Technology Platform","Bengaluru","Amazon Inc. and Mastercard","Private Equity","8000000.0"
"278","5/30/2018","Events High","Consumer Internet","Events and Activities Discovery Platform","Bengaluru","Treebo","Private Equity",""
"279","5/30/2018","Stellaps","Technology","Iot Application Platform In Agriculture","Bengaluru","IndusAge Partners, Bill & Melinda Gates Foundation, Qualcomm Venture, ABB Technology Ventures, Omnivore, Blume Ventures, Venture Highway and BEENEXT","Private Equity","14000000.0"
"280","5/31/2018","Credright","Consumer Internet","Lending Platform For SMEs","Hyderabad","Accion Venture Lab, YourNest Venture Capital And Other Angel Investors","Seed/ Angel Funding","1300000.0"
"281","4/2/2018","Fitternity","Consumer Internet","Online Fitness Discovey Platform","Mumbai","Exfinity Venture, Saha fund Partners, Arihant Patni of Patni Family Office, Anjali Bansal, Shardul Amarchand Mangaldas, Satish Khanna and Taparia family office.","Private Equity","2000000.0"
"282","4/2/2018","Synctag","Technology","Social Media Anlaytics Platform","Coimbatore","Subhkam Ventures and Mohit Khadaria","Seed / Angel Funding","307600.0"
"283","4/2/2018","Benepik","Technology","Enhanced Employee Engagement Platform","Gurugram","Vishal Bali, Yogesh Misra, Thomas Assessments and others","Seed / Angel Funding",""
"284","4/2/2018","Finzy","Consumer Internet","Online Loan Matchmaking Platform","Bengaluru","Unknown","Seed / Angel Funding","1300000.0"
"285","4/4/2018","Varthana","Finance","Loans and Services To Affordable Private Schools in India","Bengaluru","ChrysCapital, Existing investors, Elevar Equity, LGT Impact, Omidyar Network and Kaizen Private Equity also participated in the round","Private Equity","55000000.0"
"286","4/5/2018","IndigoLearn","EdTech","Online Education Platform","Hyderabad","Maheshwar Peri, founder and chairman of career information portal Careers360, and Jamshed Jeejeebhoy, director at Byramjee Jeejeebhoy Pvt. Ltd were among the angels","Seed / Angel Funding","150000.0"
"287","4/5/2018","Vedantu","EdTech","Interactive Online Tutoring Platform","Bengaluru","Accel Partners, Tiger Global And Others","Private Equity","10000000.0"
"288","4/9/2018","Kaleidofin","Finance","Digital Financial Services Platform","Chennai","Omidyar Network. Blume Ventures and Professor Shlomo Ben-Haim","Seed / Angel Funding","2800000.0"
"289","4/9/2018","Pipabella","Consumer Internet","Fashion Accessories Etailer","Mumbai","Fireside Ventures","Seed / Angel Funding","1000000.0"
"290","4/9/2018","Elemential","Technology","Blockchain Platform","Mumbai","Matrix Partner, Amrish Rau, Investopad, Digital Currency Group, Hinduja Group, Lightspeed India, Eight Innovate, Amit Ranjan, Prashant Malik and others","Seed / Angel Funding",""
"291","4/9/2018","Kriger Campus","EdTech","Mobile-Based Education Network","New Delhi","Unknown","Seed / Angel Funding","46140.0"
"292","4/10/2018","Loanzen","Finance","Digital Lending Platform In Logistics","Bengaluru","Kae Capital Management","Seed / Angel Funding",""
"293","4/10/2018","TravelTriangle","Consumer Internet","Online Travel Marketplace","Gurugram","Fundamentum, SAIF Partners, Bessemer Venture Partners, RB investments & Others","Private Equity","12000000.0"
"294","4/12/2018","Letsmd","Healthcare","Platform To Discover Healthcare Financing Options","New Delhi","SRI Capital, Waterbridge Ventures and ThinKuvate","Seed / Angel Funding","1000000.0"
"295","4/12/2018","AyeFinance","Finance","Online Lending Platform","Gurugram","BlueOrchard Finance Ltd, Hinduja Leyland Finance and IntelleGrow","Debt Funding","4600000.0"
"296","4/13/2018","mintifi","Finance","Online Lending Platform","Mumbai","Lok Capital","Seed / Angel Funding","2000000.0"
"297","4/16/2018","icanstay","Consumer Internet","Online Platform For Luxury Hotel Stay For Business Travelers","New Delhi","Mr. Manoj Prasad","Seed / Angel Funding","500000.0"
"298","4/16/2018","Pregbuddy","Healthcare","Connected Care App For Pregnant Women","Bengaluru","Rajan Anandan, Madhusudhan Kannan, Jayant Kadambi, Puneet Gupta and Pradeep K Jaisingh","Seed / Angel Funding",""
"299","4/18/2018","Coverfox","Consumer Internet","Online Insurance Aggregator","Mumbai","International Finance Corporation, Transamerica and others.","Private Equity","22000000.0"
"300","4/19/2018","Lenskart","Consumer Internet","Online Eyewear Retailer","Faridabad","TR Capital","Private Equity",""
"301","4/19/2018","mamaearth","Healthcare","Online Baby care Products","Gurugram","Shilpa Shetty Kundra","Private Equity",""
"302","4/19/2018","Fyle Technologies","Technology","AI Based Expense Management Platform","Bengaluru","Pravega Ventures and Beenext","Seed / Angel Funding","1100000.0"
"303","4/19/2018","True Balance","Technology","Mobile Balance Checking App","Gurugram","Line Ventures Corporation, Line Corp, Naver, Shinhan Bank and TS Investment","Private Equity","23000000.0"
"304","4/22/2018","Visit","Healthcare","AI Driven Health tech Platform","New Delhi","Biz Stone, Kunal Bahl, Rohit Bansal, Alagu Periyannan and Karthee Madasamy","Private Equity",""
"305","4/22/2018","Doxper","Healthcare","Digitized Health-Tech Solutions For Practitioners","Mumbai","Vidal Healthcare","Seed / Angel Funding","1900000.0"
"306","4/22/2018","Nykaa","Consumer Internet","Beauty e-tailer","Mumbai","Sunil Munjal, Harsh Mariwala, Dalip Pathak and Others","Private Equity","11000000.0"
"307","4/23/2018","Mihuru","Finance","Online Platform Providing Micro Loans For Air Travel","Mumbai","Unknown","Seed / Angel Funding","150000.0"
"308","4/23/2018","Capital Float","Finance","Online Lending Platform","Bengaluru","Amazon","Private Equity","22000000.0"
"309","4/25/2018","Trip shelf","Consumer Internet","Online Travel Marketplace","New Delhi","GEMS Advisory, Alok Mittal and Sachin Bhatia","Seed / Angel Funding","246000.0"
"310","4/26/2018","POPxo","Technology","Women Focussed Digital Media Platform","New Delhi","Neoplux, OPPO, IDG Ventures India, Kalaari Capital, GREE Ventures and Summit Media","Private Equity","5500000.0"
"311","4/26/2018","RailYatri","Consumer Internet","Online Travel Ticketing Platform","Noida","Omidyar Network, Nandan Nilekani, Blume Ventures, Helion Venture Partners","Private Equity",""
"312","4/27/2018","1mg","Consumer Internet","Online Pharmacy Store","Gurugram","Sequoia Capital, Maverick Capital Ltd and HBM Healthcare Investments Ltd","Private Equity","10000000.0"
"313","4/29/2018","Rubique","Consumer Internet","Online Lending MarketPlace","Mumbai","Emery Capital, Blacksoil and Kalaari Capital","Private Equity",""
"314","4/30/2018","Samco","Consumer Internet","Online Stock Broker","Mumbai","Bay Capital Investments and Others","Private Equity","7500000.0"
"315","4/30/2018","MyLoanCare","Finance","B2C Online Loans Marketplace","Gurugram","SAR Group","Seed / Angel Funding","978000.0"
"316","3/1/2018","PharmEasy","Consumer Internet","Online Pharmacy Store","Mumbai","Bessemer Venture Partners and Orios Venture Partners, JM Financials and MEMG","Private Equity",""
"317","3/1/2018","Buddy4studdy","Consumer Internet","Online Scholarship Portal","Noida","CBA Capital and others","Private Equity","3000000.0"
"318","3/1/2018","Urban Ladder","E-Commerce","Online Furniture Store","Bengaluru","Sequoia Capital, SAIF Partners and Kalaari capital","Private Equity","12000000.0"
"319","3/3/2018","Kuvera","Consumer Internet","Online Financial Planning","Bengaluru","Baskar Subramanian, Saket Kumar, Gaurav Suri and Ankit Kesarwani","Seed / Angel Funding","250000.0"
"320","3/4/2018","Gramophone","Technology","Agri-tech","Indore","InfoEdge","Seed/Angel Funding","1000000.0"
"321","3/5/2018","Wellthy","Healthcare","Therapeutics","Mumbai","Ranjan Pai, Apoorva Patni, Beenext Ventures,GrowX Ventures","Private Equity","2100000.0"
"322","3/5/2018","MedGenome","Healthcare","Genetic Screening, DNA Diagnostics Labs & Research Centers","Bengaluru","HDFC Life, HDFC Asset Management","Private Equity","10000000.0"
"323","3/5/2018","Finova Capital","Consumer Internet","Online Lending","Jaipur","Sequoia Capital","Private Equity","6000000.0"
"324","3/5/2018","Hotelogix","Technology","Cloud based Online Hotel Management Software","Noida","Vertex Ventures, Accel Partners and Saama Capital","Private Equity","5000000.0"
"325","3/4/2018","Livehealth","Consumer Internet","Health Service Aggregator Platform","Pune","Nexus Venture Partners","Seed / Angel Funding","1100000.0"
"326","3/6/2018","Ad2pro","Technology","Creative Design, Brand, Media and Technology Platform Solutions","Chennai","Avendus Finance Pvt. Ltd","Debt Funding","9700000.0"
"327","3/6/2018","Coverfox","Consumer Internet","Online Insurance Aggregator","Mumbai","Aegon NV","Private Equity","7600000.0"
"328","3/8/2018","Pepperfry","Consumer Internet","Online Furniture Shopping Store","Mumbai","State Street Global Advisors","Private Equity","38400000.0"
"329","3/8/2018","Magicpin","Consumer Internet","Hyperlocal Discovery","Gurugram","Trifecta Capital","Debt Funding","1000000.0"
"330","3/12/2018","HealthCare","Consumer Internet","Healthcare Aggregator","Mumbai","HR Fund","Seed / Angel Funding","1000000.0"
"331","3/13/2018","PineLabs","Technology","Digital Payment Platform","Mumbai","Actis, Altimeter Capital","Private Equity","82000000.0"
"332","3/14/2018","Stumagz","Consumer Internet","Online Communication and Collaboration Platform For Educational Institutions","Hyderabad","Venkat Subramanian, Sudhakar Pennam, and other tech investors from Silicon Valley","Seed / Angel Funding",""
"333","3/14/2018","AvailFinance","Consumer Internet","Online Lending Platform","Bengaluru","Matrix Partners, Bhavish Aggarwal, Ankit Bhati, Binny Bansal, Kunal Shah and Manish Patel.","Private Equity","17200000.0"
"334","3/15/2018","Grofers","Consumer Internet","Online Grocery Shop","Gurugram","SoftBank, Tiger Global and Apoletto Managers.","Private Equity","62000000.0"
"335","3/19/2018","Fingerlix","Consumer Internet","Ready To cook Food Solution","Mumbai","Alteria Capital","Debt Funding","1310000.0"
"336","3/19/2018","Karma Healthcare","Healthcare","Technology enabled equitable healthcare for India","Udaipur","1Crowd, Ankur Capital","Seed / Angel Funding","500000.0"
"337","3/19/2018","Zappfresh","Food & Beverage","Online Raw Meat E-tailer","Gurugram","Amit Burman, SIDBI Venture Capital","Seed / Angel Funding","3000000.0"
"338","3/19/2018","CustomerSucessBox","Technology","Customer Success Software for B2B SaaS","Gurugram","Pi Ventures, Axilor Ventures","Seed / Angel Funding","1000000.0"
"339","3/20/2018","One Labs","Consumer Internet","Consumer Technology and Artificial Intelligence Based Aggregator App","Unknown","Micromax Informatics Ltd","Private Equity",""
"340","3/21/2018","GigIndia","Consumer Internet","Micro Jobs Provider For Students","Pune","Jessica Wong, Hiro Mashita, Xue Manzi and Yiyun Zhang.","Seed / Angel Funding",""
"341","3/22/2018","Chargebee","Technology","Subscription Billing & Recurring Payments Software","Chennai","Insight Venture Partners, Accel Partners and Tiger Global Management.","Private Equity","18000000.0"
"342","3/22/2018","i2i Funding","Consumer Internet","Online loan platform","Noida","SucSEED Venture Partners","Seed / Angel Funding","768000.0"
"343","3/22/2018","Slang Labs","Technology","Voice-based assistant platform","Bengaluru","Endiya Partners","Seed / Angel Funding","1240000.0"
"344","3/22/2018","UrbanPiper","Technology","Online ordering solution for restaurants and food chains","Bengaluru","Kumar Vembu, Axilor Ventures","Seed / Angel Funding",""
"345","3/26/2018","Cash Suvidha","Consumer Internet","Online loan platform","New Delhi","Initia Holdings,Vipin Agarwal and others.","Seed / Angel Funding","1000000.0"
"346","3/28/2018","Roadcast","Technology","Fleet management and asset monitoring platform","New Delhi","Unknown","Private Equity","250000.0"
"347","3/28/2018","Smartcoin","Finance","Micro lending company","Bengaluru","Accion Venture Lab, Unicorn India Ventures and ISME ACE.","Seed / Angel Funding","2000000.0"
"348","3/27/2018","The Print","Media","News portal","New Delhi","Ratan Tata","Seed / Angel Funding","535000.0"
"349","3/27/2018","DriveU","Technology","Professional Car Drivers Hiring App","Bengaluru","Amit Singhal and Unitus Seed Fund","Private Equity","3000000.0"
"350","3/29/2018","Fynd","Consumer Internet","O2O fashion ecommerce platform","Mumbai","Google, Kae Capital, IIFL, Singularity Ventures, GrowX, Tracxn Labs, Venture Catalyst, Patni family office and Axis Capital.","Seed / Angel Funding",""
"351","2/1/2018","BigBasket","Consumer Internet","Online Grocery & Food Store","Bengaluru","Alibaba, Helion Venture Partners, Bessemer Venture Partners, Ascent Capital","Private Equity","300000000.0"
"352","2/1/2018","Zomato","Food & Beverage","Food Ordering and Restaurant Discovery","Gurugram","Ant Financials","Private Equity","200000000.0"
"353","2/5/2018","Pratilipi","Publishing","E-Publishing","Bengaluru","Omidyar Network","Private Equity","4300000.0"
"354","2/5/2018","Asia Institute Of Medical Science","Healthcare","Super-specialty Hospital","Faridabad","CDC Group Plc","Private Equity","21000000.0"
"355","2/5/2018","CollegeDekho","Consumer Internet","Online platform for Higher Education Services","Gurugram","Man Capital LLP, Girnar Software, Others","Private Equity","2000000.0"
"356","2/6/2018","Foodmemories","Consumer Internet","Online Food Marketplace","Ahmedabad","Bhavesh Manglani, Suraj Saharan, Darshan Upadhyay, Sanjay Notani & Others","Seed funding",""
"357","2/6/2018","Healthi","Healthcare","Preventive Health Checkup","Bengaluru","Montane Ventures","Private Equity","3100000.0"
"358","2/7/2018","Swiggy","Food & Beverage","Online Food Delivery","Bengaluru","Naspers","Private Equity","100000000.0"
"359","2/8/2018","Shape","Healthcare","Online Portal for Diet,fitness and Beauty","Pune","Sandeep Mathur","Seed / Angle Funding","100000000.0"
"360","2/8/2018","Icertis","Consumer Internet","Enterprise Contract Management Platform","Pune","Meritech Capital Partners","Private Equity","50000000.0"
"361","2/9/2018","healthifyme","Healthcare","Mobile Weight Loss Coach","Bengaluru","Sistema Asia Fund","Private Equity","12000000.0"
"362","2/9/2018","MedTel","Healthcare","Virtual health clinics","Bhubaneswar","British and Indian Governments","Private Equity",""
"363","2/9/2018","Rupeek","Consumer Internet","Online Gold Loan","Bengaluru","Accel Partners, Sequoia Capital","Private Equity","6830000.0"
"364","2/9/2018","WebEngage","Technology","Marketing Cloud for consumer businesses","Mumbai","Social Capital","Private Equity",""
"365","2/12/2018","Lendingkart","Finance","Online Lending Platform","Bengaluru","Fullerton Financial Holdings Pte Ltd & Others","Private Equity","87000000.0"
"366","2/12/2018","Wydr","Consumer Internet","B2B Marketplace","Gurugram","Bessemer Venture Partners, Stellaris Venture Partners, Axis Capital, Singapore, Jungle Venture Partners","Private Equity",""
"367","2/12/2018","Cashify","E-Commerce","Online Selling","Gurugram","Trifecta Capital","Debt Funding","935089.0"
"368","2/13/2018","holachef","Food & Beverage","Online Food Delivery","Mumbai","Ashok Kumar Gajera","Seed / Angle Funding","311200.0"
"369","2/13/2018","Awaaz De","Technology","Mobile Solutions for Social Impact","Ahmedabad","Tribe Impact Capital LLP","Seed / Angle Funding",""
"370","2/13/2018","IMAX Program","EdTech","Individualised Progressive Learning Program","Bengaluru","Michael & Susan Dell Foundation, LGT Impact Ventures","Private Equity","13500000.0"
"371","2/14/2018","Littlemore","EdTech","Online Education Platform","Chennai","Kalpavriksh","Private Equity","3000000.0"
"372","2/14/2018","Toppr","EdTech","Online Education Platform","Mumbai","Axis Capital Partners","Private Equity","100000.0"
"373","2/14/2018","Shirsa Labs","EdTech","Integrated Kids Engagement Company","Mumbai","Dewang Neralla, Mahesh Kothurkar,Atul Agarwal","Private Equity","500000.0"
"374","2/14/2018","MoneyOnMobile","Technology","mobile payment platform","Mumbai","S7 Group","Private Equity","5000000.0"
"375","2/15/2018","PetSutra","Consumer Internet","Online Pet Care Products","Gurugram","Michael Patrick Hickey","Seed / Angel Funding","148434.0"
"376","2/15/2018","Infibeam","E-Commerce","Online Retailing","Ahmedabad","Network 18","Private Equity","6230000.0"
"377","2/16/2018","happay","Finance","Expense Management","Bengaluru","Sequoia and Jerry Yang","Seed / Angel Funding","250000.0"
"378","2/16/2018","Fincash","Finance","Fin-Tech","Mumbai","Mohammed Khan, Sameer Narayan & Others","Seed / Angel Funding","150000.0"
"379","2/19/2018","AyeFinance","Finance","Online Lending","Gurugram","Hinduja Leyland Finance, IntelleGrow","Private Equity","3800000.0"
"380","2/20/2018","Agricxlab","Agriculture","Agri-tech","Mumbai","Ankur Capital","Seed / Angel Funding","500000.0"
"381","2/21/2018","Udaan","E-Commerce","B2B Marketplace","Bengaluru","Lightspeed & Yuri Milner","Private Equity","50000000.0"
"382","2/21/2018","Capillary","Information Technology","SaaS","Bengaluru","Wargburg Pincus, Sequoia","Private Equity","20000000.0"
"383","2/21/2018","The Healthy Billions","Healthcare","Analytics","Gurugram","Blume Ventures, HealthQuad and Fireside Ventures","Private Equity","2100000.0"
"384","2/21/2018","HighRadius","Technology","Cloud-based Software","Hyderabad","PNC, Citi Ventures","Private Equity",""
"385","2/26/2018","Avishkaar Box","EdTech","Education","New Delhi","Auxano Deals","Private Equity","772500.0"
"386","2/26/2018","Planys Technologies","Technology","Robotic InspectionStartup","Chennai","Kris Gopalakrishnan, Pratithi Investment Trust, MEMG Family Office, S Gopal","Private Equity","1040000.0"
"387","2/27/2018","Lollypop","Technology","Digital Design","Bengaluru","Dr Devi Shetty","Seed / Angel Funding",""
"388","2/27/2018","Trilyo","Technology","AI platform for hospitality industry","Mumbai","Startup Buddy,Amit Manocha and others","Seed / Angel Funding","250000.0"
"389","2/28/2018","Gaana","Technology","Online Music Streaming","Gurugram","Tencent Holdings Ltd, Times Internet","Private Equity","115000000.0"
"390","2/28/2018","Credy","Information Technology","SaaS","Bengaluru","Y Combinator, Khosla Ventures, Vy Capital and others","Seed / Angel Funding","1400000.0"
"391","2/28/2018","Predible Health","Healthcare","Cancer radiology","Bengaluru","Unitus Seed Fund","Seed/Angel Funding",""
"392","1/2/2018","CleverTap","Technology","Mobile App Analytics","Mumbai","Recruit Holdings, Sequoia Capital India, Accel Partners","Angel / Seed Funding",""
"393","1/4/2018","EarlySalary","Finance","Online Lending","Pune","Eight Roads Ventures India","Private","15700000.0"
"394","1/5/2018","WOTU","E-Commerce","Food and Beverages","Bengaluru","Claris Capital, Mumbai Angels Network","Angel / Seed Funding",""
"395","1/8/2018","DAAKI","E-Commerce","Sports Nutrition Supplement etailer","Bengaluru","Rohan Agila","Angel / Seed Funding",""
"396","1/9/2018","Lendingkart","Finance","Online Lending","Ahmedabad","Nederlandse Financierings-Maatschappij voor Ontwikkelingslanden N.V.","Debt Funding","4700000.0"
"397","1/9/2018","Kinsane Entertainment Inc","Entertainment","Digital Entertainment for Children","Mumbai","Unknown","Seed/Angel Funding","2500000.0"
"398","1/10/2018","Tapzo","Technology","Personal Assistant","Bengaluru","RuNet & Other","Private Equity","1930000.0"
"399","1/10/2018","Appario Retail Pvt Ltd.","E-Commerce","Retail","New Delhi","Amazon-Patni JV","Private Equity","18840000.0"
"400","1/10/2018","Samunnati","Finance","Agricultural Loan","Chennai","responsAbility, Elevar Equity and Accel Partners","Private Equity","23500000.0"
"401","1/10/2018","Sahajanand Medical Technologies","Technology","Medical Devices","Surat","Morgan Stanley Private Equity Asia","Private Equity","36230000.0"
"402","1/12/2018","Kuants","Technology","Algorithmic Trading","Gurugram","Pankaj Chopra, Ankush Gupta","Angel / Seed Funding","80000.0"
"403","1/12/2018","Razorpay","Technology","Payment Gateway","Bengaluru","Tiger Global, Y Combinator","Private Equity","20000000.0"
"404","1/15/2018","Streak","Technology","Algorithmic Trading","Bengaluru","Indian fintech fund, Rainmatter","Angel / Seed Funding","354600.0"
"405","1/15/2018","pi Ventures","Finance","Venture Capital","Bengaluru","Sunil Kant Munjal, Hero Electronix\\xe2\\x80\\x99s corporate financing arm, Electronic Development Fund","Private Equity","25000000.0"
"406","1/15/2018","Newgen Software","Technology","IT","New Delhi","Goldman Sachs, hedge fund & Others","Private Equity","20000000.0"
"407","1/17/2018","Rubix","Technology","Education","Pune","Polaris Fund","Private Equity","1000000.0"
"408","1/18/2018","ShareChat","Technology","Social","Bengaluru","Xiaomi Singapore, Shunwei Capital","Private Equity","18200000.0"
"409","1/22/2018","Paperflite","Technology","IT","Chennai","The Chennai Angels","Angel / Seed Funding","400000.0"
"410","1/22/2018","HungerBox","Consumer Internet","Food and Beverages","Bengaluru","Lionrock Capital","Private Equity","2500000.0"
"411","1/22/2018","Skillate","Technology","Artificial Intellegence","Bengaluru","Incubate Fund India, Anuj Agrawal","Private Equity",""
"412","1/22/2018","OptaCredit","Finance","Alternative Lending","Chennai","DMI Finance","Private Equity","4000000.0"
"413","1/22/2018","AEON Learning","Technology","Education","Bengaluru","Dr. Ranjan Pai","Private Equity","3200000.0"
"414","1/23/2018","Milkbasket","E-Commerce","Online Grocery","Gurugram","Unilever Ventures","Private Equity","3000000.0"
"415","1/24/2018","NeoGrowth Credit","Finance","Digital Lending","Mumbai","LeapFrog Investments, Aspada Investment, Quona Capital","Private Equity","47000000.0"
"416","1/24/2018","Rao IIT Academy","Education","Coaching Services","Mumbai","Avendus Finance","Structured Debt","8600000.0"
"417","1/24/2018","Aye Finance","Finance","Online Lending","Gurugram","IFMR Capital","Term Loan","6240000.0"
"418","1/25/2018","Glassic","E-Commerce","Eyewear","Bengaluru","Chennai Angels, Lead Angels, LetsVenture","Angel / Seed Funding",""
"419","1/25/2018","GreyAtom","Technology","Education","Mumbai","Pravega Ventures","Private Equity","1000000.0"
"420","1/26/2018","Axio","Healthcare","Hemostatic Dressing Solutions","Bengaluru","RNT Capital","Private Equity","7400000.0"
"421","1/29/2018","eKincare","Healthcare","Technology","Hyderabad","Ventureast, Endiya Partners, Eight Roads Ventures, Touchstone Equities, BVR Mohan Reddy","Private Equity","1500000.0"
"422","1/29/2018","The Wedding Brigade","Consumer Internet","Online Services","Mumbai","Blume Ventures","Private Equity","1000000.0"
"423","1/30/2018","PeeSafe","Healthcare","Hygiene","Gurugram","Shivani Singh, Rahul Maroli, Mitesh Shah, Venture Catalysts, Alfa Capital, Green Shots Capital, Real Time Ventures.","Private Equity","1000000.0"
"424","1/30/2018","BrowserStack","Technology","Browser Testing","Mumbai","Accel Partners","Private Equity","50000000.0"
"425","1/30/2018","Scapic","Technology","Virtual Reality","Bengaluru","Axilor Ventures, Newfort Capital","Angel / Seed Funding","500000.0"
"426","1/30/2018","MoneyOnMobile","Technology","Mobile Payment Platform","Mumbai","Undisclosed Investors","Private Equity","7600000.0"
"427","1/30/2018","CureFit","Healthcare","Fitness","Bengaluru","HDFC Bank, Axis Bank","Debt Funding","10000000.0"
"428","1/31/2018","iNurture","Technology","Education Solutions","Bengaluru","Ventureast","Private Equity","4400000.0"
"429","12/1/2017","Strata Enviro","Technology","IoT based air pollution controller","Mumbai","Scale Minds","Private Equity",""
"430","12/5/2017","Dunzo","Technology","Daily Task Management Mobile App","Bengaluru","Google","Private Equity","12300000.0"
"431","12/5/2017","Tata Housing","Real Estate","Residential Project","Mumbai","Hines","Private Equity","23000000.0"
"432","12/5/2017","HandyTrain","Technology","Mobile Learning Management Platform","Goa","NB Ventures","Private Equity","1000000.0"
"433","12/5/2017","Mobycy","Technology","Bicycle sharing Platform","Gurugram","Undisclosed Investors","Seed/Angel Funding","500000.0"
"434","12/6/2017","Greenlight Planet","Technology","Off-grid solar products platform","Mumbai","Apis Partner, Eight Roads Ventures, Bamboo Capital Partners","Private Equity","60000000.0"
"435","12/6/2017","Fintobox","Technology","Child Learning & Development Platform","Chennai","Lightbox","Private Equity","7000000.0"
"436","12/7/2017","Mswipe","Technology","Mobile point of sale services provider","Mumbai","Eduardo Saverin","Private Equity","10000000.0"
"437","12/7/2017","The Label Life","E-Commerce","Home Decor and Online Fashion Portal","Mumbai","Kalpvriksh","Private Equity","3100000.0"
"438","12/7/2017","Cygnus Hospitals","Healthcare","Super speciality Hospitals","Gurugram","Somerset Indus Capital Ventures","Seed/Angel Funding","750000.0"
"439","12/7/2017","eShakti","E-Commerce","""Women\\'s Fashion Clothing Online Platform""","Chennai","IDG Ventures","Debt Funding","2300000.0"
"440","12/8/2017","Inshorts","Technology","Mobile News Curation App","Noida","Tiger Global","Private Equity","5000000.0"
"441","12/11/2017","Vahdam Tea","E-Commerce","Online Platform Selling Indian Tea Globally","New Delhi","Singapore Angel Network, Mumbai Angel","Private Equity","1500000.0"
"442","12/11/2017","Logic Roots","Technology","Educational Platform to Learn Mathematics","Mumbai","Village Capital","Seed/Angel Funding","50000.0"
"443","12/11/2017","Project Mudra","Technology","Assisting Visually Impaired to learn through Braille","Bengaluru","Village Capital","Seed/Angel Funding","50000.0"
"444","12/11/2017","Furlenco","Technology","Furniture Rental Platform","Bengaluru","Aamir Khan","Debt Funding","1200000.0"
"445","12/12/2017","I Can Stay","Technology","Hotel Aggregator Platform","New Delhi","HT Media","Private Equity","1800000.0"
"446","12/12/2017","Fracktal Works","Technology","Platform based on 3D printing and Digital Manufacturing","Bengaluru","Hyderabad Angels","Seed/Angel Funding",""
"447","12/12/2017","Simility","Technology","Adaptive Fraud Intelligence Platform","Hyderabad","Accel Partners","Private Equity","17500000.0"
"448","12/12/2017","Shopholix","E-Commerce","Fashion and Lifestyle Coupon Platform","Gurugram","Munesh Khanna","Seed/Angel Funding","233000.0"
"449","12/13/2017","MindTickle","Technology","Gamification Platform to train Sales People","Pune","Canaan Partners","Private Equity","27000000.0"
"450","12/13/2017","Nazara Technologies","Technology","Mobile Games Development Firm","Mumbai","Rakesh Jhunjhunwala","Private Equity","27000000.0"
"451","12/13/2017","DocsApp","Technology","Mobile Application for Doctor Consultation","Bengaluru","Bessemer Venture Partners","Private Equity","7200000.0"
"452","12/13/2017","Capita World","Technology","Artificial Intelligence Platform to Raise Funds","Mumbai","Mohan Tanksale, Kiran Shetty, Darshak Shah, Mandar Mhatre","Private Equity",""
"453","12/14/2017","Tea Box","E-Commerce","Fresh Indian Tea Selling Platform across 112 countries","Bengaluru","RB Investments","Private Equity","7000000.0"
"454","12/14/2017","Transversal Technologies","Technology","Hyperlocal Video Information Sharing Platform","Bengaluru","Matrix Partners","Private Equity","6000000.0"
"455","12/14/2017","Curofy","Technology","Mobile App for Network of Doctors","Gurugram","RoundGlass Partners LLC","Seed/Angel Funding","250000.0"
"456","12/14/2017","HomeLane","E-Commerce","Online Furniture Marketplace","Bengaluru","Accel Partners, Sequoia Capital, RB Investments","Private Equity","10000000.0"
"457","12/14/2017","WeDoSky","Technology","Provides Business Insights using Drone Imaginary","New Delhi","Mumbai Angels Network","Private Equity",""
"458","12/15/2017","Purplle","E-Commerce","Beauty Products Online Marketplace","Mumbai","Mountain Pain Capital, Suncoast Investments","Seed/Angel Funding","537000.0"
"459","12/15/2017","Cash Suvidha","E-Commerce","Online Micro-Lending Platform","New Delhi","Unknown","Debt Funding","2700000.0"
"460","12/18/2017","Sky Met Weather","Technology","Weather Forecast Platform","Noida","InsuResillience Investment Fund","Private Equity",""
"461","12/19/2017","Springboard","Technology","Online Courses and Mentoring from Experts","Bengaluru","Costanoa, Learn Capital, Jyoti Bansal","Private Equity","9500000.0"
"462","12/19/2017","Peel Works","Technology","SaaS based Big Data Analytics Platform","Mumbai","Unilever Ventures","Private Equity",""
"463","12/19/2017","9Stacks","Technology","Online Poker Platform","New Delhi","Swati Gupta, Purnima Khandelwal, Maheshwar Peri, Sanjay Singh","Private Equity","1500000.0"
"464","12/20/2017","Your Quote","Technology","Vernacular and Video Content Platform","Bengaluru","Axilor Ventures, E-City VEntures Atul Goel","Private Equity","1000000.0"
"465","12/20/2017","Spandana Sphoorty","Finance","Micro finance institution providing small ticket unsecured loans to women","Hyderabad","""Kedaraa Capital, Ontario Teachers\\'""","Private Equity","19500000.0"
"466","12/21/2017","Indus OS","Technology","Regional Operating System for Smartphones","Mumbai","Omidyar Network","Private Equity","4000000.0"
"467","12/21/2017","EasyEcom","E-Commerce","Ecommerce enabler platform","Bengaluru","Ambarish Gupta, Aneesh Reddy, Bold Ventures, Vona Investments","Seed/Angel Funding","150000.0"
"468","12/21/2017","IGP.com","E-Commerce","Online Gifting Platform","Unknown","Venture Catalysts","Private Equity",""
"469","12/26/2017","Specsmakers","E-Commerce","Online Spects Platform for Men and Women","Chennai","Eight Roads Ventures India","Private Equity","10000000.0"
"470","12/27/2017","Garage On Road","E-Commerce","Online vehicle service booking platform","Noida","Gaurav Gupta","Private Equity",""
"471","12/27/2017","Foyr.com","Technology","Realty Tech Startup solving real life Interior Designing problems","Hyderabad","Jones Lang LaSalle","Private Equity","3800000.0"
"472","11/2/2017","Prest Loans","Finance","Business & SME Loans provider","New Delhi","Manish Poddar, Arun Garg, Parmeshwar Sharma","Seed Funding","570000.0"
"473","11/2/2017","AadharAPI.com","Technology","Aadhaar-based API provider","Pune","CIO Angel Network","Seed Funding",""
"474","11/2/2017","FreshBoxx","E-Commerce","Online Grocery Store","Bengaluru","Jayant Humbarwadi","Seed Funding",""
"475","11/3/2017","Vagupu","Technology","Online Tutorial Marketplace","Bengaluru","Undisclosed Investors","Seed Funding","1000000.0"
"476","11/3/2017","HalaPlay","Consumer Internet","Online Fantasy Games","Mumbai","Kae Capital Management, Nazara Technologies","Seed Funding",""
"477","11/3/2017","Kalpnik Technologies","Technology","VR based Spiritual platform","Bengaluru","Venture Catalysts","Seed Funding","500000.0"
"478","11/4/2017","Hevo Data","Technology","Real time data analytics & reporting","Bengaluru","IDG Ventures India","Private Equity","1000000.0"
"479","11/6/2017","Smart Karma","Technology","Financial Technology Research Platform","Bengaluru","IDG Ventures India","Private Equity",""
"480","11/6/2017","Leverage Edu","E-Commerce","Online platform for Higher Education Services","New Delhi","Alok Mittal, Deepak Jain, Ritesh Malik, Jim Schimdktke","Seed Funding",""
"481","11/7/2017","Crayon Data","Technology","Customer Engagement Platform","New Delhi","Infosys co-founder Kris Gopalakrishnan","Seed Funding",""
"482","11/7/2017","DocTalk","Technology","Doctor Patient Communication platform","Mumbai","Matrix Partners India, Khosla Ventures","Private Equity","5000000.0"
"483","11/7/2017","CoveIoT","Technology","Wearable tech and Internet of Things platform","Bengaluru","Titan Co Ltd, Tata Group\\xe2\\x80\\x99s watch and jewellery retailing firm","Private Equity","5000000.0"
"484","11/8/2017","TalentEdge","Technology","Distance Education Learning Platform","Bengaluru","Lumis Partners","Private Equity","7600000.0"
"485","11/8/2017","Fisdom","Finance","Mutual Fund Investment App","Bengaluru","Quona Capital Management","Private Equity","3000000.0"
"486","11/8/2017","FarmLink","E-Commerce","Online platform for Agricultural products","Mumbai","Pioneering Ventures, Syngenta AG","Private Equity","3000000.0"
"487","11/8/2017","OpenApp","Technology","IoT based Tech Startup","Bengaluru","Axilor Ventures, Kumar Vembu","Private Equity","3600000.0"
"488","11/9/2017","NoPaperForms","Technology","Enrolment Management Platform","New Delhi","Info Edge","Seed Funding","872000.0"
"489","11/9/2017","Tilite Technologies Pvt. Ltd","Technology","Saas based Corporate Travel Management Solution","Bengaluru","Matrix Partners","Seed Funding",""
"490","11/9/2017","Mobiliz AR","Technology","Augmented Reality based Tech platform","Bengaluru","IDG Ventures, IDFC-Parampara Fund","Private Equity",""
"491","11/10/2017","Qubole","Technology","Big Data based analytics platform","Bengaluru","Singtel, Innov8, Harmony Partners","Private Equity","25000000.0"
"492","11/10/2017","Happily Unmarried","E-Commerce","Online Gifting platform","New Delhi","Wipro Consumer Care","Private Equity",""
"493","11/13/2017","Universal Sportsbiz Pvt. Ltd","E-Commerce","Celebrity fashion accessories and merchandise","Mumbai","Accel Partners","PrivateEquity","15000000.0"
"494","11/14/2017","Hungry Foal","E-Commerce","Healthy & Nutrition based snacks online platform","Gurugram","GAIL India Ltd","Seed Funding",""
"495","11/14/2017","Active AI","Technology","AI based FinTech platform","Bengaluru","Vertex Ventures","Private Equity","8250000.0"
"496","11/15/2017","Sumeru","Technology","Banking Software License Platform","Bengaluru","Undisclosed Investors","Seed Funding","900000.0"
"497","11/15/2017","ElderAid Wellness","Healthcare","Social Healthcare Enterprise","Bengaluru","Rugmini Menon","Angel Funding",""
"498","11/15/2017","Omnia Information","Technology","WiFi Analytics Platform","New Delhi","Omidyar Network","Private Equity","3000000.0"
"499","11/15/2017","Josh Talks","Inspiration","Storytelling platform","Gurugram","Girish Mathrubootham, Apurva Chamaria, Rohit Chanana","Private Equity",""
"500","11/15/2017","Reniso","Technology","End-to-End property management for landlords living away","New Delhi","Nishit Sharma, Alok Srivastava","Seed Funding",""
"501","11/17/2017","Kanhaiya","Inspiration","Storytelling platform","Hyderabad","Undisclosed Investors","Seed/Angel Funding","200000.0"
"502","11/17/2017","Perspectico","Technology","Placement preparation and career growth training platform","New Delhi","SSCBS Innovation, Incubation Foundation (SIIF)","Seed/Angel Funding",""
"503","11/20/2017","ONN Bikes","Technology","Self riding bike rental program","Mumbai","Z Nation Lab","Seed/Angel Funding","692000.0"
"504","11/21/2017","Rapido","Technology","Bike and Taxi pooling online platform","Hyderabad","Skycatcher Fund, Aravind Sanka","Seed/Angel Funding","329230.0"
"505","11/21/2017","Heckyl","Technology","Big Data Analytics Platform","Mumbai","Notion Capital, IDG Ventures","Private Equity","2700000.0"
"506","11/21/2017","Nuvepro","Technology","Managed Cloud Environment Solutions","Mumbai","1Crowd","Seed/Angel Funding","400000.0"
"507","11/21/2017","RedBook","Technology","AI based pharmacy drugs insights platform","Mumbai","Vida Ventures, Dr. Aniruddha Malpani","Seed/Angel Funding","250000.0"
"508","11/21/2017","Portea","Healthcare","Healthcare facilities at doorstep","Bengaluru","Sabre Partners, MEMG CDC","Private Equity","26000000.0"
"509","11/21/2017","Credit Mate","Technology","Vehicle loan approval platform","Mumbai","Paytm","Private Equity",""
"510","11/21/2017","Epiq Capital","Finance","Tech based investor firm","Mumbai","Global Institutional Investors","Private Equity","200000000.0"
"511","11/22/2017","MiStay","Technology","Online Hotel Reservation Platform","Bengaluru","Axilor Ventures","Seed/Angel Funding",""
"512","11/23/2017","WittyFeed","Storytelling","Viral Content and storytelling platform","Indore","Sandeep Aggarwal","Seed/Angel Funding",""
"513","11/24/2017","IDG Ventures","Finance","Venture Capitalist","Bengaluru","Uniliver Ventures","Private Equity","10000000.0"
"514","11/24/2017","TempGo","Technology","IoT and SaaS based transportation platform","Goa","Javelin StartupO Victory Fund","Seed/Angel Funding","250000.0"
"515","11/27/2017","Edelweiss","Finance","Diversified Financial","Mumbai","Undisclosed investors","Private Equity","270000000.0"
"516","11/27/2017","ERA","Technology","Identity management platform","Mumbai","Amit Patni","Seed/Angel Funding","39000.0"
"517","11/27/2017","Smaaash","Technology","Virtual Reality based gaming platform","Mumbai","Sixth Sense Ventures","Private Equity","3800000.0"
"518","11/28/2017","Chumbak","Lifestyle","Designer-led consumer products","Bengaluru","Gaja Capital","Private Equity","13000000.0"
"519","11/28/2017","FR8","Technology","Online Truck aggregator platform","Chennai","IFMR Capital","Debt Funding","1500000.0"
"520","11/28/2017","MobieFit","Healthcare","Health and fitness based mobile App","Goa","NB Ventures, MediAssist","Seed/Angel Funding","1350000.0"
"521","11/28/2017","Stanza Living","Technology","Student accommodation platform","New Delhi","Matrix PArtners, Accel","Private Equity","2000000.0"
"522","10/3/2017","ChqBook","Consumer Internet","Home Loans Aggregation platform","Gurugram","Startup Buddy, Apurva Chamaria,Sachin Arora, Bharat Gupta, Amit Manocha","Seed Funding",""
"523","10/3/2017","HomeCapital","Consumer Internet","Home Loan Down payment assistance program","Mumbai","Venture Catalysts","Seed Funding",""
"524","10/3/2017","Ola Cabs","Consumer Internet","App based cab hailing services","Bengaluru","Tencent, Softbank Group","Private Equity","110000000.0"
"525","10/4/2017","Elanic","Consumer Internet","P2P platform for Fashion sales","Bengaluru","Digital Garage","Seed Funding",""
"526","10/4/2017","CollPoll","Consumer Internet","Education collaboration platform","Bengaluru","Sprout Angels","Seed Funding","306000.0"
"527","10/4/2017","PhonePe","Consumer Internet","Digital Wallet","Bengaluru","Flipkart","Private Equity","38700000.0"
"528","10/5/2017","Little Black Book","Consumer Internet","Local Recommendations and Discoveries Platform","New Delhi","Blume Ventures, IDG Ventures & Indian Angel Network","Private Equity","1000000.0"
"529","10/5/2017","Oorjan","Technology","rooftop solar platform","Mumbai","Globevestor","Seed Funding","450000.0"
"530","10/5/2017","Zefo","E-Commerce","Ecommerce Portal for Used Goods","Bengaluru","Sequoia India, Helion Venture Partners, Beenext","Private Equity","9200000.0"
"531","10/6/2017","Yaantra","E-Commerce","Mobile repair and Refurbishment platform","New Delhi","Carpediem Capital","Private Equity","3100000.0"
"532","10/6/2017","Farm Taaza","Technology","Fresh Produce SCM company","Bengaluru","Epsilon Venture Partners, Tara India Fund IV and others","Private Equity","8000000.0"
"533","10/6/2017","Drivezy","Consumer Internet","Self Drive car and bike rental platform","Bengaluru","Das Capital, Axan Partners, Das Capital and IT Farm","Private Equity","10000000.0"
"534","10/6/2017","Slice Pay","Consumer Internet","Student Micro-financing platform","Bengaluru","Das Capital, Simile Ventures","Private Equity","2000000.0"
"535","10/9/2017","Agrowave","Technology","Agriculture Supply Chain management solutions","Gurugram","Daffodil Software","Seed Funding",""
"536","10/9/2017","MyGubbi","E-Commerce","Home Interior Designing Seller","Bengaluru","Firoze Irani, Vipul Parekh, Ananda Kallugadde, Rajesh K Murthy","Private Equity","2700000.0"
"537","10/9/2017","IBSFintech","Technology","Treasury Risk Management Solution","Bengaluru","Shailesh Haribhakti","Seed Funding",""
"538","10/9/2017","Letsservice","Consumer Internet","Auto Service Logistics & SAAS platform","Bengaluru","Aequs Group","Private Equity",""
"539","10/9/2017","OneStepUp","Technology","Education Technology platform","New Delhi","Orient BlackSwan","Seed Funding","336000.0"
"540","10/9/2017","ThirdWatch","Technology","AI-powered anti-fraud solutions","Gurugram","Rahul Agarwalla, Keshav Sanghi, Batlivala & Karani Securities","Seed Funding",""
"541","10/10/2017","Parallel Dots","Technology","AI-powered deep learning solutions","Gurugram","Multipoint Capital,","Private Equity","1400000.0"
"542","10/10/2017","Easy Diner","Consumer Internet","online restaurant reservation platform","Gurugram","Saama Capital and DSG Consumer Partners","Private Equity","4500000.0"
"543","10/11/2017","Meesho","E-Commerce","Online Reseller Network","Bengaluru","SAIF Partners, YCombinator, Venture Highway","Private Equity","3100000.0"
"544","10/11/2017","StanPlus","Logistics","Medical Transportation Services","Hyderabad","KStart Capital","Private Equity","1100000.0"
"545","10/12/2017","UCLID","Technology","Education Network for Institutions, teachers & Students","Hyderabad","Undisclosed investors","Seed Funding","235000.0"
"546","10/13/2017","Policy Bazaar","Consumer Internet","Online insurance policy aggregator","Gurugram","Wellington Management, DG Ventures India, True North","Private Equity","77000000.0"
"547","10/13/2017","Gapoon","Consumer Internet","home maintenance services platform","Bengaluru","Vida Ventures, Snehal Mantri, Anshu Bahadur","Seed Funding","250000.0"
"548","10/13/2017","Chaayos","E-Commerce","Online Chai ordering platform","Gurugram","Tiger Global Management","Private Equity","2000000.0"
"549","10/16/2017","KrazyBee","Consumer Internet","Micro-lending platform","Bengaluru","Xiaomi Technologies, Shunwei Capital","Private Equity","8000000.0"
"550","10/16/2017","Renew Buy","Consumer Internet","Online Insurance Aggregator","New Delhi","Amicus Capital","Private Equity","9200000.0"
"551","10/17/2017","Fingerlix","Consumer Internet","Food Ordering Portal","Bengaluru","Accel Partners, Zephyr Peacock","Private Equity","7000000.0"
"552","10/18/2017","Bank Bazaar","Consumer Internet","Online Financial Marketplace","Chennai","Experian","Private Equity","7000000.0"
"553","10/18/2017","Hasura","Technology","App building platform","Chennai","Nexus, GREE Ventures","Private Equity",""
"554","10/18/2017","BlackBuck","Logistics","B2B Logistics provider","Bengaluru","Innoven Capital","Private Equity","7700000.0"
"555","10/18/2017","LenDen Club","Consumer Internet","Online peer-to-peer lending platform","Mumbai","Undisclosed Investor","Seed Funding","500000.0"
"556","10/23/2017","Toppr","Consumer Internet","Mobile based learning app","Mumbai","SAIF Partners, Helion Ventures, FIL Capital Management","Private Equity","7000000.0"
"557","10/23/2017","RAW Pressery","Food & Beverage","Cold pressed Juice maker","Mumbai","DSG Consumer Partners, Sequoia Capital, Saama Capital","Private Equity","6000000.0"
"558","10/23/2017","Cashe","Consumer Internet","app-only lending platform","Mumbai","IFMR Capital","Debt Funding","3100000.0"
"559","10/23/2017","Park Easy","Consumer Internet","Machine learning based parking discovery","Kolkata","Rockstart Accelerator","Seed Funding","118000.0"
"560","10/24/2017","TagBox","Technology","Cold Chain monitoring solution","Bengaluru","Indian Angel network, IAN Fund","Seed Funding",""
"561","10/24/2017","FYRE","Food & Beverage","Herbal energy shot maker","Mumbai","Venture Catalysts","Seed Funding","500000.0"
"562","10/24/2017","ZipLoan","Consumer Internet","SME lending platform","New Delhi","Matrix Partners India, WaterBridge Ventures, Whiteboard Capital, Sarbvir Singh","Private Equity","3000000.0"
"563","10/24/2017","Skillenza","Consumer Internet","Online Learning Platform","Bengaluru","Blume Ventures, Indian Angel Network","Seed Funding","722000.0"
"564","10/24/2017","Chevon","Food & Beverage","Frozen Meat provider","Mumbai","Greenfield Advisory","Private Equity",""
"565","10/25/2017","PropStory","Consumer Internet","Real Estate content portal","Gurugram","Abhishek Bhatewara, Vivek Shah, Haitong Securities, Suraj Saharan, Paras Arora","Seed Funding",""
"566","10/25/2017","SpotDraft","Consumer Internet","Contract Automation","Gurugram","Hunch Ventures, Spiral Ventures, 500 Startups, Singapore Angel Network, Citrus Payments","Seed Funding","550000.0"
"567","10/26/2017","Big Basket","E-Commerce","Online Grocery portal","Bengaluru","Helion Ventures Partners","Private Equity","5000000.0"
"568","10/27/2017","OfBusiness","Technology","B2B Finance & Fulfilment Network","Gurugram","Kotak Mahindra Bank","Debt Funding","3800000.0"
"569","10/27/2017","Olly Credit","Technology","Credit + payment mobile app","New Delhi","Incubate Fund, Sandesh Kirkire, Anand Kumar, Yogesh Chaudhary","Seed Funding",""
"570","10/28/2017","CashFree","Technology","Payments Platform for Marketplaces and Fintechs","New Delhi","Y Combinator","Seed Funding","120000.0"
"571","10/28/2017","Ola Cabs","Consumer Internet","App based cab hailing services","Bengaluru","ANI Technologies Pvt. Ltd","Private Equity","7700000.0"
"572","10/30/2017","GoldFarm","Food & Beverage","Agriculture Technology","Coimbatore","Mahindra & Mahindra and Infuse Ventures","Private Equity","2000000.0"
"573","10/31/2017","NetMeds","E-Commerce","Online Pharmacy","Chennai","TannCam Investment & Sistema Asia Fund","Private Equity","14000000.0"
"574","10/31/2017","MSE","Finance","Equity Stock Exchange","Mumbai","IL&FS, Trust Capital, Rosy Blue Securities, Radhakrishan Damani and Rakesh Jhunjhunwala","Private Equity","32000000.0"
"575","9/1/2017","Aahaa Stores","E-Commerce","Online B2B store for office supplies","Chennai","YourNest Angel Fund","Private Equity","1000000.0"
"576","9/1/2017","MFine","Consumer Internet","Online Doctor Discovery platform","Bengaluru","Stellaris Venture Partners, Mayur Abhaya, Rohit MA","Private Equity","1500000.0"
"577","9/1/2017","Canvera","Consumer Internet","Online Photography platform","Mumbai","InfoEdge","Private Equity","1300000.0"
"578","9/4/2017","PrimaryIO","Technology","Application Performance Acceleration","Pune","Accel Partners, Exfinity Ventures, Partech Ventures","Private Equity","5600000.0"
"579","9/5/2017","Shubh Loans","Consumer Internet","online lending platform","Bengaluru","SRI Capital, BeeNext, Pravega Ventures","Private Equity","1500000.0"
"580","9/5/2017","Nest Education","Technology","EduTech Platform","Gurugram","Michael and Susan Dell Foundation, Anand Mahindra","Seed Funding","600000.0"
"581","9/6/2017","Lending Kart","Consumer Internet","Online Lending Platform","Ahmedabad","Bertelsmann India, Mayfield Capital, Saama Capital, Darrin Capital","Private Equity","10750000.0"
"582","9/6/2017","GoFro","Consumer Internet","Online travel booking platform","New Delhi","HIS Co. Ltd, MakeMyTrip","Private Equity","10000000.0"
"583","9/6/2017","OncoStem","Healthcare","Medical Diagnostic Solutions","Bengaluru","Sequoia Capital India, Artiman Ventures","Private Equity","6000000.0"
"584","9/6/2017","Power2SME","E-Commerce","Buying Club for Small Businesses","Gurugram","International Finance Corporation (IFC), Inventus Capital Partners, Accel Partners, Kalaari Capital, and Nandan Nilekani,","Private Equity","26000000.0"
"585","9/7/2017","Credit Vidya","Consumer Internet","Online Credit scoring platform","Mumbai","Matrix Partners","Private Equity","5000000.0"
"586","9/7/2017","Tails Life","Consumer Internet","Pet care portal & mobile app","Bengaluru","V Balakrishnan.","Private Equity",""
"587","9/7/2017","OYO Rooms","Consumer Internet","Branded budget hotels marketplace","Gurugram","SoftBank Group, Sequoia Capital India, Lightspeed Venture Partners, Greenoaks Capital, Hero Enterprise","Private Equity","250000000.0"
"588","9/7/2017","Early Salary","Consumer Internet","Online Unsecured Lending platform","Pune","IFMR Capital","Debt Funding","780000.0"
"589","9/7/2017","MamaEarth","E-Commerce","online babycare products marketplace","Gurugram","Fireside Ventures","Seed Funding",""
"590","9/7/2017","Seniority","E-Commerce","Ecommerce portal for senior citizens","Pune","RPG Enterprises","Private Equity","1000000.0"
"591","9/8/2017","AYE Finance","Consumer Internet","Micro Lending Platform","New Delhi","Triodos Investment Management,","Debt Funding","6900000.0"
"592","9/8/2017","Farmizen","Technology","Agre-Tech Mobile app","Bengaluru","Venture Highway, Alok Mittal, Mohit Agarwal, Anuj Gupta,","Seed Funding",""
"593","9/11/2017","Ecom Express","Logistics","Logistics Solutions provider","New Delhi","Warburg Pincus","Private Equity","30000000.0"
"594","9/11/2017","Call Health","Consumer Internet","Healthcare Services Aggregator","Hyderabad","Sachin Tendulkar, P.V SIndhu, Pullela Gopichand","Private Equity","6200000.0"
"595","9/12/2017","Sattviko","E-Commerce","Health Food etailer","New Delhi","Raman Roy, Arvind Uppal, Sonu Bhasin, G Ravishankar","Seed Funding",""
"596","9/12/2017","3HCare","Consumer Internet","Healthcare services portal","New Delhi","Undisclosed Investor","Seed Funding","100000.0"
"597","9/12/2017","Tonbo Imaging","Technology","Imaging Technology for Armed Forces","Bengaluru","WRV Capital, Qualcomm Ventures, Edelweiss Private Equity, Artiman Ventures","Private Equity","17000000.0"
"598","9/12/2017","Get My Parking","Consumer Internet","Smart Parking Enabler","New Delhi","IAN Fund, Beenext, Indian Angel Network","Private Equity","3000000.0"
"599","9/13/2017","WittyFeed","Technology","Content marketing platform","Indore","Anand Chandrasekaran, Apurva Chamaria, Ritesh Malik, Ashish Toshniwal, Ajeet Khurana","Seed Funding",""
"600","9/13/2017","Glowroad","Consumer Internet","women focussed customer-to-customer reseller network","Bengaluru","Accel Partners,","Private Equity","2000000.0"
"601","9/13/2017","OYO Rooms","Consumer Internet","udget hotel marketplace","Gurugram","China Lodging Group","Private Equity","10000000.0"
"602","9/13/2017","Unacademy","Consumer Internet","Online learning platform","Mumbai","Sequoia Capital India, SAIF Partners, Nexus Venture Partners and Blume Ventures,","Private Equity","11500000.0"
"603","9/13/2017","Heterogenous","Technology","Telecom & IoT platform","Chennai","Chennai Angels, Keiretsu Forum & Others","Seed Funding","780000.0"
"604","9/14/2017","Gurukul","Consumer Internet","co-working space provider","New Delhi","Rohit Nanda, Rajit Nanda, Smarak Bhuyan, Sashwat Brahma,","Seed Funding",""
"605","9/14/2017","Smaaash","Technology","Virtual Reality gaming and entertainment platform","Mumbai","ECL Finance","Private Equity","44000000.0"
"606","9/14/2017","WheelStreet","Consumer Portal","Bike Rental Platform","Bengaluru","Y Combinator","Seed Funding","120000.0"
"607","9/14/2017","Xprep","Consumer Internet","Online Tutoring Platform","New Delhi","Rising Stars, Manish Amin, Pallav Pandey, Chavi Jafa","Private Equity",""
"608","9/18/2017","The Moms Co","E-Commerce","Pregnancy & Baby Care product etailer","Gurugram","DSG Consumer Partners, Saama Capital","Private Equity","1000000.0"
"609","9/19/2017","Noticeboard","Technology","mobile-first communication platform for on-field staff,","Bengaluru","Shamik Sharma, Aprameya Radhakrishna","Seed Funding",""
"610","9/19/2017","High Radius","Technology","Integrated receivables software solutions","Hyderabad","Susquehanna Growth Equity LLC","Private Equity","50000000.0"
"611","9/20/2017","HWell24 Plus","Healthcare","Technology-Empowered Healthcare Solutions","Mumbai","Undisclosed Investors","Seed Funding",""
"612","9/21/2017","SaveBC","Finance","financial services firm","Gaya","Incofin Investment Management.","Private Equity","6000000.0"
"613","9/21/2017","Gaming Monk","Consumer Internet","E-sports platform","New Delhi","AdvantEdge","Private Equity",""
"614","9/21/2017","91SpringBoard","Consumer Internet","Co-working spaces","New Delhi","Sandway Investment Ltd, Pearl Brook Holdings, Silo Holdings and Al Nour","Private Equity",""
"615","9/21/2017","Homergize","E-Commerce","Home Furnishing & Building material marketplace","Bengaluru","LG Chandrasekhar","Private Equity","1000000.0"
"616","9/22/2017","Yatra.com","E-Commerce","Online Travel Agency","Gurugram","InnoVen Capital India","Debt Funding","15400000.0"
"617","9/22/2017","Ace Turtle","Technology","Omni-channel web commerce solutions provider","Bengaluru","InnoVen Capital","Private Equity",""
"618","9/25/2017","Vogo","Consumer Internet","Scooter Rental Platform","Bengaluru","AV Thomas Group","Seed Funding",""
"619","9/25/2017","Synup","Technology","SME Marketing Management Solution","Bengaluru","Vertex Ventures, Prime Venture Partners.","Private Equity","6000000.0"
"620","9/25/2017","Tinmen","Consumer Internet","Food Delivery platform","Hyderabad","Zomato Media Pvt. Ltd","Private Equity",""
"621","9/25/2017","Cropin","Technology","Crop Technology Solutions","Bengaluru","Beenext","Private Equity",""
"622","9/25/2017","Rapido","Consumer Internet","Bike Aggregator Mobile App","Bengaluru","Battery Road Digital Holdings LLC","Seed Funding","422000.0"
"623","9/25/2017","Sportobuddy","Consumer Internet","Sports & Sport related equipment portal","Mumbai","Mehul Shah","Seed Funding","150000.0"
"624","9/26/2017","Credifiable","Consumer Internet","Online consumer lending platform","Bengaluru","Kae Capital","Private Equity",""
"625","9/26/2017","Inclov","Consumer Internet","Matchmaking app for the differently abled","Gurugram","Rajan Anandan, Jamil Khatri, Ravi Iyer, Raghav Bahl","Seed Funding",""
"626","9/26/2017","Multibhashi","Consumer Internet","Language learning Mobile App","Bengaluru","Aniruddha Malpani, Startup Oasis","Seed Funding",""
"627","9/27/2017","Transerve","Technology","Geospatial Technology-based SaaS solutions","Mumbai","IL&FS Investment Managers, Omidyar Network.","Private Equity","1600000.0"
"628","9/27/2017","Fashalot","Consumer Internet","O2O fashion discovery platform","Gurugram","Capillary Technologies, Whiteboard Capital, YourNest Angel Fund, Rajul Garg","Private Equity",""
"629","9/27/2017","Pitstop","Consumer Internet","Car repair and Servicing Platform","Bengaluru","Blume Ventures, Goldbell Group, Anurag Srivastava, Shailesh Rao, Amiya Pathak, Rajesh Yohanan and Rahul Garg","Private Equity","1000000.0"
"630","9/27/2017","GoChoppers","Consumer Internet","Luxury Helicopter Tourism Services portal","Gurugram","Rivergate Capital,","Seed Funding",""
"631","9/27/2017","MyUpchar","Consumer Internet","Local Language Health Information portal","New Delhi","LetsVenture","Seed Funding","300000.0"
"632","9/28/2017","Aadyah","Technology","Defense Tech & Aerospace startup","Bengaluru","Keiretsu Forum","Private Equity","1000000.0"
"633","8/1/2017","TouchKin","Technology","Predictive Care Platform","Bengaluru","Kae Capital","Private Equity","1300000.0"
"634","8/2/2017","Ethinos","Technology","Digital Marketing Agency","Mumbai","Triton Investment Advisors","Private Equity",""
"635","8/2/2017","Leverage Edu","Consumer Internet","Online platform for Higher Education Services","New Delhi","Kashyap Deorah, Anand Sankeshwar, Deepak Jain, Sadashiva NT, Arjun Mehta, Satish Kaul, Anindya Ghose","Seed Funding",""
"636","8/2/2017","Zepo","Consumer Internet","DIY Ecommerce platform","Mumbai","Kunal Shah, LetsVenture, Anupam Mittal, Hetal Sonpal","Seed Funding","500000.0"
"637","8/2/2017","Click2Clinic","Consumer Internet","healthcare service aggregator","Hyderabad","Narottam Thudi, Shireesh Palle","Seed Funding","850000.0"
"638","8/3/2017","SpeedBox","Logistics","On-Demand Logistics Service provider","Mumbai","Cismat Cargo Services Pvt. Ltd.","Seed Funding","300000.0"
"639","8/3/2017","Skill Connect","Consumer Internet","Recruitment Portal","Jaipur","Rajasthan Angel Investor Network","Seed Funding",""
"640","8/3/2017","Chai Point","Consumer Internet","Tea Delivery Portal & offline stores","Bengaluru","DSG Consumer Partners, Eight Roads Ventures India","Private Equity",""
"641","8/3/2017","Zoctr","Consumer Internet","Health Products & Services Aggregator","Mumbai","SIDBI","Private Equity",""
"642","8/4/2017","Lime Tray","Technology","Restaurant Management Solutions","New Delhi","JSW Ventures","Private Equity",""
"643","8/4/2017","CoutLoot","E-Commerce","Fashion Resale Marketplace","Mumbai","Anuj Puri, Redcliffe Capital, Artha India Ventures, Siddharth Kothari, Apoorv Ranjan Sharma,","Seed Funding",""
"644","8/4/2017","Box My Space","Logistics","Warehouse Aggregator","Mumbai","R. Jayakumar, Vaibhav Vohra, Aditya Vazirani, Rhea Vazirani, AVN Business Solutions, Dreamweaver Investments","Seed Funding",""
"645","8/5/2017","Curatio","Healthcare","Skincare Speciality services","Chennai","Anicut Capital","Private Equity",""
"646","8/8/2017","New Castle Technologies","Technology","Hospital Management Software","Chennai","Undisclosed investors","Seed Funding","243000.0"
"647","8/8/2017","My Forex Eye","Consumer Internet","foreign exchange services","New Delhi","Rahul Dev Kumar, Rajesh Mahajan, Ankit Sharma and others","Seed Funding","220000.0"
"648","8/9/2017","TruxApp","Logistics","Mobile based Logistics Service","New Delhi","Venugopal Dhoot, Ajay Bhatia, Tarun Khandelwal, Ganpat Singhvi, Mandhian family & Others","Seed Funding","3100000.0"
"649","8/9/2017","CroFarm","Technology","Agriculture Supply Chain solutions","Gurugram","Factor[e] Ventures","Seed Funding","783000.0"
"650","8/9/2017","DoodhWala","Consumer Internet","Online milk delivery","Bengaluru","Tom Varkey","Seed Funding",""
"651","8/10/2017","Stayabode","Consumer Internet","Co-Living space aggregator","Bengaluru","Incubate Fund, Sanjay Shenoy, Mridul Upreti,","Private Equity",""
"652","8/11/2017","Flipkart","E-Commerce","Online Marketplace","Bengaluru","Softbank","Private Equity","2500000000.0"
"653","8/11/2017","Moong Labs","Technology","Mobile games developer","New Delhi","Nazara Games","Private Equity",""
"654","8/11/2017","Ola Cabs","Consumer Internet","App based cab aggregation Service","Gurugram","Tekne Capital Management","Private Equity","36000000.0"
"655","8/14/2017","Sports Flashes","Consumer Internet","Sports Content Mobile App","New Delhi","Bennett, Coleman and Company Ltd (BCCL),","Private Equity",""
"656","8/14/2017","Digilend","Technology","Personal Loans & EMI solutions platform","Mumbai","InCred Finance, Fullerton India Credit Company Ltd","Seed Funding","312000.0"
"657","8/15/2017","KNAB Finance","Consumer Internet","Unsecured Small Business Loans","Bengaluru","InCred, Krishnakumar Natarajan, Ravi Bhardwaj","Seed Funding","385000.0"
"658","8/17/2017","Get Simpl","Consumer Internet","Payment Solution Mobile app","Mumbai","Green Visor Capital LP II, IA Venture Strategies Fund II LP, Boillot Family Trust, Russell M Byrne, The Oliver R. Grace, Jr. Millennium Trust, SF Capital Investments LP","Seed Funding",""
"659","8/20/2017","Rootefy","E-Commerce","Building material online store","New Delhi","Abhinav Gupta,","Seed Funding","187000.0"
"660","8/21/2017","Uniphore","Technology","speech recognition startup","Chennai","IDG Ventures","Private Equity","6800000.0"
"661","8/21/2017","Cerebroz","Consumer Internet","E-Tech platform","Vadodara","Undisclosed HNI\\xe2\\x80\\x99s","Seed Funding","734000.0"
"662","8/22/2017","Flochat","Consumer Internet","instant messaging platform","Mumbai","iSquare Global,","Seed Funding",""
"663","8/22/2017","EasyGov","Consumer Internet","Govt service application portal","Noida","Social Alpha, Rajan Anandan, Rajeev Ahuja, Kshitij Arora","Seed Funding",""
"664","8/23/2017","Milk Basket","Consumer Internet","Online Grocery platform","Gurugram","Blume Ventures. Lenovo Capital and Incubator Group (LCIG)","Seed Funding",""
"665","8/23/2017","Dhruva","Technology","Cloud data protection and management solutions","Pune","Riverwood Capital, Sequoia Capital India, Nexus Venture Partners, Tenaya Capital","Private Equity","80000000.0"
"666","8/23/2017","Bombay Shaving Company","E-Commerce","Men Grooming product etailer","New Delhi","Fireside Ventures","Private Equity","2300000.0"
"667","8/23/2017","Awign","Technology","Operations and manpower outsourcing","Bengaluru","IIT Ropar, Imanpreet Singh Arora, Sidharth Rozario, Saurabh Abichandani, Shikhar Gupta,","Seed Funding",""
"668","8/23/2017","Indiez","Technology","Software & Mobile app development platform","Bengaluru","Haresh Chawla","Seed Funding","500000.0"
"669","8/24/2017","Ezetap","Technology","mPOS solutions provider","Bengaluru","JS Capital Management, Social Capital, Horizons Ventures,","Private Equity","16000000.0"
"670","8/25/2017","Ink Monk","Consumer Internet","Online printing marketplace","Chennai","VAMM Ventures, Raksul, Dena","Seed Funding","750000.0"
"671","8/25/2017","Medinfi","Consumer Internet","Online Doctor Discovery Platform","Bengaluru","PBS Srinivas, Vinod Martin,","Seed Funding","125000.0"
"672","8/28/2017","Mobikon","Technology","Restaurant & Hotel CRM platform","Pune","Sistema Asia Fund, C31 Ventures, Qualgro.","Private Equity","7000000.0"
"673","8/29/2017","CureFit","Consumer Internet","End to End health and wellness platform.","Bengaluru","Accel Partners, IDG Ventures, Kalaari Capital,\\xc2\\xa0 UC-RNT fund","Private Equity","25000000.0"
"674","8/29/2017","Doxper","Technology","Healthtech IoT platform","Mumbai","idal Health, growx ventures, Capier Investments, Globevestor & others","Seed Funding","750000.0"
"675","8/29/2017","Fieldassist","Technology","SAAS based sales force automation services","Gurugram","Small Industries Development Bank of India (SIDBI)","Debt Funding",""
"676","8/30/2017","Treebo","Consumer Internet","Budget Hotel Aggregator platform","Bengaluru","Ward Ferry Management and Karst Peak Capital,","Private Equity","34000000.0"
"677","8/30/2017","MedGenome","Technology","Genomics Research and Diagnostics Solutions","Bengaluru","Sequoia India, Sofina s.a., Zodius Capital, Kris Gopalakrishnan, Lakshmi Narayanan,","Private Equity","30000000.0"
"678","7/1/2017","Billion Loans","Consumer Internet","Peer to Peer Lending platform","Bengaluru","Reliance Corporate Advisory Services Ltd","Seed Funding","1000000.0"
"679","7/3/2017","Ecolibriumenergy","Technology","Energy management solutions provider","Ahmedabad","Infuse Ventures, JLL","Private Equity","2600000.0"
"680","7/4/2017","Droom","E-Commerce","Online marketplace for automobiles","Gurugram","Asset Management (Asia) Ltd, Digital Garage Inc","Private Equity","20000000.0"
"681","7/5/2017","Jumbotail","E-Commerce","online marketplace for food and grocery","Bengaluru","Kalaari Capital, Nexus India Capital Advisors","Private Equity","8500000.0"
"682","7/5/2017","Moglix","E-Commerce","B2B marketplace for Industrial products","Noida","International Finance Corporation, Rocketship, Accel Partners, Jungle Ventures, Shailesh Rao, Venture Highway","Private Equity","12000000.0"
"683","7/5/2017","Timesaverz","Consumer Internet","Hyperlocal home services provider","Mumbai","BCCL","Private Equity","1000000.0"
"684","7/6/2017","Minjar","Technology","Cloud Solutions provider","Bengaluru","Blume Ventures, Contrarian Capital India Partners, Emergent Ventures India, Pallav Nadhani, Ashish Gupta, Sharad Sharma, Sirion Labs","Seed Funding",""
"685","7/6/2017","MyCity4kids","Consumer Internet","parenting blog and kids\\xe2\\x80\\x99 events discovery platform","Gurugram","Unknown","Seed Funding",""
"686","7/7/2017","Clip App","Consumer Internet","Digital Media Video platform","Bengaluru","India Quotient, Shunwei Capital","Seed Funding","1000000.0"
"687","7/7/2017","Upwardly.in","Consumer Internet","MF investment platform","Bengaluru","Sreeram Iyer, Suvo Sarkar, Anita Gupta, Likemind Ventures","Seed Funding",""
"688","7/10/2017","Autorox.co","Technology","Workshop Management Software Platform","Hyderabad","Mitsui & Co.","Private Equity","3000000.0"
"689","7/11/2017","Fabogo","Consumer Internet","Salon & Spa Aggregation & Discovery platform","Pune","Dunamis Ventures Pte Ltd","Private Equity","2250000.0"
"690","7/11/2017","Flickstree","Consumer Internet","Video Content Discovery Platform","Mumbai","Venture Catalysts, Sourav Ganguly, Ankit Aditya, Moksh Sports Ventures","Seed Funding","464000.0"
"691","7/11/2017","Design Cafe","Consumer Internet","Online Interior Design platform","Bengaluru","Fireside Ventures, Apurva Salarpuria, Sidharth Pansari, Sprout Capital","Seed Funding",""
"692","7/12/2017","Innoviti","Technology","Digital payments solutions","Bengaluru","SBI-FMO Fund, Bessemer Venture Partners, Catamaran Ventures","Private Equity","18500000.0"
"693","7/12/2017","VDeliver","Logistics","Door Step Delivery platform","Hyderabad","Corvus Ventures, MAPE Advisory Group","Private Equity",""
"694","7/12/2017","Bottr.me","Technology","Chatbot creation tool","Bengaluru","500 Startups, Purvi Capital, Rajan Anandan, Abhishek Gupta","Seed Funding",""
"695","7/12/2017","Arcatron","Technology","Next Gen Mobility device manufacturer","Pune","Indian Angel Network","Seed Funding",""
"696","7/14/2017","QwikSpec","Technology","Construction site operations and analytics platform","Bengaluru","Brigade Innovations LLP, TV Mohandas Pai, Suhail Rahman, Bobby Reddy, M George Oommen","Seed Funding","540000.0"
"697","7/14/2017","Chumbak","E-Commerce","Designer consumer products Marketplace","Bengaluru","Blacksoil Capital Pvt. Ltd","Private Equity","1700000.0"
"698","7/17/2017","Increff","Technology","Sales Solutions for Fashion Brands","Bengaluru","Sequoia Capital, Grey Orange, Rajesh Ramaiah, Anshuman Das, Rishi Das","Seed Funding","2000000.0"
"699","7/17/2017","Vayana","Technology","Enterprise Banking Solutions","Pune","IDG Ventures India Advisors, Jungle Ventures","Private Equity","4000000.0"
"700","7/18/2017","MObiquest","Technology","Mobile Services & Solutions","Noida","One97 Communication Ltd","Private Equity",""
"701","7/18/2017","Ambee","Consumer Internet","Ambulance Aggregation Services","Hyderabad","Uber Technologies Inc, Amaya Capital LLP","Seed Funding",""
"702","7/18/2017","Ideal Insurance","Consumer Internet","Online Insurance platform","Kolkata","Xelpmoc","Seed Funding",""
"703","7/18/2017","Hypernova Interactive","Technology","Mobile games creator","Bengaluru","Kae Capital","Seed Funding",""
"704","7/19/2017","Rentomojo","Consumer Internet","Consumer Leasing Platform","Bengaluru","ain Capital Ventures, Renaud Laplanche","Private Equity","10000000.0"
"705","7/19/2017","AirCTO","Consumer Internet","AI powered recruitment platform","Bengaluru","Francesco Cara","Seed Funding",""
"706","7/19/2017","Playablo","Technology","Gamified Learning App","Bengaluru","ABI-Showatech (India) Ltd","Seed Funding","600000.0"
"707","7/20/2017","Trupay","Technology","Online payments platform","Gurugram","Kae Capital, M&S Partners,","Seed Funding","700000.0"
"708","7/21/2017","Brick2Wall","E-Commerce","Online Marketplace for Construction Material","Gurugram","Subramani Somasundaram, Sundeep Sahni, Mayank Mittal & Others","Seed Funding","200000.0"
"709","7/21/2017","FableStreet","E-Commerce","Women Work wear etailer","New Delhi","Harmeet Bajaj, Pameela P, Fusiontech Ventures & Others","Seed Funding",""
"710","7/21/2017","Monsoon Fintech","Technology","Machine Learning Access platform","New Delhi","Sunil Kalra, Aditya Singh, Rishi Srivastava, Rajan Anandan","Seed Funding",""
"711","7/21/2017","MonkeyBox","Consumer Internet","Healthy Food Delivery Platform","Bengaluru","Blume Ventures, NB Ventures, Nspira","Seed Funding",""
"712","7/25/2017","Noticeboard","Consumer Internet","Mobile-first Enterprise communication platform","Bengaluru","Stellaris Venture Partners,","Private Equity","1200000.0"
"713","7/25/2017","Byju\\xe2\\x80\\x99s","Consumer Internet","Mobile Learning App","Bengaluru","Tencent Holdings","Private Equity","35000000.0"
"714","7/26/2017","Creator\\xe2\\x80\\x99s Gurukul","Others","Co-Working Space Provider","New Delhi","Yuvraj Singh","Seed Funding",""
"715","7/26/2017","Fab Hotels","Consumer Internet","Budget hotels brand & Aggregator Platform","New Delhi","Goldman Sachs","Private Equity","25000000.0"
"716","7/26/2017","ThinkerBell","Consumer Internet","Assisted Learning Startup","Bengaluru","Indian Angel Network, Anand Mahindra","Seed Funding","200000.0"
"717","7/27/2017","1mg","E-Commerce","Online Pharmacy","Gurugram","HBM Healthcare Investments, Maverick Capital Ventures, Sequoia India, Omidyar Network and Kae Capital","Private Equity","15000000.0"
"718","7/28/2017","Jhakaas","Consumer Internet","App-based Aggregator of Offline Businesses","Mumbai","Amen Dhyllon","Seed Funding",""
"719","7/28/2017","BigStylist","Consumer Internet","Beauty Services Marketplace","Mumbai","Info Edge (India) Ltd","Private Equity","1250000.0"
"720","7/28/2017","Gympik.com","Consumer Internet","online marketplace for discovering fitness centres","Bengaluru","RoundGlass Partners","Seed Funding",""
"721","6/1/2017","Tripeur","Technology","Mobile based travel ERP platform","Bengaluru","Grace Grace Techno Ventures LLP, Rajul Garg & Other undisclosed investors","Seed Funding",""
"722","6/2/2017","RentOnGo","E-Commerce","Online Marketplace for Renting Bikes, Electronics & Appliances","Bengaluru","TVS Motor Company","Seed Funding","234000.0"
"723","6/5/2017","Goomo","Consumer Internet","Online Travel & Holiday Booking platform","Mumbai","Emerging India","Private Equity","50000000.0"
"724","6/5/2017","MaxMyWealth","Consumer Internet","Online Wealth Management & Savings platform","Mumbai","lockchain ecosystem Global Advisors, Horseferry","Private Equity",""
"725","6/6/2017","Spinny","E-Commerce","Online Used Car marketplace","Gurugram","Blume Ventures, Indian Angel Network, Kunal Shah, Sandeep Tandon","Private Equity","1000000.0"
"726","6/6/2017","Healthbuds","Consumer Internet","Healthcare Discovery & booking platform","Kolkata","Arun Patodia, Bharat Kedia","Seed Funding",""
"727","6/6/2017","Ftcash","Consumer Internet","Mobile Payments platform","Mumbai","500 Startups, IvyCap Ventures","Private Equity",""
"728","6/6/2017","BHIVE Workspace","Consumer Internet","co-working spaces","Bengaluru","Blume Ventures","Private Equity","1200000.0"
"729","6/6/2017","wayForward","Consumer Internet","Mobile app for Mental Health","New Delhi","Harsh Mahajan, Farhan Naqvi, Sreepathy Viswanathan","Seed Funding","1000000.0"
"730","6/6/2017","GyanDhan","Consumer Internet","Education Marketplace","New Delhi","Sundaram Finance Holdings","Private Equity",""
"731","6/6/2017","Hungry Foal","Consumer Internet","For profit Social Venture","Gurugram","SBI (Stand Up India Scheme)","Private Equity",""
"732","6/7/2017","ZipLoan","Consumer Internet","Online lending platform","New Delhi","WaterBridge Ventures","Seed Funding","650000.0"
"733","6/7/2017","GrowFitter","Consumer Internet","health and fitness discovery platform","Mumbai","SQue Capital","Seed Funding","600000.0"
"734","6/8/2017","Stratfit","Consumer Internet","Health coaching programs","Hyderabad","Bodhtree Consulting Limited","Seed Funding","232000.0"
"735","6/8/2017","Multiplier Solutions","Technology","CRM Software for Healthcare space","Hyderabad","Norwest Venture Partners","Private Equity","1500000.0"
"736","6/8/2017","ABI Health","Technology","Unified Digital Health Platform","Bengaluru","Norwest Venture Partners","Private Equity","1500000.0"
"737","6/8/2017","Stockal","Consumer Internet","App-based Investment advisory Services","Bengaluru","Mohan Alexander, R. Natarajan, Vikrant Varshney, Amit Sinha","Seed Funding","350000.0"
"738","6/9/2017","Guidoo","Consumer Internet","Travel & adventure planning platform","Mumbai","Pawan Borle, Nirmal Singh, Manish Prasad, Vineet Varma, Nick Haulkoury, Abhai S. Rao","Seed Funding","300000.0"
"739","6/9/2017","eSahai.in","Consumer Internet","ambulance aggregator and medical taxi provider","Hyderabad","Dr Ramesh Ayyala, Satya Muthyala","Seed Funding","250000.0"
"740","6/12/2017","Loanmeet","Consumer Internet","Online peer-to-peer lending platform","Bengaluru","Cao Yibin, Huang Wei, Madhusudan E,","Seed Funding",""
"741","6/12/2017","LendingKart","Consumer Internet","Online Lending platform","Ahmedabad","Yes Bank","Debt Funding","7800000.0"
"742","6/12/2017","Boxx.ai","Technology","Artificial Intelligence","Bengaluru","Unicorn India Ventures, Venky Krishnakumar, Suresh Shankar, Vivek Bhargava","Private Equity","500000.0"
"743","6/12/2017","PeeSafe.in","Healthcare","Hygiene care product manufacturer","New Delhi","Venture Catalysts, Alfa Capital, Green Shots Capital, Real Time Ventures","Private Equity","1000000.0"
"744","6/12/2017","Vista Rooms","Consumer Internet","Online rooms aggregation platform","Mumbai","Artha India Ventures, Singularity Holdings, Rajan Anandan, Girish Mathrubootham","Seed Funding","776000.0"
"745","6/12/2017","CoverFox","Consumer Internet","Online insurance brokerage platform","Mumbai","Transamerica","Private Equity","15000000.0"
"746","6/13/2017","HyperTrack","Technology","Location tracking solutions","New Delhi","Nexus Venture Partners, Founders Fund","Private Equity",""
"747","6/13/2017","Goodera","Technology","CSR and sustainability management platform","Bengaluru","Nexus Venture Partners, Omidyar Network","Private Equity","5500000.0"
"748","6/13/2017","Digit","Technology","Tech driven Insurance platform","Bengaluru","Fairfax Holdings","Private Equity",""
"749","6/14/2017","Ola","Consumer Internet","Cab Aggregation App","Bengaluru","Tekne Capital Management LLC","Private Equity","50000000.0"
"750","6/14/2017","Vanitycask","Consumer Internet","Beauty products discovery platform","Mumbai","RB Investments","Seed Funding",""
"751","6/14/2017","MrNeeds","Consumer Internet","Micro Food Delivery platform","Noida","undisclosed investors","Seed Funding","500000.0"
"752","6/15/2017","MoneyTap","Consumer Internet","Money Lending platform","Bengaluru","Sequoia India, NEA, Prime Venture Partners","Private Equity","12300000.0"
"753","6/16/2017","Goodbox","E-Commerce","Mobile SAAS\\xc2\\xa0 ECommerce platform for SMEs","Bengaluru","Nexus Venture Partners, Mekin Maheshwari","Private Equity","1000000.0"
"754","6/16/2017","Fincash","Consumer Internet","Personal Finance platform","Mumbai","Mohammed Khan, Sameer Narayan & Others","Seed Funding","100000.0"
"755","6/16/2017","PortDesk","Technology","Maritime Solutions","Noida","Alphard Maritime Group","Seed Funding","2000000.0"
"756","6/16/2017","EdgeFx","E-Commerce","DIY project Kits seller","Hyderabad","Cross Border Angels & Experts, Rajasthan Angel Innovators Network, The Chennai Angels","Seed Funding",""
"757","6/16/2017","EazyDiner","Consumer Internet","Online Restaurant Reservation Platform","Gurugram","YouWeCan Ventures","Seed Funding",""
"758","6/16/2017","HealthIntel","Healthcare","Online Pharmacy","New Delhi","BLIP Initiatives","Seed Funding",""
"759","6/19/2017","Unbxd","Technology","Cloud-based product discovery platform","Bengaluru","Eight Roads Ventures","Private Equity","12500000.0"
"760","6/19/2017","DarwinBox","Technology","Enterprise human resources management platform","Hyderabad","Lightspeed India Partners, Endiya Partners, 3one4 Capital Advisors LLP, Startupxseed Ventures LLP","Private Equity","4000000.0"
"761","6/20/2017","ForeverShop","Consumer Internet","Mobile based ecommerce platform","Bengaluru","91maker.com","Seed Funding","300000.0"
"762","6/20/2017","Insider.in","Consumer Internet","Events Ticketing platform","Mumbai","Paytm","Private Equity","5200000.0"
"763","6/21/2017","Fynd","E-Commerce","Fashion etailer","Mumbai","IIFL Seed Ventures, Kae Capital, FJ Labs, Singularity Ventures, GrowX, Tracxn Labs, Axis Capital","Private Equity","2400000.0"
"764","6/21/2017","Grow Fit","Consumer Internet","Health-Tech platform","Bengaluru","Manipal Education and Medical Group (MEMG), SAR Group, The Grover Trust","Private Equity","4500000.0"
"765","6/21/2017","Fabulyst","Technology","Artificial Intelligence based platform","Hyderabad","iBhubs","Seed Funding","215000.0"
"766","6/21/2017","mSwipe","Technology","Point-of-Sale services","Mumbai","UC-RNT Fund, Matrix Partners, alcon Edge Capital, DSG Consumer Partners","Private Equity","31000000.0"
"767","6/21/2017","OneAssist","Consumer Internet","Credit card fraud protection","Mumbai","Sequoia Capital","Private Equity",""
"768","6/22/2017","Julia Computing","Technology","Open Source Language for Data Science and Machine Learning","Bengaluru","General Catalyst, Founder Collective","Private Equity","4600000.0"
"769","6/22/2017","Kissht","Consumer Internet","Consumer Lending platform","Mumbai","Endiya Partners, Ventureast","Private Equity","2000000.0"
"770","6/22/2017","Explore Life traveling","Consumer Internet","Local homes booking platform","Bengaluru","Mekin Maheshwari, Bharat Vijay, Krish Seshadri, Amar Arsikere","Seed Funding","500000.0"
"771","6/23/2017","Loantap","Consumer Internet","Lending platform for salaried professionals","Mumbai","Kae Capital, India Quotient, IFMR, and MAS Financial Services Ltd","Private Equity","4000000.0"
"772","6/23/2017","Voxweb","Consumer Internet","Mobile based social networking platform","Mumbai","Undisclosed investors","Seed Funding","1000000.0"
"773","6/26/2017","HUG Innovations","Technology","Gesture based\\xc2\\xa0 Smartwatch manufacturer","Hyderabad","Mohit Srivastav, Kishore Ganji, Venkat Vallabhaneni, Rajeev Menon","Private Equity","5000000.0"
"774","6/26/2017","Flipkart","E-Commerce","Online marketplace","Bengaluru","Naspers","Private Equity","71000000.0"
"775","6/26/2017","V Resorts","Consumer Internet","Holiday & Vacation resort aggregator","Noida","Seedfund, RB International","Private Equity","4000000.0"
"776","6/27/2017","Stashfin","Consumer Internet","Personal Finance App","New Delhi","Snow Leopard Ventures, Alto Partners","Private Equity","5000000.0"
"777","6/27/2017","Formcept","Consumer Internet","Unified Data Analysis platform","Bengaluru","Gujarat Venture Finance Ltd","Private Equity",""
"778","6/27/2017","Spares Hub","E-Commerce","Automobile parts marketplace","Pune","The Chennai Angels, Anthill Scale Ventures, Esvee Technologies Inc, Inc95 Consulting","Seed Funding","311000.0"
"779","6/28/2017","FiTraQ","Consumer Internet","Fitness Centre Discovery Platform","New Delhi","Aparup Sengupta, Devendra Reddy,","Seed Funding",""
"780","6/28/2017","Rubique","Consumer Internet","Online Marketplace for financial products","Mumbai","Kalaari Capital, Udayan Goyal","Private Equity","3000000.0"
"781","6/28/2017","Niki.ai","Consumer Internet","AI Based Personal Assistant","Bengaluru","SAP.iO, Unilazer Ventures","Private Equity","2000000.0"
"782","6/29/2017","Fitpass","Consumer Internet","Online Fitness Marketplace","New Delhi","Abhinav Bindra, Gaurav Marya","Private Equity","1000000.0"
"783","6/29/2017","ZingHR","Technology","digital employee solutions,","Mumbai","Zeta","Private Equity",""
"784","6/30/2017","Tagos Design","Technology","in-video discovery platform","Bengaluru","Undisclosed Investors","Private Equity","5000000.0"
"785","6/30/2017","UrbanClap","Consumer Internet","Mobile Services Marketplace","Gurugram","Vy Capital, SAIF Partners, Accel Partner, Bessemer Venture Partners","Private Equity","21000000.0"
"786","5/1/2017","Ace2three","Consumer Internet","Online Rummy playing Website","Hyderabad","Clairvest Group","Private Equity","73700000.0"
"787","5/1/2017","Power2SME","E-Commerce","Buying portal for SMEs","Gurugram","International Finance Corporation","Private Equity","10000000.0"
"788","5/2/2017","Innovapptive","Technology","Enterprise Mobility Solutions","Hyderabad","Hyderabad Angels","Seed Funding","1500000.0"
"789","5/2/2017","4tigo","Logistics","Truck Network company","Bengaluru","Accel Partners, Nandan Nilekani,","Private Equity","10000000.0"
"790","5/2/2017","SMECorner","Consumer Internet","Online Platform for small business loans","Mumbai","Dutch government fund","Private Equity",""
"791","5/2/2017","ZippServe","Consumer Internet","Real estate risk assessment platform","Bengaluru","undisclosed investors","Seed Funding","390000.0"
"792","5/3/2017","Ola","Consumer Internet","Cab Aggregation App","Bengaluru","Falcon Edge Capital,\\xc2\\xa0 Capital Advisers","Private Equity","104500000.0"
"793","5/3/2017","Sumeru","Technology","Software & Mobile development services","Bengaluru","undisclosed investors","Seed Funding","1000000.0"
"794","5/4/2017","Healthians","Consumer Internet","Online Diagnostics and wellness platform","New Delhi","Asuka Holdings, YouWeCan Ventures, Beenext, Beenos, M&S Partners","Private Equity",""
"795","5/5/2017","HealthMir","Consumer Internet","AI-based health content platform","New Delhi","Nimit Panigrahi","Seed Funding",""
"796","5/5/2017","Uactive","Consumer Internet","Health-based social networking & discovery App","Mumbai","Hinduja family","Seed Funding",""
"797","5/5/2017","i-lend","Consumer Internet","Peer-to-peer lending platform","Hyderabad","50K Ventures","Seed Funding",""
"798","5/5/2017","Good Methods Global","Technology","Cloud Based Practice Management Software","Trivandrum","Accel Partners","Private Equity",""
"799","5/5/2017","Balance App","Consumer Internet","Money Savings & Management App","Bengaluru","Rainmatter","Seed Funding","233000.0"
"800","5/8/2017","YepMe","E-Commerce","Private Label Fashion etailer","Gurugram","Rainbow Digital Services Pvt. Ltd, ILearnFinance Academy Pvt. Ltd.","Private Equity","700000.0"
"801","5/8/2017","Nightstay","Consumer Internet","Last minute hotel booking mobile app","New Delhi","Indian Angels Network, LetsVenture","Seed Funding",""
"802","5/8/2017","Devourin","Technology","Restaurant Automation Solution","Pune","Deepak Nathani","Seed Funding",""
"803","5/8/2017","MyGreens","Food & Beverage","Cold-press Juices manufacturer","New Delhi","Ajay Relan, LetsVenture","Seed Funding","1000000.0"
"804","5/8/2017","Ace Turtle","Technology","Omni-Channel Platform","Bengaluru","Vertex Ventures, C31 Ventures","Private Equity","5000000.0"
"805","5/8/2017","CureFit","Technology","Health-Tech Platform","Bengaluru","Trifecta Capital Advisors LLP, Prathithi Investment Trust, RNT Capital, Gokul Rajaram, Aditya Agarwal, Ruchi Sanghvi & others","Private Equity","3200000.0"
"806","5/9/2017","Curie Labs","Technology","Energy Analytics startup","New Delhi","Satoshi Studios","Seed Funding","50000.0"
"807","5/9/2017","Uncanny Vision","Technology","Computer Vision on Embedded Systems","Bengaluru","Anand Chandrasekaran","Seed Funding",""
"808","5/9/2017","Anchanto","Technology","Ecommerce Fulfilment and Technology Platform","Pune","Luxasia Group","Private Equity",""
"809","5/9/2017","Sequretek","Technology","IT Security & Data Management Services","Mumbai","GVFL, Unicorn India Ventures","Private Equity",""
"810","5/10/2017","Lucideus","Technology","Cyber Security Startup","New Delhi","Vellayan Subbiah, Jonathan Boutelle, Rajan Anandan,\\xc2\\xa0 Rahul Chawla, Salil Donde, Amit Ranjan, Govind Rajan & Others","Seed Funding",""
"811","5/10/2017","Vidooly","Consumer Internet","Video Intelligence platform","Noida","Times Internet, GVFL","Private Equity","1400000.0"
"812","5/10/2017","Shopclues","E-Commerce","Online marketplace","Gurugram","InnoVen Capital","Private Equity","7700000.0"
"813","5/10/2017","Fourth Ambit","Consumer Internet","Community Building platform","Bengaluru","1Crowd","Seed Funding","600000.0"
"814","5/10/2017","Chymera VR","Technology","Advertising Platform for Virtual Reality","Bengaluru","Varsha Rao, Surojit Chatterjee, Nirav Choksi & Others","Seed Funding",""
"815","5/11/2017","Early Salary","Consumer Internet","Online lending platform","Pune","DG Ventures India, Dewan Housing Finance Corp","Private Equity","4000000.0"
"816","5/11/2017","Book My Diamond","E-Commerce","Diamond B2B eTailer","Mumbai","Chirag Nikunj Sheth & Others","Seed Funding",""
"817","5/11/2017","ION Energy","Technology","Clean Tech Startup","Mumbai","Aakrit Vaish, Swapan Rajdev, Sushill Jiwarajka","Seed Funding",""
"818","5/12/2017","Legal Raasta","Consumer Internet","Legal Services to SMEs & Individuals","New Delhi","Impanix Capital","Private Equity","5000000.0"
"819","5/12/2017","Log 9 Materials","Technology","NanoTech product developer","Bengaluru","GEMs","Seed Funding",""
"820","5/12/2017","Remit Guru","Consumer Internet","Digital money transfer platform","Mumbai","Infibeam, CCavenue","Private Equity","466000.0"
"821","5/12/2017","Aequm","E-Commerce","Cloud ECommerce platform","Bengaluru","undisclosed investors","Seed Funding","1000000.0"
"822","5/15/2017","Zapty","Technology","Project Management tool","Bengaluru","IdeaSpring Capital","Seed Funding","500000.0"
"823","5/15/2017","Vernacular.ai","Technology","Multi-lingual AI Platform for Businesses","Bengaluru","Kstart Capital","Seed Funding",""
"824","5/16/2017","Niki.ai","Technology","AI-based chatbot","Bengaluru","SAP","Private Equity",""
"825","5/16/2017","Telr","Technology","Online Payment Gateway","Mumbai","Innovations East","Private Equity","3000000.0"
"826","5/16/2017","Fynd","E-Commerce","Fashion ECommerce Portal","Mumbai","Rocketship","Private Equity","500000.0"
"827","5/17/2017","Genie","Consumer Internet","hyperlocal delivery and logistics mobile app","Chennai","undisclosed investors","Seed Funding","250000.0"
"828","5/17/2017","Paysense","Consumer Internet","Online Lending platform","Mumbai","Jungle Ventures","Private Equity","5300000.0"
"829","5/18/2017","The Good Life","E-Commerce","Online Luxury Tea etailer","Mumbai","Ayesha Takia Azmi, Abu Farhan Azmi","Seed Funding","1000000.0"
"830","5/18/2017","PumpKart","E-Commerce","Online Water Pumps etailer","Chandigarh","Dr. Ritesh Malik","Seed Funding",""
"831","5/18/2017","Paytm","E-Commerce","Mobile Wallet & ECommerce platform","Bengaluru","SoftBank Group","Private Equity","1400000000.0"
"832","5/19/2017","EzCred","Consumer Internet","Consumer Lending Platform","Bengaluru","Dheeraj Pandey, Rajesh Yohannan, Akash Garg","Seed Funding","1000000.0"
"833","5/19/2017","HealthSutra","Food & Beverage","Health Food Maker","Hyderabad","Ankur Capital, Hyderabad Angels","Seed Funding",""
"834","5/20/2017","YepMe","E-Commerce","Private Fashion Brand etailer","New Delhi","Gokaldas Exports Ltd","Private Equity",""
"835","5/22/2017","Delhivery","Logistics","ECommerce Logistics provider","New Delhi","Fosun International","Private Equity","30000000.0"
"836","5/22/2017","ZipGrid","Consumer Internet","Cashless, paperless solutions for Housing societies","Mumbai","JLL, 1Crowd","Seed Funding","500000.0"
"837","5/23/2017","TravelSpice","E-Commerce","Travel ECommerce portal","Hyderabad","Eagle10 Ventures","Seed Funding",""
"838","5/23/2017","Magicpin","Consumer Internet","Hyperlocal discovery platform","Gurugram","Lightspeed Venture Partners, Vy Capital,","Private Equity","6600000.0"
"839","5/23/2017","The Print","Consumer Internet","News Portal","New Delhi","Ratan Tata, Nandan Nilekani, Uday Kotak, Vijay Shekhar Sharma, Kiran Mazumdar-Shaw, Rajiv C Mody","Seed Funding",""
"840","5/23/2017","Box8","Consumer Internet","Food Delivery Platform","Mumbai","Trifecta Capital","Private Equity","1000000.0"
"841","5/24/2017","GenNext Students","Consumer Internet","Online Tutoring Services","Mumbai","Undisclosed Investors","Seed Funding","580000.0"
"842","5/25/2017","Aye Finance","Finance","Non-Banking Financial Company","Gurugram","Blue Orchard","Private Equity","8000000.0"
"843","5/26/2017","WhatsLoan","Consumer Internet","Online Lending mobile app","Bengaluru","Lahiri Music\\xe2\\x80\\x99s family office","Seed Funding",""
"844","5/29/2017","Cube Consumer Services","Consumer Internet","Finance management Mobile app","Mumbai","Unknown","Seed Funding",""
"845","5/29/2017","Nivesh","Consumer Internet","Online MF investment platform","Noida","PV Sahad, Sandeep Shroff, Rahul Gupta","Seed Funding",""
"846","5/29/2017","Wowflux","Technology","image Processing solution","New Delhi","Undisclosed Investors","Seed Funding",""
"847","5/29/2017","Collateral Medical","E-Commerce","Online Medical equipment supplier","Mumbai","Carpediem Capital","Private Equity","3500000.0"
"848","5/30/2017","Loadshare","Logistics","Express Logistics Network","Bengaluru","Matrix Partners","Seed Funding",""
"849","5/30/2017","SimpliLend","Consumer Internet","Online lending platform","New Delhi","Undisclosed Investors","Seed Funding",""
"850","5/30/2017","Supr Daily","Consumer Internet","Subscription based delivery platform","Mumbai","Soma Capital, Great Oaks Ventures, 122 West Ventures","Private Equity","1500000.0"
"851","5/30/2017","Swiggy","Consumer Internet","Online food delivery platform","Bengaluru","Nasper, Accel India, SAIF Partners, Bessemer Venture Partners, Harmony Partners, Norwest Venture Partners","Private Equity","80000000.0"
"852","5/31/2017","SastaSundar","E-Commerce","Online Pharmacy","Kolkata","Rohto Pharmaceutical","Private Equity","5000000.0"
"853","5/31/2017","Magicpin","Consumer Internet","Hyperlocal Discovery\\xc2\\xa0 & Rewards platform","Gurugram","Lightspeed India Partners, Waterbridge Ventures","Private Equity","7000000.0"
"854","4/1/2017","Cashe","Consumer Internet","Online & Mobile based Lending platform","Mumbai","Mathew Cyriac, Florintree Advisors,","Private Equity","3800000.0"
"855","4/3/2017","Eruditus","Education","Executive Education Provider","Mumbai","Bertelsmann India","Private Equity","8200000.0"
"856","4/3/2017","TestBook","Consumer Internet","Online Test Preparation Platform","Mumbai","Matrix Partners India","Private Equity",""
"857","4/3/2017","Healthcare at Home","Healthcare","Home Healthcare Provider","Noida","Quadria Capital Advisors","Private Equity","40000000.0"
"858","4/3/2017","Tyre Express","Technology","Enterprise IoT solutions For Tyre Performance","Mumbai","Rohitash Gupta","Seed Funding",""
"859","4/3/2017","SmartCoin","Consumer Internet","Micro Lending platform","Bengaluru","Unicorn India Ventures & Others","Private Equity",""
"860","4/4/2017","WayCool","Food & Beverage","Fresh-Produce Distribution Platform","Chennai","Aspada Investments","Private Equity","2700000.0"
"861","4/4/2017","Perfios","Technology","Fin-Tech Solutions","Bengaluru","Bessemer Venture Partners","Private Equity","6100000.0"
"862","4/4/2017","Whatfix","Technology","Interactive Tech-Support Guides","Bengaluru","Stellaris Venture Partners, Helion Venture Partners, Powerhouse Ventures, Gokul Rajaram, Girish Mathrubootham, Aneesh Reddy, Vispi Daver","Private Equity","3690000.0"
"863","4/4/2017","ElastiRun","Technology","App based Logistics & Distribution platform","Pune","Kalaari Capital, Norwest Venture Partners","Private Equity","7000000.0"
"864","4/4/2017","Trukky","Consumer Internet","Online Truck Aggregator & Booking platform","Ahmedabad","Keyur Joshi, Pavan Bakeri","Seed Funding","500000.0"
"865","4/4/2017","Konsult App","Consumer Internet","App based Doctor Consulting platform","New Delhi","Koen Bouwers, Lomesh Agarwal, Jeroen Mensen, Pablo van den Bosch & Others","Seed Funding","500000.0"
"866","4/5/2017","Credit Sudhaar","Consumer Internet","Credit Score Improvement platform","Mumbai","Deepak Kulkarni, Sandeep Pangal","Seed Funding",""
"867","4/5/2017","Fingerlix","Consumer Internet","Food Delivery Platform","Mumbai","Zephyr Peacock India","Private Equity","3000000.0"
"868","4/5/2017","DataWeave","Technology","Business Intelligence Solutions","Bengaluru","FreakOut Group, Blume Ventures, Herb Madan, WaterBridge Ventures","Private Equity",""
"869","4/6/2017","Medwell Ventures","Healthcare","Home-Based Healthcare provider","Bengaluru","Mahindra Partners, Eight Roads Ventures, F-Prime Capital Partners","Private Equity","21000000.0"
"870","4/6/2017","Mech Mocha","Consumer Internet","Mobile gaming startup","Bengaluru","Accel Partners, Shunwei Capital","Private Equity","5000000.0"
"871","4/7/2017","Startup Buddy","Consumer Internet","Startup Support Platform","Gurugram","YouWeCan Ventures,","Seed Funding",""
"872","4/7/2017","QorQI","Healthcare","Online Healthcare provider","Noida","Paytm","Seed Funding",""
"873","4/7/2017","Twenty Two Motors","Technology","Smart Scooter manufacturer","Gurugram","Ishwar Singh,Farhaan Shabbir","Seed Funding",""
"874","4/7/2017","PharmEasy","E-Commerce","Online Pharmacy","Mumbai","Bessemer Venture Partners, Orios Venture Partners, Trifecta Capital,","Private Equity","18000000.0"
"875","4/8/2017","WonderChef","E-Commerce","Online marketplace for kitchen products","Mumbai","Labruyere Eberl\\xc3\\xa9","Private Equity",""
"876","4/8/2017","FastFox","Consumer Internet","Online rental discovery platform","Gurugram","Lightspeed India Partners, Blume Ventures, CyberAgent Ventures, GrowX Ventures, IMJ Investment Partners","Private Equity","4600000.0"
"877","4/10/2017","Omnify","Technology","SaaS platform for SMEs","Bengaluru","Rajan Anandan, L.D Sharma, Saurabh Arora","Seed Funding","150000.0"
"878","4/10/2017","Capital Float","Consumer Internet","Online Lending Platform for SME","Bengaluru","Mahindra and Mahindra Financial Services","Private Equity","2300000.0"
"879","4/11/2017","Ninjacart","E-Commerce","B2B agri-marketing platform","Bengaluru","Accel Partners, Nandan Nilekani\\xe2\\x80\\x99s NRJN Trust, Mistletoe, Qualcomm Ventures, M&S Partners","Private Equity","5500000.0"
"880","4/11/2017","MergerWare","Technology","Software solutions for M&As","Bengaluru","Philippe Bouchet","Seed Funding","100000.0"
"881","4/11/2017","Sports Flashes","Consumer Internet","Online Sports portal & Mobile app","New Delhi","Sushil Kumar, Sandeep Singh","Seed Funding",""
"882","4/12/2017","Clovia","E-Commerce","Online lingerie & Sleepwear etailer","New Delhi","Ivycap Ventures Advisors, Singularity Ventures and Ravi Dhariwal","Private Equity","4000000.0"
"883","4/12/2017","Emiza","Logistics","Third Party Logistics provider","Mumbai","Mayfield, Nishant Rao, Dileep Nath","Private Equity","4500000.0"
"884","4/12/2017","HackerEarth","Consumer Internet","Online Skill Assessment Platform","Bengaluru","DHI Group Inc, Prime Venture Partners, Beenext, Beenos, Digital Garage, BizReach","Private Equity","4500000.0"
"885","4/12/2017","Squadrun","Technology","Software-As-a-Service Platform","Noida","Blume Ventures, Contrarian Capital, 91springboard, Emergent Ventures, Abstract Ventures, Anthill Ventures, Axilor Ventures","Private Equity","2100000.0"
"886","4/12/2017","Tinmen","Consumer Internet","Food Delivery Platform","Hyderabad","MAPE Advisory Group, R Ramaraj, Corvus Ventures","Seed Funding",""
"887","4/12/2017","ScoutMyTrip","Consumer Internet","Online Travel planner","Mumbai","Z Nation Lab","Seed Funding",""
"888","4/13/2017","SafetyKart","E-Commerce","Safety & Hygiene Products etailer","Gurugram","Redcliffe Capital","Private Equity",""
"889","4/13/2017","WeAreHolidays","Consumer Internet","Travel Packages & Planner marketplace","Gurugram","Urrshila Kerkar,","Private Equity","7700000.0"
"890","4/14/2017","Ola Cabs","Consumer Internet","Cab Aggregator App","Bengaluru","SIMI Pacific Pte","Private Equity","260000000.0"
"891","4/15/2017","Myly","Consumer Internet","Mobile App for Schools","Jaipur","mall Industries Development Bank of India (SIDBI)","Seed Funding","310000.0"
"892","4/17/2017","CrediHealth","Consumer Internet","Online Medical Assistance platform","Gurugram","Tolaram Inc, Mountain Pine Capital","Private Equity","1500000.0"
"893","4/17/2017","Navia Life Care","Technology","Health Technology platform","New Delhi","Benori Ventures LLP","Seed Funding",""
"894","4/17/2017","Raw Pressery","Food & Beverage","Raw Pressed Juices manufacturer","Mumbai","Jacqueline Fernandez","Seed Funding",""
"895","4/17/2017","Snackible","Food & Beverage","Healthy Snacks manufacturer","Mumbai","Nibhrant Shah, Anandbir Singh, Anirudh Sheth, Pratik Singhi, Vikram Mehta, Murali Nair","Seed Funding","175000.0"
"896","4/17/2017","Be U Salons","Consumer Internet","Online Salon discovery & Booking Services","New Delhi","Gaurav Kachru, Sundeep Singh Sahni, Jatin Aneja, Arun Malhotra","Seed Funding","620000.0"
"897","4/17/2017","Simulanis","Consumer Internet","eLearning & Skills Development plat","New Delhi","Village Capital","Seed Funding",""
"898","4/17/2017","LendingKart","Consumer Internet","Lending platform for small businesses","Ahmedabad","Anicut Capital","Private Equity","4650000.0"
"899","4/18/2017","Innefu Security Consulting","Technology","Cyber Security solutions using AI","New Delhi","IndiaNivesh Venture Capital Fund","Private Equity","2000000.0"
"900","4/18/2017","Whodat","Technology","Markerless AR platform","Bengaluru","Ideaspring Capital","Private Equity","600000.0"
"901","4/18/2017","Absentia VR","Technology","Virtual Reality Startup","Bengaluru","Exfinity Venture Partners","Private Equity","1250000.0"
"902","4/19/2017","IOTrek","Technology","IoT Platform for Bus","New Delhi","Undisclosed Investor","Seed Funding","155000.0"
"903","4/20/2017","HolaChef","Consumer Internet","Online Food Delivery","Mumbai","SIDBI Venture Capital Ltd, Kalaari Capital","Private Equity","3000000.0"
"904","4/20/2017","Wooplr","E-Commerce","Social Commerce\\xc2\\xa0 Fashion platform","Bengaluru","Ankit Nagori","Private Equity",""
"905","4/21/2017","Video Ken","Consumer Internet","Video Based Collaborative Learning","Bengaluru","Ravi Garikipati, Surot Chatterjee, Ashish Agrawal, LG Chandrasekhar, Sashi Reddi","Seed Funding","1000000.0"
"906","4/24/2017","Faasos","Food & Beverage","QSR chain and online food delivery","Pune","Ligthbox Ventures II, Lightbox Expansion Fund, Sequoia Capital India, RuNet South Asia, RB Investments","Private Equity","6300000.0"
"907","4/24/2017","Oyo Rooms","Consumer Internet","Branded Budget Hotels Aggregator","Gurugram","SoftBank Vision Fund, Lightspeed Venture Partners, Sequoia Capital India Advisors, Greenoaks Capital Partners","Private Equity","250000000.0"
"908","4/24/2017","Toppr","Consumer Internet","Learning mobile app for students","Mumbai","WGG International","Private Equity","3200000.0"
"909","4/24/2017","Niramai","Healthcare","Breast Cancer Screening Solutions","Bengaluru","pi Ventures, Axilor Ventures, 500 Startups, Binny Bansal","Seed Funding",""
"910","4/25/2017","The Office Pass","Consumer Internet","CoWorking Spaces booking platform","Gurugram","Arun Tadanki, Aditya Verma","Seed Funding","245000.0"
"911","4/25/2017","UrbanClap","Consumer Internet","Mobile Services Marketplace","Gurugram","Trifecta Capital","Private Equity","3100000.0"
"912","4/26/2017","Awfis","Consumer Internet","Collaborative co-Working Spaces","Mumbai","Sequoia India","Private Equity","20000000.0"
"913","4/26/2017","Myra","Consumer Internet","Online Pharmacy","Bengaluru","Times Internet,Matrix Partners","Private Equity",""
"914","4/26/2017","Flytxt","Technology","Customer data analytics software","Mumbai","DAH Beteiligungs GmbH","Private Equity","11000000.0"
"915","4/26/2017","Howdy Ventures","Consumer Internet","Public and Private Events creation app","Chennai","S. Xavier Britto","Seed Funding","1500000.0"
"916","4/26/2017","StalkBuyLove","E-Commerce","Online fashion marketplace","New Delhi","Trifecta Capital","Private Equity","1000000.0"
"917","4/26/2017","ZipGo","Consumer Internet","Bus Pooling services platform","Bengaluru","Orios Ventures Partners, Team Builder Ventures, Omidyar Networks","Private Equity",""
"918","4/27/2017","Scootsy","Consumer Internet","On-Demand Food Delivery","Mumbai","Agnus Capital, Khattar Holdings","Private Equity","3600000.0"
"919","4/27/2017","Autobix","Technology","Software Solutions for Auto Dealership","Pune","GardX International","Seed Funding",""
"920","4/27/2017","eShiksha","Technology","Education Institution Management Solutions","Jaipur","Cross Border Angels & Experts","Seed Funding",""
"921","4/27/2017","iNurture","Consumer Internet","Online Educational courses","Bengaluru","BlackSoil Capital Pvt. Ltd","Private Equity","1500000.0"
"922","4/28/2017","Sepalika","Consumer Internet","Healthcare related content platform","New Delhi","Accel Partners","Seed Funding","750000.0"
"923","4/28/2017","Mintwalk","Consumer Internet","Financial advisory mobile app","Mumbai","Poshika Financial Ecosystem","Seed Funding",""
"924","4/29/2017","Qriyo","Consumer Internet","Tutor Discovery & Booking platform","Jaipur","NB Ventures","Private Equity",""
"925","3/1/2017","Ola","Consumer Internet","App based cab aggregator","Bengaluru","SoftBank Group Corp","Private Equity","330000000.0"
"926","3/1/2017","Belong","Consumer Internet","Online Jon Portal","Bengaluru","Sequoia Capital India","Private Equity","10000000.0"
"927","3/1/2017","Seenit","Consumer Internet","AI based Fashion Search Portal","Kolkata","Calcutta Angels Network (CAN), Augment Ventures","Seed Funding",""
"928","3/1/2017","Paalak","E-Commerce","Fresh Produce Selling portal","New Delhi","Vishwadeep Bajaj, Harsh Kundra, Nandkumar Rane, LN Buddharaju, Anupam Tyagi","Seed Funding",""
"929","3/2/2017","Celes Care","Consumer Internet","Women Healthcare & Information portal","Hyderabad","Ventureast, Endiya Partners, Eight Roads Ventures, F-Prime Capital Partners","Private Equity","1500000.0"
"930","3/2/2017","Karomi","Technology","Packaging Artwork Management software","Chennai","Ideaspring Capital","Seed Funding","500000.0"
"931","3/2/2017","Red Carpet","Consumer Internet","Micro Lending platform","Gurugram","Lightspeed Venture Partners","Private Equity","2500000.0"
"932","3/2/2017","Kreate Konnect","Technology","End-to-End Seller e-commerce solutions Provider","Vadodara","Langoor","Seed Funding",""
"933","3/2/2017","CreditMantri","Consumer Internet","Online Credit score & lending platform","Chennai","Quona Capital","Private Equity","7600000.0"
"934","3/3/2017","Lets Endorse","Consumer Internet","Online Ecosystem of social innovators","Bengaluru","Chandigarh Angels Network, Social Alpha and other unnamed angel investors","Seed Funding",""
"935","3/3/2017","Tydy","Technology","Employee Onboarding and Engagement platform","Bengaluru","Bhupen Shah, Jayesh Parekh, Sanjay Sathe","Seed Funding","275000.0"
"936","3/3/2017","Nactus","Consumer Internet","Professional Tutors discovery & booking mobile app","Jaipur","Sandeep Aggarwal, Gautam Chhaochharia, R Balachandar","Seed Funding",""
"937","3/3/2017","Oho Shop","Technology","eCommerce Mobile App Builder","Ahmedabad","Bennett, Coleman and Company Ltd","Private Equity","6700000.0"
"938","3/3/2017","Emojifi","Consumer Internet","Mobile App for live emoji","Hyderabad","Undisclosed angel investors","Seed Funding",""
"939","3/3/2017","Paytm Marketplace","E-Commerce","ECommerce Marketplace","Bengaluru","Alibaba","Private Equity","200000000.0"
"940","3/4/2017","iGenetics","Healthcare","Health Diagnostic Solutions","Mumbai","CDC Group Plc","Private Equity","19500000.0"
"941","3/6/2017","Juno Clinic","Consumer Internet","Online Counseling Platform","Mumbai","Atul Nishar","Seed Funding","1200000.0"
"942","3/6/2017","Summerlabel","Consumer Internet","Fashion and Lifestyle discovery platform","Gurugram","Aneesh Seth, Tushar Mittal","Seed Funding","150000.0"
"943","3/6/2017","PickMe","Consumer Internet","Gadget Insurance & Repair Services platform","Mumbai","SIDBI Venture Capital Fund","Private Equity","1790000.0"
"944","3/7/2017","Agrostar","Technology","Direct-to-Farmer Mobile-Based Retail platform","Pune","Accel Partners","Private Equity","10000000.0"
"945","3/7/2017","Zapr","Technology","DSP, TV Analytics & Cross-Platform advertising","Bengaluru","Star India Pvt Ltd","Private Equity","10000000.0"
"946","3/7/2017","Data Resolve","Technology","Cyber Security Solutions","Noida","IDFC Parampara Early Stage Opportunities Fund","Private Equity","1000000.0"
"947","3/7/2017","Book Servicing","Consumer Internet","Online Vehicle Services Booking platform","New Delhi","National Science and Technology Entrepreneurship Development Board","Seed Funding","30000.0"
"948","3/7/2017","Blowhorn","Consumer Internet","Intra-City Logistics provider","Bengaluru","IDG Ventures India, Michael & Susan Dell Foundation, Draper Associates, Unitus Seed Fund","Private Equity","3650000.0"
"949","3/8/2017","Rivigo","Logistics","Technology Enabled Logistics Company","Gurugram","Private Sector Banks (Debt Funding)","Private Equity","15000000.0"
"950","3/8/2017","PipeCandy","Technology","Intelligent Sales Prospecting Platform","Chennai","IDG ventures, Axilor Ventures, Emergent Ventures, Indian Angel Network","Seed Funding","1100000.0"
"951","3/8/2017","Supr Daily","Consumer Internet","Subscription based Home Delivery Platform","Mumbai","Y Combinator","Seed Funding","120000.0"
"952","3/8/2017","Parentune","Consumer Internet","Online Community for Parents","Gurugram","Kae Capital, SEGNEL Ventures","Private Equity",""
"953","3/9/2017","AppBrowzer","Consumer Internet","Instant Mobile Apps Store","Bengaluru","Deepak Gurnani","Seed Funding","500000.0"
"954","3/9/2017","MagicBricks","Consumer Internet","Online Real Estate Portal","Mumbai","Times Internet Ltd","Private Equity","4500000.0"
"955","3/10/2017","PeeBuddy","Healthcare","Female Hygiene product manufacturer","New Delhi","Indian Angel Network","Seed Funding","443000.0"
"956","3/10/2017","iOrderFresh","E-Commerce","Online fresh fruits and grocery store","New Delhi","Singapore Angel Network","Seed Funding",""
"957","3/10/2017","Lavelle Networks","Technology","SDN Solutions","Bengaluru","Ideaspring Capital","Seed Funding","600000.0"
"958","3/10/2017","PropertyShare","Consumer Internet","Fractional Proerty Ownership & Rental platform","Bengaluru","Asuka, Pravega Ventures, BEENEXT","Seed Funding",""
"959","3/14/2017","MyDermacy","Consumer Internet","Online Dermatology consultation platform","New Delhi","Cyber Carrier","Private Equity",""
"960","3/15/2017","LatestOne","E-Commerce","Tech Accessories e-tailer","Hyderabad","Florintree, Mathew Cyriac, Chidambaram Palaniappan, Bharat Sheth","Private Equity","3350000.0"
"961","3/15/2017","Frapperz","Consumer Internet","On-demand home services provider","Kolkata","Undisclosed Investor","Seed Funding","100000.0"
"962","3/16/2017","mPaani","Consumer Internet","Loyalty rewards app","Mumbai","IDG Ventures, Blume Ventures, Saha Fund,","Private Equity","1350000.0"
"963","3/16/2017","ShilpMIS","Technology","Virtual Reality platform","Surat","Puneet Gupta, Nimitt Desai & Others","Seed Funding",""
"964","3/16/2017","POPxo","Consumer Internet","Digital Media publication for women","New Delhi","GREE Ventures, Kalaari Capital and IDG Ventures India, Summit Media, Atul Goel, and Gurpreet Singh","Private Equity","3100000.0"
"965","3/16/2017","Fitso","Consumer Internet","Fitness Mobile App","Gurugram","Sujeet Kumar, Bhupender Singh, Yashish Dhaiya","Seed Funding","200000.0"
"966","3/17/2017","FarMart","Technology","Farming rental equipment provider","Gurugram","Indian Angel Network","Seed Funding",""
"967","3/21/2017","Flipkart","E-Commerce","ECommerce Marketplace","Bengaluru","Microsoft, eBay, Tencent Holdings","Private Equity","1400000000.0"
"968","3/21/2017","Airpay","Technology","Online payment Gateway","Mumbai","Kalaari Capital, Rakesh and Rajesh Jhunjhunwala","Private Equity","3670000.0"
"969","3/21/2017","MyGlamm","Consumer Internet","On-Demand Beauty Services","Mumbai","L\\xe2\\x80\\x99Occitane","Private Equity","5300000.0"
"970","3/22/2017","The Mons Co.","E-Commerce","Pregnancy & Baby Care etailer","New Delhi","Shripad Nadkarni, Nandu Nandkishore","Seed Funding",""
"971","3/22/2017","Haqdarshak","Consumer Internet","Tech-Enabled Social Enterprise","Bengaluru","Ravi Saxena, Sandeep Raju,","Seed Funding","191000.0"
"972","3/23/2017","Ixigo","Consumer Internet","Online Travel Search Engine","Gurugram","Sequoia Capital, Kinzon Capital","Private Equity","15000000.0"
"973","3/23/2017","Markets and Markets","Technology","Marketing Research Company","Pune","FTV Capital, Zodius Capital","Private Equity","56000000.0"
"974","3/24/2017","Bizom","Technology","supply chain automation platform","Bengaluru","Ojas Ventures","Seed Funding","382000.0"
"975","3/24/2017","BabyonBoard","Consumer Internet","Parenting Mobile App","Bengaluru","Mahavir Sharma, Vishal Jain, Rohit Sethi, Gaurav Luniya","Seed Funding",""
"976","3/24/2017","Delhivery","Technology","Tech enabled Fulfilment & Logistics Solutions","New Delhi","Carlyle Group, Tiger Global","Private Equity","100000000.0"
"977","3/27/2017","Sport Flashes","Consumer Internet","Sports Based Online Media portal","New Delhi","Vikas Bajaj, Amit Kharbanda,","Seed Funding",""
"978","3/28/2017","Fynd","E-Commerce","Online fashion marketplace","Mumbai","Venture Catalysts","Private Equity","500000.0"
"979","3/28/2017","Wigzo","Technology","Enterprise Automation suite","New Delhi","3one4 capital","Private Equity",""
"980","3/28/2017","DoneThing","Consumer Internet","On-demand Personal Assistant service","Gurugram","Brand Capital","Private Equity","300000.0"
"981","3/29/2017","Zapyle","E-Commerce","Luxury Fashion Marketplace","Bengaluru","Undisclosed Investors","Seed Funding",""
"982","3/29/2017","Ithaka","Consumer Internet","Vacation Trip Planning platform","Mumbai","Ankit Gupta, Puneet Motihar","Seed Funding","325000.0"
"983","3/29/2017","perpule","E-Commerce","Self-Checkout ECommerce App","Bengaluru","KStart Capital","Seed Funding","650000.0"
"984","3/29/2017","Byju\\xe2\\x80\\x99s","Consumer Internet","Online Education Platform","Bengaluru","Verlinvest","Private Equity",""
"985","3/29/2017","Licious","E-Commerce","Online Meat Ordering platform","Bengaluru","Mayfield India, 3one4 Capital, Sistema Asia Fund, Neoplux Technology Fund","Private Equity","10000000.0"
"986","3/29/2017","Medinfi","Consumer Internet","Doctor & Hospital search Platform","Bengaluru","Vinod Martin, Hemant Kaul, Prof. Ram Kumar Kakani & Others","Seed Funding","50000.0"
"987","3/30/2017","Indus OS","Technology","Mobile OS creator","Mumbai","JSW Ventures, VenturEast","Private Equity",""
"988","3/30/2017","Emflux Motors","Technology","Electric Motorcycle manufacturer","Bengaluru","Meher Roy, Nikhil Arora, Meet Kanodia, Krit Sankalp, Nitish Singh, Risabh Gupta","Seed Funding",""
"989","3/30/2017","Klinic App","Consumer Internet","Pathology & Diagnostic Tests Portal","Gurugram","Om Chaudhry","Seed Funding",""
"990","3/31/2017","Jhakaas","Consumer Internet","Offline Business Aggregator App","Mumbai","Malini Patel, Stelcore Management Services, Anjani Prasad","Seed Funding","155000.0"
"991","3/31/2017","Oriano Solar","Technology","Turnkey Solar Solutions","Mumbai","Samridhi Fund","Private Equity","3000000.0"
"992","3/31/2017","BigBasket","E-Commerce","Online Grocer","Bengaluru","Trifecta Capital","Private Equity","7000000.0"
"993","3/31/2017","Rooter","Consumer Internet","Sports engagement platform","New Delhi","Intex Technologies","Private Equity",""
"994","3/31/2017","FalconBrick","Technology","Real-Estate Workflow mobile app","Bengaluru","Satveer Thakral, LetsVenture, Mumbai Angels","Seed Funding",""
"995","3/31/2017","Icertis","Technology","ERP solutions provider","Pune","B Capital Group, Ignition Partners, Greycroft, e.ventures,\\xc2\\xa0 Eight Roads Ventures","Private Equity","25000000.0"
"996","2/2/2017","Clodura","Technology","Intelligent Sales Assistant","Pune","Undisclosed Investors","Seed Funding",""
"997","2/3/2017","Stockroom.io","Consumer Internet","Curated Platform for Developers","Hyderabad","Satya D Sinha, Gyanendra Singh","Seed Funding",""
"998","2/6/2017","Capital Float","Consumer Internet","Online lending platform","Bengaluru","IFMR Capital Finance","Private Equity","2500000.0"
"999","2/6/2017","iManageMyHotel","Technology","Hotel Management Solution","Kolkata","Jaarvis Accelerator","Seed Funding",""
"1000","2/7/2017","Inner Hour","Consumer Internet","Online Counselling Platform","Mumbai","Batlivala & Karani Securities, Venture Works","Seed Funding","450000.0"
"1001","2/7/2017","Travel Triangle","Consumer Internet","Online travel agent marketplace","Noida","RB Investments, SAIF Partners, Bessemer Venture Partners","Private Equity","10000000.0"
"1002","2/8/2017","Wandertrails","Consumer Internet","Online Travel, Adventure & Activities Portal","Bengaluru","Earlsfield Capital","Seed Funding","1000000.0"
"1003","2/8/2017","Zenatix","Technology","IoT Based Energy Monitoring & Control","Gurugram","pi Ventures, Blume Ventures","Private Equity","1200000.0"
"1004","2/8/2017","Cartrade","Consumer Internet","Automobile Classifieds Portal","Mumbai","Temasek Holdings","Private Equity","55000000.0"
"1005","2/8/2017","MindYourFleet","Technology","Car Rental Software Solutions","Noida","Japan Vyas, Tarun Adlakha","Seed Funding",""
"1006","2/8/2017","Edurev","Consumer Internet","Online Education Portal","Gurugram","Facebook FB Start programme","Seed Funding","40000.0"
"1007","2/9/2017","Voonik","E-Commerce","Women Apparel & Lifestyle etailer","Bengaluru","RB Investments, Sequoia Capital","Private Equity","6000000.0"
"1008","2/9/2017","1Crowd","Finance","Startup Crowd-funding platform","Mumbai","Ganesh Natarajan","Seed Funding",""
"1009","2/9/2017","Wooplr","E-Commerce","Women Fashion Portal","Bengaluru","Sistema Asia Fund, Amereus Group, Helion Ventures","Private Equity","8000000.0"
"1010","2/10/2017","48East","E-Commerce","Online Food Delivery Platform","Bengaluru","Al Dhaheri family","Private Equity","500000.0"
"1011","2/10/2017","Redesyn","Consumer Internet","Tech Enabler for Artists","Mumbai","ThinQbate","Seed Funding",""
"1012","2/13/2017","Sigtuple","Technology","Medical Automation platform","Bengaluru","Accel Partners, IDG Ventures, Endiya Partners, pi Ventures, VH Capital, Axilor Partners","Private Equity","5800000.0"
"1013","2/13/2017","Flutura","Technology","Decision Sciences Analytics Solutions","Bengaluru","Vertex Ventures, Lumis Partners","Private Equity","7500000.0"
"1014","2/13/2017","Wassup","Consumer Internet","On Demand Laundry & Dry Cleaning Services","Chennai","Anil Jain & other HNIs","Private Equity","3200000.0"
"1015","2/13/2017","Better Mortgage","Consumer Internet","Mortgage Offering Platform","Gurugram","Kleiner Perkins, Goldman Sachs, Pine Brook","Private Equity","15000000.0"
"1016","2/13/2017","Nurturey","Consumer Internet","Parenting Mobile App","New Delhi","Mohit Joshi & Others","Seed Funding","330000.0"
"1017","2/13/2017","Fyle","Technology","Expense Management Solution","Bengaluru","Pravega Ventures","Seed Funding","400000.0"
"1018","2/14/2017","GoBumpr","Consumer Internet","Online Bike & Car Services provider","Chennai","Mahalingam K, Girish Mathrubootham","Seed Funding","300000.0"
"1019","2/14/2017","CCAvenue","Consumer Internet","Online Payment Gateway","Mumbai","Infibeam","Private Equity","22400000.0"
"1020","2/14/2017","Connaizen","Technology","Data Analytics platform","New Delhi","Vikram Sud","Seed Funding",""
"1021","2/15/2017","Innov8","Consumer Internet","Co-Working Space Platform","New Delhi","Vijay Shekhar Sharma, Rajan Anandan, Kunal Shah, Girish Mathrubootham, Punit Soni, Anand Chandrasekaran, Sunil Kalra, Utsav Somani, Vishal Gondal, Vikram Limaye","Seed Funding",""
"1022","2/15/2017","ZestMoney","Consumer Internet","Online Consumer Lending platform","Bengaluru","PayU, Ribbit Capital, Omidyar Network","Private Equity","6500000.0"
"1023","2/15/2017","AirZaar","Technology","Drone operations management platform","Missourie","Quake Capital","Seed Funding","350000.0"
"1024","2/16/2017","Truebil","Consumer Internet","Online Marketplace for Used Cars","Mumbai","Shunwei Capital","Private Equity","3000000.0"
"1025","2/16/2017","YourStory","Consumer Internet","Online Media","Bengaluru","Kalaari Capital Partners, Qualcomm, 3ONE4 Capital Advisors, UC-RNT","Private Equity","3000000.0"
"1026","2/17/2017","Imaginate","Technology","AR & VR platform","Hyderabad","SRI Capital","Seed Funding","500000.0"
"1027","2/17/2017","The Ken","Consumer Internet","Online Media Platform","Bengaluru","Aprameya Radhakrishna, Deepak Natraj, Girish Mathrubootham, Mahesh Murthy, Pallav Nadhani, Pavan Ongole, Sandeep Mathur, Vijay Shekhar Sharma & Others","Seed Funding","400000.0"
"1028","2/17/2017","Urban Ladder","E-Commerce","Online Furniture Store","Bengaluru","Kalaari Capital, SAIF Partners, Steadview Capital, Sequoia Capital","Private Equity","15200000.0"
"1029","2/17/2017","Aisle","Consumer Internet","Online match-making app","Bengaluru","Konglo Ventures, White Unicorn Ventures, LetsVenture","Seed Funding",""
"1030","2/17/2017","TownScript","Consumer Internet","DIY event registration and ticketing portal","Pune","BookMyShow","Private Equity",""
"1031","2/17/2017","Leopetra","E-Commerce","Solution provider for pet needs","Mumbai","Facebook FBStart","Seed Funding","40000.0"
"1032","2/18/2017","Blood n Care","Consumer Internet","First Aid care app","Gurugram","Facebook FBStart","Seed Funding","40000.0"
"1033","2/20/2017","Flipkart","E-Commerce","Online Marketplace","Bengaluru","Bennett, Coleman and Co. Ltd (BCCL)","Private Equity","38700000.0"
"1034","2/21/2017","True Balance","Consumer Internet","Mobile balance Checking App","Gurugram","Softbank Ventures Korea, IMM Investment","Private Equity","15000000.0"
"1035","2/22/2017","Vebbler","Consumer Internet","Photo Sharing for Groups","Bengaluru","Facebook FBStart","Seed Funding","40000.0"
"1036","2/23/2017","Get My Parking","Consumer Internet","Smart Parking Platform","New Delhi","Indian Angel Network (IAN), BEENEXT, The Chennai Angels, Sunil Munjal","Private Equity","1100000.0"
"1037","2/23/2017","Lets Reap","Consumer Internet","B2B Mobile App for Pharmacies","Mumbai","Kunal Shah, Sandeep Tandon, Nitin Saluja, Gagan Goyal","Seed Funding",""
"1038","2/24/2017","Oglas","Consumer Internet","Mobile Advertising App","Noida","Pankaj Rungta, Yogesh Agarwal","Seed Funding",""
"1039","2/27/2017","Staydobe","Consumer Internet","Co-Living Spaces Aggregator","Bengaluru","Ishan Manaktala","Seed Funding",""
"1040","2/27/2017","Biryani By Kilo","Consumer Internet","Online Food Ordering & Delivery Portal","Gurugram","Chandigarh Angels, Ashish Gupta, Rohit, Ashish Chand, Sunil Singh & Others","Seed Funding","375000.0"
"1041","2/27/2017","Johari Shop","E-Commerce","Online Jewellery etailer","Bengaluru","Undisclosed Investors","Seed Funding","94000.0"
"1042","2/28/2017","NeoStencil","Consumer Internet","Live Online Coaching Classes","New Delhi","Brand Capital, Paragon Trust","Private Equity","1000000.0"
"1043","2/28/2017","Blackbuck","Logistics","Online freight aggregator","Bengaluru","Sands Capital, IFC, Accel Partners, Flipkart, Sanjiv Rangrass","Private Equity","70000000.0"
"1044","1/2/2017","TaxSutra","Consumer Internet","Online Tax Filing platform","Pune","TV Mohandas Pai, V Balakrishnan, PV Srinivasan","Seed Funding","366000.0"
"1045","1/3/2017","TempoGo","Technology","IoT & SAAS Solutions for Transportation Industry","Panaji","K2 Capital","Seed Funding","825000.0"
"1046","1/3/2017","GoFynd","E-Commerce","Fashion ecommerce portal","Mumbai","Anand Chandrasekaran, Rajiv Mehta, Ramakant Sharma","Seed Funding",""
"1047","1/3/2017","Vow Car Clinic","Consumer Internet","Online/App Based Car cleaning service provider","Gurugram","Vishal Malik","Seed Funding",""
"1048","1/4/2017","LearnTron","Technology","Blended Learning Delivery App for Schools & Corporates","Chennai","Kae Capital","Seed Funding",""
"1049","1/5/2017","MobiDent","Consumer Internet","Dentist Appointments booking platform","Bengaluru","DanGold Investment Corp","Private Equity",""
"1050","1/5/2017","Yostra","Technology","Healthcare Technology Solutions","Bengaluru","Marico Innovation Foundation (MIF), Villgro","Private Equity",""
"1051","1/6/2017","Leap India","Logistics","Supply Chain Solutions Provider","Mumbai","India Nivesh Growth Fund, Sixth Sense, TCI Ventures","Private Equity","13000000.0"
"1052","1/7/2017","FreeCharge","Consumer Internet","Mobile Wallet","Mumbai","Jasper Infotech Pvt Ltd","Private Equity","57000000.0"
"1053","1/9/2017","TicketNew","Consumer Internet","Movie Ticket Booking platform","Chennai","Alibaba Pictures","Private Equity","35000000.0"
"1054","1/10/2017","Intelligence Node","Technology","SAAS Based Retail Analytics Solutions","Mumbai","BlackSoil Capital Pvt Ltd","Private Equity","800000.0"
"1055","1/10/2017","Securens","Technology","e-surveillance services provider","Mumbai","Mayfield India, Trifecta Capital","Private Equity","5000000.0"
"1056","1/10/2017","Loan Frame","Consumer Internet","Small Business Loans Marketplace platform","Gurugram","Vedanta Capital, William Campbell, Toos N Daruvala","Private Equity","2250000.0"
"1057","1/10/2017","DriveSkool","Consumer Internet","online marketplace for driving schools","Bengaluru","Aavya Ventures","Seed Funding",""
"1058","1/10/2017","Medinfi","Consumer Internet","Doctor & Clinic Discovery portal","Bengaluru","Vinod Martin, Evan Lim, Kanchan Ghoshal, Ram Kumar Kakani","Seed Funding","100000.0"
"1059","1/10/2017","LensKart","E-Commerce","Online eyewear retailer","Bengaluru","Ronnie Screwvala","Private Equity","3500000.0"
"1060","1/11/2017","InstaOffice","Consumer Internet","CoWorking Spaces booking platform","Gurugram","Zishaan Hayath, Karan Chellani, Mohit Satyan","Seed Funding",""
"1061","1/12/2017","Hansel.io","Consumer Internet","Real-time Mobile App Management Platform","Bengaluru","IDG Ventures, Endiya Partners","Private Equity","1350000.0"
"1062","1/12/2017","Square Yards","Consumer Internet","Property Search Aggregator platform","Gurugram","Lohia Group, Andre Hoffman","Private Equity","10000000.0"
"1063","1/13/2017","Roambee","Technology","IoT smart Logistics and Asset Management Company","Mumbai","Deutsche Telekom Strategic Investments & Others","Private Equity","4100000.0"
"1064","1/13/2017","PaisaWapas","Consumer Internet","Cashback & Coupons platform","Bengaluru","Vividhity Ventures","Seed Funding",""
"1065","1/13/2017","iService","Consumer Internet","Gadgets Repair & Service Booking platform","Bengaluru","Blume Ventures, Girish Mathrubootham, Aprameya Radhakrishna","Seed Funding","440000.0"
"1066","1/14/2017","Unacademy","Consumer Internet","Online learning platform","Bengaluru","Nexus Venture Partners, Blume Ventures","Private Equity","4500000.0"
"1067","1/14/2017","SecururAX","Technology","Cloud-based solutions provider","Bengaluru","Axilor Ventures, Parampara Early Stage Opportunities Fund & Others","Private Equity",""
"1068","1/16/2017","Leadburg","Consumer Internet","Personality Development Mobile App","Bengaluru","Harsh V. Pant, Ratheesh Raveendran","Seed Funding",""
"1069","1/16/2017","ZoloStays","Consumer Internet","Branded PG Accomodation booking platform","Bengaluru","Nexus Venture Partners, Innoven Capital","Private Equity","5000000.0"
"1070","1/16/2017","Oi Media","Technology","SAAS Based Media Marketing platform","New Delhi","Quarizon","Seed Funding",""
"1071","1/16/2017","HipCouch","Consumer Internet","Custom & Modular Furniture platform","Mumbai","Undisclosed Investors","Seed Funding","700000.0"
"1072","1/17/2017","Curiositi","Consumer Internet","Online Learning Platform","Bengaluru","Menterra Social Impact Fund, Unitus Seed Fund","Private Equity","800000.0"
"1073","1/17/2017","TinyStep","Consumer Internet","Parenting Info & Social Network","Bengaluru","Flipkart","Private Equity","2000000.0"
"1074","1/17/2017","Practo","Consumer Internet","Online Healthcare platform","Bengaluru","Tencent,\\xc2\\xa0 ru-Net, RSI Fund, Thrive Capital","Private Equity","55000000.0"
"1075","1/17/2017","Ketchupp","Consumer Internet","Food Discovery Platform","New Delhi","India Quotient and others","Seed Funding","441000.0"
"1076","1/17/2017","Hoopy","Consumer Internet","Online Car Service Platform","Gwalior","undisclosed investors","Seed Funding","500000.0"
"1077","1/17/2017","Ezytruk","Consumer Internet","Logistics and truck aggregator platform","Bengaluru","Ajith Nair, Anish K","Seed Funding","147000.0"
"1078","1/18/2017","Kratikal","Technology","Cyber Security Solution provider","New Delhi","Amajit Gupta, Praveen Dubey, J.P. Bhatt","Seed Funding",""
"1079","1/18/2017","Direct Create","E-Commerce","B2B Marketplace for Handicrafts","Gurugram","Rajasthan Venture Capital Fund","Seed Funding",""
"1080","1/18/2017","Vahdam Teas","E-Commerce","Online Tea etailer","New Delhi","Mumbai Angels Network, Fireside Ventures, Singapore Angel Network","Seed Funding","650000.0"
"1081","1/18/2017","Qwikspec","Technology","Cloud-based construction","Bengaluru","Undisclosed Investors","Seed Funding","300000.0"
"1082","1/19/2017","PParke","Consumer Internet","Parking Solutions mobile app","Bengaluru","SB Ventures","Seed Funding",""
"1083","1/19/2017","Weddingz.in","Consumer Internet","Online Marketplace for Wedding Venues and vendors","Mumbai","Singularity Ventures","Private Equity","1000000.0"
"1084","1/19/2017","Native Special","E-Commerce","Indian Sweets & Snacks etailer","Karur","Indian Angel Network, Native Angels Network","Seed Funding",""
"1085","1/19/2017","Fitnapp","Consumer Internet","Fitness Mobile App","Noida","SD Group","Private Equity",""
"1086","1/20/2017","Ethosh","Technology","Visual and Interactive communications Solutions","Pune","Deepak Nathani","Seed Funding",""
"1087","1/20/2017","Wydr","E-Commerce","B2B Wholesale Marketplace in India","Gurugram","Bessemer Venture Partners, Stellaris Venture Partners, Jungle Venture Partners, Axis Capital","Private Equity",""
"1088","1/20/2017","Tyre Express","Technology","IoT platform for Tyre Performance management & tracking","Mumbai","IvyCamp Ventures","Seed Funding",""
"1089","1/20/2017","Connaizen","Technology","Data Analytics platform","New Delhi","Umang Moondra","Seed Funding",""
"1090","1/22/2017","MessaGif","Consumer Internet","social messaging platform","New Delhi","Undisclosed investor","Seed Funding","50000.0"
"1091","1/23/2017","SmartHi","Technology","Audit automation Solutions","Pune","Singapore based investor","Seed Funding",""
"1092","1/23/2017","CRON Systems","Technology","Border Intrusion Alert Solutions","New Delhi","YourNest Fund II","Seed Funding",""
"1093","1/23/2017","CueMath","Technology","Maths Learning program","New Delhi","CapitalG, Sequoia India","Private Equity","15000000.0"
"1094","1/23/2017","ChipperSage","Technology","Online learning platform","Bengaluru","India Educational Investment Fund","Seed Funding",""
"1095","1/24/2017","SelectJobs","Consumer Internet","Online Job portal","Mumbai","India Educational Investment Fund","Seed Funding",""
"1096","1/24/2017","Khel Now","Consumer Internet","Mobile-based Social Platform for Sports","Bengaluru","Indochine International","Private Equity","500000.0"
"1097","1/24/2017","NowFloats","Consumer Internet","Platform to take businesses online","Hyderabad","Iron Pillar and IIFL, Blume Ventures, Omidyar Network","Private Equity","10000000.0"
"1098","1/24/2017","Lets Transport","Consumer Internet","Online transport vehicle booking platform","Bengaluru","GMO Japan, Neelesh Bhatnagar","Private Equity","4000000.0"
"1099","1/24/2017","BetaOut","Technology","ECommerce Marketing Software","Noida","East Ventures & Others","Private Equity",""
"1100","1/25/2017","Wishberry","Consumer Internet","Crowdfunding Platform","Mumbai","Sharad Sharma, Rajan Anandan,\\xc2\\xa0 Amit Ranjan, Alok Mittal & others","Seed Funding",""
"1101","1/25/2017","RML Agtech","Technology","Agri Decision Support Solution for farmers","Pune","IvyCap Ventures","Private Equity","4000000.0"
"1102","1/25/2017","LoyaltyPrime","Technology","Loyalty program management solutions","New Delhi","Senovo, Unternehmertum Venture Capital, Alexander Bruehl","Private Equity",""
"1103","1/25/2017","InstaSafe","Technology","Security-as-a-Service solution provider","Bengaluru","ABM Knowledgeware","Private Equity","2200000.0"
"1104","1/25/2017","Infibeam","E-Commerce","eCommerce Marketplace","Ahmedabad","Bennett, Coleman and Company Ltd","Private Equity","8800000.0"
"1105","1/2/2017","99Games","Technology","Mobile Game Developer Studio","Udupi","Dream Incubator","Seed Funding",""
"1106","1/26/2017","AirMed Labs","Consumer Internet","Health Tests Booking platform & ePharmacy","Ahmedabad","Brand Capital","Private Equity","1400000.0"
"1107","1/26/2017","99PerHour","Consumer Internet","Hyper-local Handyman Service provider","Chennai","V Aanand R","Seed Funding","300000.0"
"1108","1/26/2017","Kochi Post","Consumer Internet","English Online News portal","Kochi","Rajesh Yohannan, Puthen & Cole","Seed Funding",""
"1109","1/30/2017","Intuit Things","Technology","IoT solutions for home automation applications","Mumbai","Sanjay Mehta & Others ( The Ten Minute Million)","Seed Funding","106000.0"
"1110","1/30/2017","Cloudrino","Technology","Cloud based Virtual Servers","New Delhi","The Ten Minute Million","Seed Funding","22500.0"
"1111","1/30/2017","FabX","E-Commerce","Used Furniture Marketplace","Mumbai","The Ten Minute Million","Seed Funding","68000.0"
"1112","1/30/2017","Maptags","Consumer Internet","Smart Online address tags","Bengaluru","The Ten Minute Million","Seed Funding","18000.0"
"1113","1/30/2017","YOLO Health","Consumer Internet","Online Healthcare platform","Mumbai","Chandigarh Angels Network (CAN)","Seed Funding",""
"1114","1/31/2017","Heads Up For Tails","E-Commerce","Online Pet Products Store","New Delhi","Undisclosed Investors","Private Equity","2000000.0"
"1115","1/31/2017","Register My Marriage","Consumer Internet","Online Marriage Registration services","New Delhi","Mumbai Angels","Seed Funding",""
"1116","12/1/2016","SidQam","Technology","Healthcare Software System","Noida","SQue Capital, Grace Capital Ventures, Soham Vencaps","Private Equity","1200000.0"
"1117","12/1/2016","India Lends","Consumer Internet","Online Instant personal Loan provider","New Delhi","DSG Consumer Partners, American Express Ventures, Cyber Carrier VC, AdvantEdge Partners","Private Equity","4000000.0"
"1118","12/1/2016","Slide App","Consumer Internet","Lock screen Rewards mobile app","New Delhi","Songhyun Investment","Private Equity","3600000.0"
"1119","12/2/2016","Badiyajobs","Consumer Internet","Entry-Level job Seekers platform","New Delhi","Undisclosed","Seed Funding","100000.0"
"1120","12/2/2016","Streo","Consumer Internet","Live Music Streaming App","Bengaluru","GEMs Advisory, Quarizon","Seed Funding",""
"1121","12/2/2016","TYGR","Technology","Transport and logistics mobile App","Mumbai","Franchise India","Private Equity","3000000.0"
"1122","12/5/2016","Mr Hot Foods","Consumer Internet","Online Food Ordering & Delivery Portal","Indore","IvyCamp Ventures","Seed Funding",""
"1123","12/5/2016","UrDoorStep","E-Commerce","Online Grocery Store","Bengaluru","Lakshmi Vilas Bank & undisclosed HNIs","Private Equity","1400000.0"
"1124","12/5/2016","ONN Bikes","E-Commerce","On-demand, self-drive bike rental platform","Mumbai","Grace Capital Ventures","Seed Funding",""
"1125","12/6/2016","Diro Labs","Consumer Internet","Mobile Contacts Management app","New Delhi","Info Edge (India)","Seed Funding","147000.0"
"1126","12/6/2016","THB","Technology","Clinical research and data analytics","Gurugram","Ajith Sukumaran, Currae Healthtech Fund","Seed Funding",""
"1127","12/7/2016","LookAtMe","Consumer Internet","Mobile App based Fashion Network","Singapore","Eros Labs","Seed Funding",""
"1128","12/7/2016","Netree","E-Commerce","Mobile-only Retailers Engagement Solution","New Delhi","The Chennai Angels, LetsVenture","Seed Funding",""
"1129","12/7/2016","BookEventz","Consumer Internet","Venue, Events Booking platform","Mumbai","Investors from Mumbai Angels & LetsVenture","Seed Funding",""
"1130","12/7/2016","Tailslife","Consumer Internet","Pet Parenting mobile app","Bengaluru","Mohan Kumar, V. Balakrishnan","Seed Funding",""
"1131","12/7/2016","Revv","Consumer Internet","Self-Driven Car Services booking portal","New Delhi","Edelweiss Private Equity","Private Equity","9000000.0"
"1132","12/7/2016","WealthApp","Consumer Internet","Online Investment Advisory platform","Bengaluru","Venk Krishnan, MJ Aravind, Vikram Kotak, Jayant Davar,\\xc2\\xa0 Ramkumar Nishtal, Arjun Sharmaa","Seed Funding","440000.0"
"1133","12/7/2016","Vehico","Technology","Connected Transportation solutions","Bengaluru","Calcutta Angel Network, Appliyifi","Seed Funding",""
"1134","12/8/2016","Zest Money","Consumer Internet","Online Consumer Lending platform","Mumbai","PayU","Private Equity","6500000.0"
"1135","12/8/2016","GoMechanic","Consumer Internet","Online Car servicing Booking platform","Gurugram","Venture Catalysts","Seed Funding","250000.0"
"1136","12/9/2016","Stalk Buy Love","E-Commerce","Fashion Apparel eTailer","New Delhi","Kalaari Capital","Private Equity","6000000.0"
"1137","12/9/2016","Nykaa","E-Commerce","Beauty Products etailer","Mumbai","Max Ventures and Industries","Private Equity",""
"1138","12/9/2016","Wittyparot","Technology","Content Management & Productivity platform","Bengaluru","Mumbai Angels","Seed Funding","450000.0"
"1139","12/9/2016","NeuroEquilibrium","Technology","Health-Tech platform","Jaipur","Unicorn India Ventures","Seed Funding","250000.0"
"1140","12/12/2016","Xseed Education","Technology","Education & learning Tech platform","Bengaluru","Verlinvest SA","Private Equity","10000000.0"
"1141","12/12/2016","Rupaiya Exchange","Consumer Internet","P2P Lending platform","New Delhi","Undisclosed Investors","Seed Funding","200000.0"
"1142","12/12/2016","Doctor Insta","Consumer Internet","Online Doctor Consulting platform","Gurugram","RoundGlass Partners","Private Equity","2000000.0"
"1143","12/12/2016","UrbanPiper","Consumer Internet","Self-Branded Websites & Apps for Ecommerce","Bengaluru","Axilor, undisclosed investors","Seed Funding",""
"1144","12/12/2016","Fresh Food Concepts","Food & Beverage","Cold Press Juice manufacturer & seller","New Delhi","Siddhartha Gupta, Ashvin Chadha","Seed Funding","2000000.0"
"1145","12/13/2016","Indifi","Consumer Internet","Online lending platform","Gurugram","Omidyar Network","Private Equity","10000000.0"
"1146","12/13/2016","GoComet","Logistics","Marketplace for International Freight","Mumbai","India Quotient, Rajul Garg, Rajesh Yabaji, Chanakya Hridaya, Ramasubramaniam B, Vishwanathan, Nobel House, Sunstone Capital","Seed Funding",""
"1147","12/13/2016","OfBusiness","E-Commerce","Online business-to-business (B2B) marketplace","Gurugram","Zodius Technology Opportunities Fund, Matrix Partners","Private Equity","11100000.0"
"1148","12/14/2016","Fitmein","Consumer Internet","Fitness Discovery & Booking platform","New Delhi","FiNC, GHV","Seed Funding",""
"1149","12/14/2016","Qacco","Consumer Internet","Hotel Booking platform","Gurugram","Lead Angels Network, Anbu Pandian, Prabhakar MR & Others","Seed Funding","150000.0"
"1150","12/14/2016","Fitpass","Consumer Internet","Fitness center aggregator & Booking mobile app","New Delhi","Mumbai Angels","Seed Funding","1000000.0"
"1151","12/14/2016","MoEngage","Technology","User analytics and engagement platform","Bengaluru","Anand Chandrasekaran","Seed Funding",""
"1152","12/14/2016","Ten3t Health","Technology","medical grade wearable patch maker","Bengaluru","V. Krishna Prasad, Bhupen Shah & Others","Seed Funding",""
"1153","12/14/2016","Trading Bells","Consumer Internet","Online Share & Commodity Broking platform","Indore","Swastika Investmart Ltd","Seed Funding","297000.0"
"1154","12/15/2016","SERV\\xe2\\x80\\x99D","Consumer Internet","Financial Services For Unorganized Workforce","Pune","Digital Financial Service Lab","Seed Funding","100000.0"
"1155","12/15/2016","IdeaForge","Technology","Drone Manufacturing","Mumbai","WRV Capital and IndusAge Partners, Infosys Innovation Fund","Private Equity","10000000.0"
"1156","12/15/2016","Amagi Media Labs","Technology","Media Technology Solutions","Mumbai","Emerald Media, Premji Invest","Private Equity","35000000.0"
"1157","12/15/2016","Pocket Aces","Technology","Digital Entertainment Company","Mumbai","Sequoia Capital India, North Base Media, Aarin Capital, 3one4 Capital, Axilor Ventures, Kunal Shah, Sandeep Tandon","Private Equity","3000000.0"
"1158","12/16/2016","Pi Data Centers","Technology","Cloud Data Center Solutions provider","Hyderabad","Epsilon Venture Partners","Private Equity","23000000.0"
"1159","12/16/2016","TripShelf","Consumer Internet","Holiday Packages provider","New Delhi","GEMS Advisory, Quarizon","Seed Funding","123000.0"
"1160","12/19/2016","Events High","Consumer Internet","Events & Activities Marketplace","Bengaluru","Axilor Ventures","Private Equity",""
"1161","12/19/2016","NoBroker","Consumer Internet","Rental property search portal","Bengaluru","KTB Network, SAIF Partners, BEENEXT, Digital Garage","Private Equity","7400000.0"
"1162","12/20/2016","VivoCarat","E-Commerce","Online jewellery marketplace","Mumbai","Undisclosed Investors","Seed Funding","50000.0"
"1163","12/20/2016","Tiyo","Consumer Internet","Doctor Search Mobile App","Kolkata","Ajith Nair","Seed Funding",""
"1164","12/20/2016","Zoomcar","Consumer Internet","Self-Driven Cab booking platform","Bengaluru","Cyber Carrier CL","Private Equity",""
"1165","12/20/2016","BYJU\\xe2\\x80\\x99s","Consumer Internet","Online Learning platform","Bengaluru","International Financial Corporation","Private Equity","15000000.0"
"1166","12/21/2016","Supr Daily","Consumer Internet","Daily Subscription based Delivery service","Mumbai","Dr. Apoorv Ranjan Sharma, Anil Jain, Anuj Golecha, Krishna Jhunjhunwala, Anirudh Damani","Seed Funding",""
"1167","12/21/2016","The BlueBook","Consumer Internet","online to offline marketing platform","Bengaluru","Indian Angel Network, Let\\xe2\\x80\\x99s Venture","Seed Funding","500000.0"
"1168","12/21/2016","MamaEarth","E-Commerce","Babycare Products seller","New Delhi","Fireside Ventures & Others","Seed Funding",""
"1169","12/21/2016","Vegetall","E-Commerce","Online Vegetable eTailer","Chennai","The Chennai Angels","Seed Funding","162000.0"
"1170","12/22/2016","Innoplexus","Technology","Data as a Service Provider","Pune","HCS Venture capital fund","Private Equity",""
"1171","12/22/2016","Mindler","Consumer Internet","Career Planning & Assessment platform","New Delhi","Taxmann","Seed Funding","324000.0"
"1172","12/22/2016","MCaffeine","E-Commerce","Personal care product etailer","Bengaluru","Kaushal Agarwal, Harminder Sahani, KK Mehra, Pranay Jivrajka, Navjot Saini","Seed Funding","300000.0"
"1173","12/23/2016","enKast","Technology","Cloud based CRM for Agencies","Bengaluru","Ivy League Alumni Angel Network","Private Equity","2000000.0"
"1174","12/23/2016","ShopKirana","E-Commerce","B2B platform for Merchants & Retailers","Indore","Incubate Fund, Lead Angels Group & Others","Private Equity",""
"1175","12/23/2016","MyAdvo","Consumer Internet","Legal Advice Platform","New Delhi","Pradyumna Dalmia, S. Somasegar & Others","Seed Funding",""
"1176","12/23/2016","Asocon","Technology","Process management startup","Noida","Quarizon","Seed Funding",""
"1177","12/23/2016","LexComply","Consumer Internet","Compliance Management Software","New Delhi","Ajay Relan","Seed Funding",""
"1178","12/26/2016","The Postbox","E-Commerce","Art & Lifestyle ECommerce Store","Chennai","The Chennai Angels, Ritesh Mehta, Aruna Ganesh Ram","Seed Funding",""
"1179","12/26/2016","Pandorum Technologies","Technology","3D printed experimental Human Liver tissue creator","Bengaluru","Sachin Bansal, Binny Bansal","Seed Funding",""
"1180","12/26/2016","Dekkho","Consumer Internet","Video Streaming platform","Mumbai","undisclosed investors","Seed Funding","1200000.0"
"1181","12/26/2016","Shadowfox","Logistics","On-Demand Delivery Service","Gurugram","Eight Roads Ventures","Private Equity","10000000.0"
"1182","12/27/2016","ShopX","E-Commerce","SAAS ECommerce Retail app","Bengaluru","Nandan Nilekani","Private Equity","5000000.0"
"1183","12/28/2016","BookEventz","Consumer Internet","Online event-booking platform","Mumbai","Lead Angels, Mumbai Angels, LetsVenture, Girish Mathrubootham, Anbu Pandian","Seed Funding",""
"1184","12/29/2016","Healthifyme","Consumer Internet","Fitness Mobile App","Bengaluru","NB Ventures","Private Equity","1000000.0"
"1185","12/29/2016","LetsMD","Consumer Internet","Healthcare plan comparison platform","New Delhi","WaterBridge Ventures,","Seed Funding",""
"1186","12/29/2016","Justbooks","Consumer Internet","Library Chain Aggregator","Bengaluru","CoCreate Ventures","Seed Funding",""
"1187","12/30/2016","InstantPay","Consumer Internet","Digital payments & recharge platform","New Delhi","RB Investments,\\xc2\\xa0 Kaleden Holdings","Private Equity",""
"1188","11/1/2016","PickMyLaundry","Consumer Internet","On-Demand Washing & Dry Cleaning Services","New Delhi","Kedar Lele, GHV Accelerator","Seed Funding","200000.0"
"1189","11/2/2016","FreshDesk","Consumer Internet","SAAS Based HelpDesk Services","Chennai","Sequoia Capital India, Accel Partners","Private Equity","55000000.0"
"1190","11/2/2016","LaundryAnna","Consumer Internet","On-Demand Washing & Dry Cleaning Services","Bengaluru","Undisclosed Investors","Seed Funding","150000.0"
"1191","11/2/2016","LetsMD","Consumer Internet","Healthcare Services Comparison Platform","New Delhi","Calcutta Angels Network, LetsVenture, Anupam Mittal, Currae Healthtech Fund","Seed Funding",""
"1192","11/2/2016","Sattviko","Food & Beverage","Health Food Restaurant Chain","New Delhi","Raman Roy, Ashish Gupta, Yogesh Andlay, Vaibhav Jain","Seed Funding",""
"1193","11/3/2016","Zarget","Technology","SaaS-based web optimisation and marketing platform","Chennai","Sequoia India","Private Equity","6000000.0"
"1194","11/3/2016","DoSelect","Consumer Internet","Skill Showcasing platform","Bengaluru","3one4 Capital, Mumbai Angels, Aarin Capital","Seed Funding",""
"1195","11/3/2016","EasyPolicy","Consumer Internet","Online insurance Portal","Noida","Unilazer Ventures,","Private Equity","10000000.0"
"1196","11/4/2016","Browntape","Technology","cloud-based software solutions company","Goa","Gati Ltd","Private Equity",""
"1197","11/4/2016","Connect India","Logistics","Last mile Delivery Network","Bengaluru","Aavishkaar Venture Management","Private Equity","1000000.0"
"1198","11/4/2016","Corseco","Technology","AI-based Software as a Service Solution provider","New Delhi","Ameera Shah, Vivek Bhargava","Seed Funding","150000.0"
"1199","11/4/2016","vImmune","Consumer Internet","Immunisation Management Platform","Bengaluru","Undisclosed investor","Seed Funding",""
"1200","11/4/2016","The Gourmet Jar","E-Commerce","Gourmet Food etailer","Noida","Chandigarh Angels Network","Seed Funding",""
"1201","11/5/2016","Medzin","E-Commerce","Online ordering & Delivery of medicines","New Delhi","A M Sikander","Seed Funding","45000.0"
"1202","11/5/2016","Bizongo","E-Commerce","Packaging Material Marketplace","Mumbai","IDG Ventures, Accel Partners","Private Equity","3000000.0"
"1203","11/7/2016","Rivigo","Technology","Technology based Logistics platform","Gurugram","Warburg Pincus","Private Equity","75000000.0"
"1204","11/7/2016","JustRide","Consumer Internet","Online Car Sharing platform","Mumbai","Justin Kan, Qasar Younis, Paul Bucche, Susa Ventures, Kima Ventures, Axan Venture, SCM Holdings","Private Equity","3000000.0"
"1205","11/9/2016","IIM Jobs","Consumer Internet","Online Job Portal","New Delhi","India Quotient","Private Equity","2000000.0"
"1206","11/9/2016","Square Yards","Consumer Internet","Online Property Search Portal","Gurugram","ADAG Reliance Private Equity","Private Equity","12000000.0"
"1207","11/10/2016","GolfLAN","Consumer Internet","Golf Session Online Bookings platform","New Delhi","YourNest Angel Fund, iSON","Private Equity","1000000.0"
"1208","11/10/2016","Yottaasys","Technology","Data Sciences platform","Bengaluru","Gleevoaz Ventures","Private Equity",""
"1209","11/10/2016","Tone Tag","Technology","Contactless Payment Solution","Bengaluru","Arun Seth, T.V. Mohandas Pai, Anand Chandrasekaran, Deepak Ghaisas","Private Equity",""
"1210","11/11/2016","Life in Control","Consumer Internet","Online Diabetes Management platform","Gurugram","RoundGlass Partners","Private Equity",""
"1211","11/14/2016","Active.ai","Technology","Banking & Fintech Platform","Singapore","Kalaari Capital, IDG Ventures India","Private Equity","3000000.0"
"1212","11/14/2016","ElasticRun","Technology","Tech driven Logistic & distribution platform","Pune","Kalaari Capital, Norwest Venture Partners","Private Equity","2000000.0"
"1213","11/15/2016","NoBroker","Consumer Internet","Online Rental discovery","Bengaluru","Vijay Shekhar Sharma","Seed Funding",""
"1214","11/15/2016","Zefo","E-Commerce","Used Furniture & Appliances Marketplace","Bengaluru","Sequoia India, BEENEXT, Helion Ventures","Private Equity","6000000.0"
"1215","11/15/2016","PlaySimple","Technology","Mobile Gaming portal","Bengaluru","SAIF Partners, IDG Ventures India","Private Equity","4000000.0"
"1216","11/16/2016","Stasis Labs","Technology","Cloud based\\xc2\\xa0 health monitoring platform","Bengaluru","RTP-HC, Wonder Ventures, Techstars Ventures & Others","Private Equity","5000000.0"
"1217","11/17/2016","Scienaptic","Technology","Data Analytics platform","Bengaluru","Pramod Bhasin","Seed Funding",""
"1218","11/17/2016","Koovs","E-Commerce","Fashion eTailer","New Delhi","Times of India Group & Existing investors","Private Equity","13500000.0"
"1219","11/17/2016","Lawrato","Consumer Internet","Free Legal Advice","New Delhi","Indian Angel Network","Seed Funding",""
"1220","11/17/2016","Trip Tap Toe","Consumer Internet","Online Travel Portal","Gurugram","R.S Sharma","Seed Funding",""
"1221","11/17/2016","Pictor Imaging","Consumer Internet","Product Photography Mobile App","Mumbai","Quarizon","Seed Funding","147000.0"
"1222","11/18/2016","GramCover","Finance","Insurance Marketplace for the Rural Sector","New Delhi","Omnivore Capital","Seed Funding","1000000.0"
"1223","11/18/2016","AerMed","E-Commerce","Online Pharmacy","Mumbai","Hitesh Windlass","Seed Funding",""
"1224","11/18/2016","WorkIndia","Consumer Internet","Job Board for Clue Collar Jobs","Mumbai","Asuka Holdings","Seed Funding",""
"1225","11/21/2016","Bats on delivery","Consumer Internet","Online food, Grocery ordering & Delivery","Gurugram","Devdeep Singh","Seed Funding","90000.0"
"1226","11/21/2016","numberz.in","Technology","Cash Flow Management Solution for Businesses","Gurugram","Kae Capital, Khosla Impact","Seed Funding","650000.0"
"1227","11/22/2016","Housing.com","Consumer Internet","Real Estate Portal","Mumbai","Softbank Group","Private Equity","5000000.0"
"1228","11/22/2016","Awesummly","Consumer Internet","Short News Mobile App","Bengaluru","Vivek Bhargava, Ameera Shah","Seed Funding","147000.0"
"1229","11/22/2016","VoLT","Consumer Internet","Ed-Tech Platform","Mumbai","YMS Mobitech","Seed Funding",""
"1230","11/22/2016","Vymo","Technology","SaaS-based predictive analytics platform","Bengaluru","Sequoia India","Private Equity","5000000.0"
"1231","11/22/2016","ShubhLoans","Technology","Consumer Finance & Credit Score platform","Bengaluru","Sanjai Vohra, V. Bunty Bohra","Seed Funding",""
"1232","11/22/2016","Noddapp","Consumer Internet","App based networking platform","Mumbai","Undisclosed multiple investors","Seed Funding","147000.0"
"1233","11/23/2016","Knowlarity","Consumer Internet","Cloud Telephony Platform","Bengaluru","Delta Partners, Sequoia India,\\xc2\\xa0 Mayfield, Blacksoil, Trifecta Capital","Private Equity","20000000.0"
"1234","11/23/2016","Infisecure","Technology","Bot Protection Solutions","Mumbai","IDG Ventures, Axilor Ventures","Seed Funding","600000.0"
"1235","11/23/2016","Udaan","E-Commerce","B2B Marketplace","Bengaluru","Lightspeed Venture Partners India, Lightspeed US","Private Equity","10000000.0"
"1236","11/24/2016","FroyoFit","Consumer Internet","Fitness Discovery Platform","Indore","Dr. Pooja Gandhi","Seed Funding",""
"1237","11/24/2016","Betterplace","Consumer Internet","Background Verification Services","Bengaluru","Venture Highway","Seed Funding",""
"1238","11/24/2016","ShareChat","Consumer Internet","Local Language Social Networking Platform","Mumbai","Lightspeed India Partners, SAIF Partners, India Quotient, Venture Highway","Private Equity","4000000.0"
"1239","11/24/2016","UClean","Consumer Internet","Tech Enabled Laundry Service Provider","Gurugram","Franchise India","Private Equity",""
"1240","11/24/2016","Servify","Consumer Internet","Personal Device Assistant App","Mumbai","Blume Ventures, BEENEXT, Barkawi Holdings GmbH, TM Service Technology Holdings Gmbh, Sreevathsa Prabhakar","Private Equity",""
"1241","11/25/2016","Hubilo","Consumer Internet","End-to-end Event Organizers Solutions","Ahmedabad","Girish Mathrubootham, VC Karthic, Miten Mehta, Umasankar Nistala, Rakesh Patel, Akash Bhavsar, Jeevanandhan Rajagopal, Vikas Chadha & Others","Seed Funding",""
"1242","11/25/2016","FunOnGo","Consumer Internet","Digital Media Content and Distribution platform","Mumbai","Reliance Entertainment","Private Equity",""
"1243","11/25/2016","121Policy","Consumer Internet","Online Insurance Platform","Kolkata","Xelpmoc","Seed Funding",""
"1244","11/26/2016","TapChief","Consumer Internet","Professional Expert Advice Platform","Bengaluru","Paytm, Aprameya Radhakrishna, Subramanya Venkat, Venk Krishnan","Seed Funding",""
"1245","11/28/2016","Kloseby","Consumer Internet","proximity based\\xc2\\xa0 Rewards platform","Bengaluru","Undisclosed Investor","Seed Funding","100000.0"
"1246","11/28/2016","WholeSaleBox","E-Commerce","B2B Wholesale Apparel Marketplace","Jaipur","Manish Maheshwari, Contrarian Vriddhi Fund","Private Equity","2000000.0"
"1247","11/29/2016","Crossahead","Consumer Internet","Creative Artists Discovery & Booking platform","Noida","Mohit Sharma","Seed Funding",""
"1248","11/29/2016","Affordplan","Consumer Internet","Savings platform for Medical Expenses","New Delhi","Prime Venture Partners, Kalaari Capital","Private Equity","3000000.0"
"1249","11/30/2016","HandyTrain","Consumer Internet","Mobile App for SAAS based Training","Goa","Silver Range Investments, Lumina Datamatics, Shun Yoshida & Others","Private Equity","1000000.0"
"1250","11/30/2016","ShopsUp","E-Commerce","Hyperlocal Shopping App","Bengaluru","Anand Sankeshwar, Yang Shu","Seed Funding","963000.0"
"1251","11/30/2016","Indofash","E-Commerce","Ethnic Indian Fashion Marketplace","Bengaluru","Shekhar Sahu, Nitesh Pant","Seed Funding","150000.0"
"1252","11/30/2016","Entropika","Technology","AI, Machine learning Solutions","Bengaluru","Dileep Bhatt, Milind Chaudhary","Seed Funding","200000.0"
"1253","11/30/2016","MarianaIQ","Technology","AI-driven B2B marketing platform","Bengaluru","Exfinity Venture Partners","Private Equity","2000000.0"
"1254","11/30/2016","Chai Thela","Food & Beverage","Quick Service Restaurants","Noida","Quarizon","Seed Funding","218000.0"
"1255","11/30/2016","Interviewpad","Technology","Engineering Interview facilitation platform","Pune","Krishna Rokhale","Seed Funding","100000.0"
"1256","11/30/2016","Math Buddy","Consumer Internet","Online Math Learn","Vadodara","Menterra Social Impact Fund","Seed Funding","440000.0"
"1257","11/30/2016","Pulse","Consumer Internet","Campus Social Networking App","Bengaluru","SAIF Partners","Private Equity","500000.0"
"1258","11/30/2016","MonkeyBox","Consumer Internet","Healthy Food Delivery platform","Bengaluru","Blume Ventures & Others","Seed Funding",""
"1259","11/30/2016","Carcrew.in","Consumer Internet","Online Car repair Marketplace","Mumbai","TVS Group","Seed Funding","500000.0"
"1260","10/3/2016","MeraKisan","E-Commerce","Fruit & vegetable eTailer","Bengaluru","Mahindra Univeg","Seed Funding",""
"1261","10/3/2016","Mystifly","Consumer Internet","Airline Ticket Aggregator","Bengaluru","Recruit Holdings","Private Equity","5000000.0"
"1262","10/3/2016","HelpChat","Consumer Internet","AI Powered Content & Commerce platform","Bengaluru","American Express Ventures, Sequoia Capital","Private Equity",""
"1263","10/3/2016","Uniphore","Technology","Speech Recognition Solutions","Chennai","IDG Ventures, Indian Angel Network (IAN), YourNest Angel Fund","Private Equity","2000000.0"
"1264","10/3/2016","World Art Community","E-Commerce","Art & Craft Marketplace","Gurugram","Viraj Tyagi & Others","Seed Funding","200000.0"
"1265","10/4/2016","Giftxoxo","E-Commerce","Online Gifting platform","Bengaluru","Mahindra Holidays & Resorts India Ltd","Private Equity","450000.0"
"1266","10/4/2016","Bharat Bazaar","E-Commerce","Online B2B Marketplace","Mumbai","BeeNext, TV Mohandas Pai, Kunal Shah, Sandeep Tandon","Seed Funding",""
"1267","10/4/2016","GOQii","Consumer Internet","Health & Fitness Wearable Device","Mumbai","Ratan Tata","Private Equity",""
"1268","10/4/2016","India Gifts Portal","E-Commerce","Online Gifting platform","Noida","Naveen Arya, Tarun Joshi","Private Equity","2000000.0"
"1269","10/4/2016","Moglix","E-Commerce","Industrial & Home products marketplace","Noida","Accel Partners, Jungle Ventures, SeedPlus","Private Equity","4200000.0"
"1270","10/4/2016","NetLinx","Consumer Internet","Internet Service Provider","Hyderabad","Xchange Investors NV, TransGlobal FZC","Private Equity","3000000.0"
"1271","10/4/2016","Scandid","Consumer Internet","Product Shopping Comparison App","Pune","3One4 Capital","Private Equity",""
"1272","10/4/2016","Remitr","Consumer Internet","Foreign Currency Payments Platform","Mumbai","Vijay Shekhar Sharma, Pravin Gandhi,\\xc2\\xa0 Smart Start Fund; Kunal Shah,\\xc2\\xa0 Sandeep Tandon, Vishal Gondal, & Others","Seed Funding","1000000.0"
"1273","10/4/2016","InnerChef","Consumer Internet","Online food ordering platform","Gurugram","Mistletoe, M&S Partners","Private Equity","2500000.0"
"1274","10/4/2016","AppsDaily","Consumer Internet","Mobile Phone Theft, Damage Protection platform","Mumbai","Zodius Capital, Kalaari Capital, Qualcomm Ventures, Russian venture capital fund Ru-Net, Mumbai Angels","Private Equity","3750000.0"
"1275","10/5/2016","MuhurtMaza","Consumer Internet","Online Puja Booking Service","Pune","Undisclosed Investor","Seed Funding",""
"1276","10/5/2016","Azuro","Consumer Internet","Rental Property Finder platform","Mumbai","White Unicorn Ventures, Kae Capital, Mumbai Angels","Private Equity",""
"1277","10/5/2016","NeuroSynaptic","Technology","Remote Healthcare Delivery Solutions","Bengaluru","Indian Angel Network, Healthsquad, Axilor Ventures","Private Equity",""
"1278","10/5/2016","UE LifeSciences","Technology","Mobile Health Technology Solutions","Mumbai","Kiran Mazumdar-Shaw, Unitus Seed Fund","Private Equity","1200000.0"
"1279","10/6/2016","FindmeaShoe","Consumer Internet","Footwear Recommendation App","Bengaluru","Ventureast Fund Advisors","Seed Funding",""
"1280","10/6/2016","RealBox","Technology","Data Sciences Platform","Noida","Hyderabad Angels","Seed Funding","300000.0"
"1281","10/6/2016","Sportido","Consumer Internet","Sports Discovery platform","Noida","Sumpoorna Group","Seed Funding",""
"1282","10/6/2016","GoZefo","E-Commerce","Used Furniture & Appliances Marketplace","Bengaluru","Helion Venture Partners, BeeNext","Private Equity","1050000.0"
"1283","10/7/2016","RayIOT","Technology","Baby Monitoring Devices manufacturer","Bengaluru","HAX Accelerator","Seed Funding","100000.0"
"1284","10/7/2016","KOOH Sports","Technology","Sports Training & Technology","Mumbai","HDFC, Faering Capital, Elevate Sports","Private Equity","2200000.0"
"1285","10/7/2016","Flexiloans","Consumer Internet","Online Funds Raising Platform","Mumbai","Sanjay Nayar, Vikram Sud, Anil Jaggia, Narayan Seshadri","Private Equity","15000000.0"
"1286","10/7/2016","Sibia Analytics","Technology","Marketing & Customer Analytics Solutions","Kolkata","Radhakrishnan Natarajan & Others","Seed Funding",""
"1287","10/10/2016","Vithi.com","E-Commerce","Online Hair Extension etailer","New Delhi","undisclosed investor","Seed Funding","375000.0"
"1288","10/11/2016","Yupp TV","Consumer Internet","Internet-based TV streaming service provider","Bengaluru","Emerald Media","Private Equity","50000000.0"
"1289","10/11/2016","Deyor Camps","Consumer Internet","Branded Camping location Aggregator","Gurugram","Nitin Passi, Manickam Mahalingam, Udaan Angels, Rajesh Arora, Arkas Industries","Seed Funding","500000.0"
"1290","10/12/2016","ZipLoan","Consumer Internet","online lending platform","New Delhi","GrowX Ventures, Sunil Kalra, Arun Venkatachalam,\\xc2\\xa0 Badal Malick","Seed Funding",""
"1291","10/13/2016","FabAlley","E-Commerce","online fashion brand store","Noida","India Quotient, FAO Ventures, Indian Angel Network, Tushar Singh, Ranjan Sharma","Private Equity","2000000.0"
"1292","10/13/2016","Shoekonnect","E-Commerce","B2B Marketplace for Shoes","Agra","Indian Angel Network","Seed Funding",""
"1293","10/13/2016","Maya","Consumer Internet","Womens Health Tracker App","Bengaluru","Rajan Anandan","Seed Funding",""
"1294","10/13/2016","RoboVac","Technology","waterless car washing solution","Ahmedabad","Virendra Patel","Seed Funding","450000.0"
"1295","10/14/2016","Newspatrolling","Consumer Internet","Online News portal","New Delhi","Undisclosed","Seed Funding","25000.0"
"1296","10/14/2016","Postman","Consumer Internet","API Platform","Bengaluru","Nexus Venture Partners","Private Equity","7000000.0"
"1297","10/14/2016","ISFC","Finance","Education Sector Lending","Hyderabad","Gray Matters Capital","Private Equity","6000000.0"
"1298","10/14/2016","BeatRoute","Technology","SAAS based mobile application platform","Gurugram","Quarizon Consultancy Services LLP","Seed Funding",""
"1299","10/14/2016","Kidsstoppress","Consumer Internet","Parenting and Baby care Platform","Mumbai","Karan Bhagat","Seed Funding",""
"1300","10/14/2016","Innov8","Consumer Internet","Co-Working Spaces aggregator","Bengaluru","Punit Soni","Seed Funding",""
"1301","10/15/2016","DailyHunt","Consumer Internet","Vernacular content mobile app","Bengaluru","ByteDance, Arun Sarin, Matrix Partners, Sequoia Capital India, Omidyar Network,\\xc2\\xa0 Falcon Edge","Private Equity","25000000.0"
"1302","10/15/2016","Tazzo Bikes","Consumer Internet","Motorbike rental platform","Hyderabad","DSG Consumer Partners","Seed Funding","227000.0"
"1303","10/15/2016","MyKindofJob","Consumer Internet","Internet & Fresher Job platform","Mumbai","Mayank Shah, Shreyans Shah","Seed Funding","1000000.0"
"1304","10/17/2016","Trilyo","Technology","B2B SAAS based product","Bengaluru","Vishnu Bhat, Rajiv Lunkad, Naresh Ravindranath","Seed Funding",""
"1305","10/17/2016","Rooter","Consumer Internet","Sports Social Network mobile app","New Delhi","Boman Irani, Dhruv Chitgopekar, Prantik Dasgupta","Seed Funding",""
"1306","10/17/2016","Yumigo","Consumer Internet","App based Travel Discovery and Transactions platform","Gurugram","Hemant Sahni","Seed Funding","300000.0"
"1307","10/17/2016","Rentalpha","Others","equipment rental and leasing company","Mumbai","Bravia Capital","Private Equity","16000000.0"
"1308","10/18/2016","3Dexter","Technology","3D Printing Solutions for Edu space","New Delhi","Newbie Promoters","Seed Funding","150000.0"
"1309","10/18/2016","BabyChakra","Consumer Internet","Parenting and Child Care portal","Mumbai","RoundGlass Partners","Private Equity",""
"1310","10/18/2016","Coppre","E-Commerce","Copper based items etailer","Pune","Ganesh Natarajan","Seed Funding",""
"1311","10/18/2016","MySUN","Technology","Solar Energy harnessing products marketplace","Noida","General Catalyst Partners","Private Equity","2500000.0"
"1312","10/18/2016","ePathsala","Technology","Cloud based ERP for Accreditation & ICT","Bengaluru","Hyderabad Angels, TLabs","Seed Funding",""
"1313","10/19/2016","Furlenco","Consumer Internet","Online Furniture Rental platform","Bengaluru","Lightbox Ventures, Axis Capital & Others","Private Equity","30000000.0"
"1314","10/19/2016","Fisdom","Consumer Internet","Personal Wealth Management Platform & App","Bengaluru","Saama Capital, Raghunandan G, Aprameya Radhakrishna","Private Equity","1100000.0"
"1315","10/19/2016","Actofit","Technology","Wearable Technology platform & devices","Mumbai","Next Orbit Ventures Fund","Private Equity","750000.0"
"1316","10/20/2016","Stayology","Consumer Internet","Stay & Travel related services","Bengaluru","Ranjan Pai","Seed Funding",""
"1317","10/20/2016","Hipcask","Consumer Internet","Alcoholic beverage discovery platform","Mumbai","Mobikon","Seed Funding",""
"1318","10/20/2016","RailYatri","Consumer Internet","Train Travel Info mobile app","Noida","Helion Ventures, Blume ventures","Private Equity",""
"1319","10/21/2016","ChatOnGo","Consumer Internet","Hyperlocal\\xc2\\xa0 Communication Mobile app","Mumbai","Janak Jain","Seed Funding","300000.0"
"1320","10/23/2016","WOTU","E-Commerce","B2B Marketplace for traders","Bengaluru","KAE capital","Seed Funding",""
"1321","10/24/2016","Healthians","Consumer Internet","Health Test Discovery & Ordering service","Gurugram","BEENEXT","Private Equity","3000000.0"
"1322","10/24/2016","Box8","Consumer Internet","Online Food Ordering platform/App","Mumbai","IIFL Seed Ventures Fund, Mayfield Ventures","Private Equity","7500000.0"
"1323","10/25/2016","Kredx","E-Commerce","Invoice discounting marketplace","Bengaluru","Sequoia Capital","Private Equity","6000000.0"
"1324","10/25/2016","CreditMate","Consumer Internet","Credit Report Info platform","Mumbai","India Quotient","Seed Funding","500000.0"
"1325","10/25/2016","Pickrr","Technology","Courier Logistics & Order management Solutions","New Delhi","Swastika Company Ltd","Seed Funding",""
"1326","10/25/2016","SatvaKart","E-Commerce","Online Grocery Etailer","Gurugram","Nimit Panigrahi","Seed Funding",""
"1327","10/25/2016","SooperMO","Technology","Android utility app suite creator","Gurugram","Lalit Vase","Seed Funding","100000.0"
"1328","10/26/2016","OrangeTwig","Consumer Internet","Social Media Marketing platform","New Delhi","Undisclosed investor","Seed Funding","1000000.0"
"1329","10/26/2016","Wooplr","Consumer Internet","Fashion Discovery App","Bengaluru","Astarc Ventures, Anand Chandrasekaran","Seed Funding",""
"1330","10/26/2016","The Kettlery","E-Commerce","Online Tea Etailer","Ahmedabad","hooting Starts Sports LLP, Franchise India Brands","Private Equity","1000000.0"
"1331","10/27/2016","Idea Bubbles","Consumer Internet","Doctor Consulting platform","Bengaluru","1Crowd, Eureka Forbes Ltd, Shapoorji Pallonji & Co. Ltd.","Private Equity","700000.0"
"1332","10/27/2016","FR8","Technology","Truck Fleet Operation platform","Chennai","Omnivore Partners","Private Equity","971000.0"
"1333","10/27/2016","Ather Energy","Technology","Electric Vehicle Manufacturer","Bengaluru","Hero MotoCorp","Private Equity","27000000.0"
"1334","10/28/2016","Pikkol","Logistics","Relocation Service provider","Bengaluru","Ajay Nanavati, Afsal Salu","Seed Funding",""
"1335","10/29/2016","Velmenni","Technology","LiFi based wireless communication provider","New Delhi","Kalaari Capital","Seed Funding","100000.0"
"1336","10/29/2016","Volta Motors","Technology","Electric Bike Manufacturer","Chennai","Kalaari Capital","Seed Funding","100000.0"
"1337","10/29/2016","Cyclops","Technology","Clinical and Wearable Diagnostic Product creator","Bengaluru","Kalaari Capital","Seed Funding","100000.0"
"1338","10/30/2016","Impact Analytics","Technology","Business intelligence and data science Startup","Bengaluru","Aarin Capital, Michael Herzig, Ashish Lakhanpal","Private Equity","750000.0"
"1339","10/31/2016","Talent Next","Consumer Internet","Talent Discovery & Audition management platform","Mumbai","Karanpal Singh & Others","Seed Funding","1000000.0"
"1340","9/1/2016","Mad Street Den","Technology","Artificial Intelligence platform","Chennai","Sequoia India, Exfinity Ventures, growX ventures,","Private Equity",""
"1341","9/1/2016","Mihup","Technology","Personal Digital Assistant","Kolkata","Accel Partners","Private Equity","6700000.0"
"1342","9/1/2016","Renowala","E-Commerce","Home Improvement Marketplace","Hyderabad","Pradeep Dhobale","Seed Funding",""
"1343","9/1/2016","Lucideus","Technology","IT Risk Assessment and Digital Security Services provider.","New Delhi","Amit Choudhary","Seed Funding",""
"1344","9/4/2016","Trackbizz","Technology","Field Force Automation System","Kochi","Grasshoppers","Private Equity",""
"1345","9/5/2016","Social Quotient","Technology","Platform for Social Causes","Mumbai","Anita Dongre, Yash Dongre, Milind Sarwate","Seed Funding",""
"1346","9/5/2016","Stalk Buy Love","E-Commerce","Fashion Apparel eTailer","New Delhi","William Bissel","Seed Funding",""
"1347","9/6/2016","eShakti","E-Commerce","Women\xe2\x80\x99s Fashion Apparel eTailer","Chennai","Infina Finance Pvt. Ltd, Uday Kotak","Private Equity","1350000.0"
"1348","9/6/2016","CheersOye!","Consumer Internet","Online Gift Vouchers platform","Mumbai","Undisclosed Investors","Seed Funding","500000.0"
"1349","9/6/2016","Lenskart","E-Commerce","Online Eyewear eTailer","New Delhi","PremjiInvest","Private Equity",""
"1350","9/6/2016","BigStylist","Consumer Internet","Hyperlocal doorstep Beauty Services provider","Mumbai","Info Edge (India) Ltd","Private Equity","900000.0"
"1351","9/7/2016","Zilingo","E-Commerce","Online Fashion Retailer","Bengaluru","Venturra Capital, Sequoia India, Susquehanna International Group.\\xc2\\xa0 Wavemaker Partners, Beenext, Beenos, Digital Garage","Private Equity","8000000.0"
"1352","9/7/2016","Alternacare","Consumer Internet","Online Doctor Consulting platform","New Delhi","Eros Labs","Seed Funding","500000.0"
"1353","9/7/2016","Simplilearn","Education","Online Certification programs","Bengaluru","InnoVen Capital India","Private Equity","6000000.0"
"1354","9/7/2016","Prozo","E-Commerce","Study Material Marketplace","Gurugram","Earlsfield Capital, Sailender Solanki, Rajiv Solanki","Seed Funding","315000.0"
"1355","9/8/2016","TopRankers","Education","Online Test Preparation platform","Bengaluru","CareerNet Consulting Pvt. Ltd, Ideation Initiative Pvt. Ltd,","Seed Funding","670000.0"
"1356","9/8/2016","BuildTraders","E-Commerce","Online Construction Materials Marketplace","Bengaluru","Idein Ventures","Seed Funding","200000.0"
"1357","9/9/2016","Byju\\xe2\\x80\\x99s","Education","Online Learning App","Bengaluru","Chan Zuckerberg Initiative, Times Internet Ltd, Sequoia Capital, Sofina, Lightspeed Ventures","Private Equity","50000000.0"
"1358","9/9/2016","NoBroker","Consumer Internet","Online Home Rental platform","Bengaluru","Anand Chandrasekaran","Seed Funding",""
"1359","9/10/2016","Freshboxx","E-Commerce","Fruits & vegetable eTailer","Hubli","Ravi Linganuri","Seed Funding",""
"1360","9/10/2016","CureInstant","Consumer Internet","Social Health Networking Platform","New Delhi","Dr. Rameshwar Kumar","Seed Funding","150000.0"
"1361","9/10/2016","Poshtic","Consumer Internet","Online health & Wellness platform","Noida","havya Sharma, Amit Nagar","Seed Funding","450000.0"
"1362","9/10/2016","KarmaCircles","Consumer Internet","Peer-to-peer Social Learning platform","New Delhi","Harinder Takhar, Zain Raj, Dr. Prasad Kaipa, Abaran Deep, Aseem Sood, Mustafa Patni","Seed Funding",""
"1363","9/12/2016","Purple Style Labs","Consumer Internet","Personal Styling Online platform","Mumbai","Augment Ventures, Rahul Kayan, Nikhil Golcha, Shubham Gupta, Roy Kwan","Seed Funding","448000.0"
"1364","9/12/2016","Inuxu","Technology","Online Advertising Solutions","Pune","Fork Media","Private Equity","3000000.0"
"1365","9/12/2016","Nykaa","E-Commerce","Online Beauty products eTailer","Mumbai","Sunil Munjal, Mariwala family","Private Equity","12300000.0"
"1366","9/12/2016","Glam Studios","Consumer Internet","Beauty Salon Aggregator","Noida","Pradeep Mirani, Aqeel Ahmed, Anand Ladsariya, Nitin Agarwal","Seed Funding","300000.0"
"1367","9/13/2016","Findow","Consumer Internet","Fashion Discovery Mobile app","Bengaluru","Raj Singh Bhandal","Seed Funding",""
"1368","9/13/2016","IdeaChakki","Consumer Internet","Restaurant Menu & Food mobile app","New Delhi","Ratan Tata","Seed Funding",""
"1369","9/13/2016","ShoeKonnect","E-Commerce","Footwear & Leather B2B App","Agra","Indian Angels Network","Seed Funding",""
"1370","9/13/2016","NearBuy","Consumer Internet","Online Deals & Discount platform","Gurugram","BlackSoil Capital Pvt. Ltd.","Private Equity","2500000.0"
"1371","9/14/2016","ZeroInfy","Consumer Internet","Online Video Lectures platform","Kolkata","Calcutta Angels Network","Seed Funding",""
"1372","9/14/2016","Flocareer","Consumer Internet","Jobs & Skill Validation platform","Bengaluru","Balasubramanian Krishnamurthy, Sidhartha Hazarika & Others","Seed Funding","150000.0"
"1373","9/14/2016","LensPick","E-Commerce","eyewear eTailer","Bengaluru","Scadea Solutions Inc","Private Equity",""
"1374","9/15/2016","infeedo","Consumer Internet","Employee engagement platform","Gurugram","Dheeraj Jain, Palash Jain, Anupam Mittal, Ameera Shah,\\xc2\\xa0 Vivek Bhargava, Rahul Singh, Ambarish Gupta,","Seed Funding","200000.0"
"1375","9/15/2016","Furlenco","E-Commerce","Online furniture rental startup","Bengaluru","Lightbox Ventures and others","Private Equity","5000000.0"
"1376","9/15/2016","GoPigeon","Consumer Internet","on-demand logistics service provider","Bengaluru","Nexus Venture Partners","Private Equity","1500000.0"
"1377","9/16/2016","NewsDistill","Consumer Internet","City based News Aggregator App","Hyderabad","Ganesh Narasimhan, Ramana Thumu, Sudhir Mallem","Seed Funding","100000.0"
"1378","9/16/2016","DoctorInsta","Consumer Internet","Online Doctor Consultations","Gurugram","RoundGlass Partners","Private Equity","1000000.0"
"1379","9/19/2016","Milofy","Consumer Internet","Couple Socialization App","Bengaluru","Accel Partners","Seed Funding","750000.0"
"1380","9/19/2016","Liqvid","Technology","Integrated eLearning content solutions","New Delhi","Gray Matters Capital","Private Equity",""
"1381","9/19/2016","Swiggy","Consumer Internet","Online Food Ordering & Delivery","Bengaluru","Bessemer Venture Partners","Private Equity","15000000.0"
"1382","9/20/2016","Codemojo","Consumer Internet","Customer Engagement Platform","Bengaluru","CIO Angel Network","Seed Funding",""
"1383","9/20/2016","JustLikeNew","E-Commerce","Online gadget Repair Services Marketplace","Hyderabad","LetsVenture","Seed Funding","500000.0"
"1384","9/20/2016","JoeHukum","Technology","Enterprise customer engagement solutions","New Delhi","Sumit Jain","Seed Funding",""
"1385","9/21/2016","Co Life","Consumer Internet","shared living and working spaces platform","Bengaluru","Undisclosed Investors","Seed Funding","1000000.0"
"1386","9/21/2016","PurpleDocs","Consumer Internet","Electronic Health care records platform","Vadodara","KellyGamma, Lead Angels & Others","Seed Funding",""
"1387","9/21/2016","Pepperfry","E-Commerce","Furniture eTailer","Mumbai","Goldman Sachs Group, Zodius Technology Fund, Norwest Venture Partners, Bertelsmann India","Private Equity","31300000.0"
"1388","9/21/2016","eQuickies","E-Commerce","Online Book etailer","Ahmedabad","Lothal Angel Ventures","Seed Funding","298000.0"
"1389","9/21/2016","Khel Now","Consumer Internet","Mobile-based social networking platform","New Delhi","Anglian Omega Network","Seed Funding","350000.0"
"1390","9/22/2016","Gadgetwood","Consumer Internet","On-Demand Gadget repair services platform","New Delhi","Carpediem Capital","Private Equity","6000000.0"
"1391","9/22/2016","DailyRounds","Consumer Internet","Mobile App for Doctors","Bengaluru","Accel Partners, Beenext, Powerhouse Ventures, Akusa Holdings","Private Equity",""
"1392","9/22/2016","Flixy Games","Technology","Mobile Game Publisher for Indian audience","Bengaluru","Rebright Partners","Seed Funding","425000.0"
"1393","9/22/2016","HashTaag","Technology","Mobile App Development company","Bengaluru","Undisclosed investors","Seed Funding","1000000.0"
"1394","9/22/2016","PharmaRack","Technology","SAAS application for Pharma Industry","Pune","Currae Healthtech Fund, Unicorn India Ventures","Private Equity","745000.0"
"1395","9/23/2016","\\xc2\\xa0CloudCherry","Technology","CRM SAAS Platform","Chennai","Vertex Ventures, Cisco Ventures, IDG Ventures","Private Equity","6000000.0"
"1396","9/23/2016","Parentlane","Consumer Internet","Social Platform for babycare and parenting","Bengaluru","Rohit MA","Seed Funding",""
"1397","9/23/2016","First Moms Club","Consumer Internet","Social Network for Mothers","Mumbai","Idea Wave Labs","Seed Funding",""
"1398","9/23/2016","inMotion","Technology","Financial platform for daily wage earning communities","Noida","Prashant Tandon, Gaurav Agarwal, Gaurav Bhogle, Shrishti Sahu, Shantanu Mathur, Prabhat Aggarwal","Seed Funding",""
"1399","9/26/2016","Let\xe2\x80\x99s Barter","Consumer Internet","Goods & Services Barter Platform","New Delhi","Scale Ventures Funds","Seed Funding",""
"1400","9/26/2016","EvenGini","Consumer Internet","Event Registration and Ticketing platform","Chennai","Procam International Pvt. Ltd","Private Equity",""
"1401","9/27/2016","TinyStep","Consumer Internet","Parenting Network Platform","Bengaluru","Flipkart Logistics Pvt. Ltd","Private Equity","1580000.0"
"1402","9/27/2016","Canvs","Consumer Internet","Community Platform for Artists and Designers","Mumbai","Pratik Seal","Seed Funding",""
"1403","9/28/2016","Beardo","E-Commerce","Mens Grooming products etailer","Ahmedabad","Venture Catalysts","Seed Funding","500000.0"
"1404","9/28/2016","Instacar","Consumer Internet","Out-Station Taxi Rental Platform","Indore","Swastika Co Ltd.","Seed Funding","1000000.0"
"1405","9/28/2016","Celes Care","Consumer Internet","Virtual Health Clinic for Women","Hyderabad","Endiya Partners","Seed Funding","1000000.0"
"1406","9/28/2016","Druva","Technology","Cloud Based Data Protection Solution","Pune","Sequoia India, EDBI, Blue Cloud Ventures, Hercules Capital","Private Equity","51000000.0"
"1407","9/29/2016","Promon","E-Commerce","Local Commerce Platform","New Delhi","Now Capital","Seed Funding","180000.0"
"1408","9/29/2016","Fastudent","E-Commerce","Education eCommerce platform","Noida","Kanwaljit Singh, Ajay Lakhotia, Pavan Ongole, Ashish Gupta","Seed Funding",""
"1409","9/29/2016","Unocoin","Consumer Internet","Bitcoin Wallet","Bengaluru","Blume Ventures, Mumbai Angels, ah! Ventures, Digital Currency Group, Boost VC, Bank to the Future and Funders Club","Private Equity","1500000.0"
"1410","9/30/2016","Demyto","Consumer Internet","Vehicle maintenance Services platform","Pune","Deepak Nathani","Seed Funding",""
"1411","9/30/2016","Zeta","Technology","Enterprise Cloud Solutions","Mumbai","Bhavin Turakhia","Private Equity","19000000.0"
"1412","9/30/2016","Kalaage","Consumer Internet","Social Networking Platform for Writers","Jaipur","Rajasthan Angel Innovators Network","Seed Funding",""
"1413","8/1/2016","HealthKart","E-Commerce","Online Pharmacy & Health Marketplace","Gurugram","Sequoia Capital India, Omidyar Network, Kae Capital","Private Equity","12000000.0"
"1414","8/1/2016","Medinfi","Consumer Internet","Doctor & Clinic\\xc2\\xa0 Discovery Platform","Bengaluru","Mudit Saxena, Evan Lim","Seed Funding","200000.0"
"1415","8/1/2016","RepairEasy","Consumer Internet","Gadget Repair Services Platform","Pune","Undisclosed HNIs","Seed Funding","275000.0"
"1416","8/1/2016","Voonik","E-Commerce","Online Women\\xe2\\x80\\x99s Fashion Marketplace","Bengaluru","InnoVen Capital","Private Equity","3000000.0"
"1417","8/1/2016","Tokri","Consumer Internet","Hyperlocal Grocery Delivery platform","Pune","Syska LED group","Private Equity","2500000.0"
"1418","8/2/2016","Sheroes","Consumer Internet","Online Job and Career Platform for Women","Noida","Lumis Partners, The HR Fund, Rajul Garg, Quintillion Media","Private Equity","1800000.0"
"1419","8/2/2016","Daily Ninja","Consumer Internet","Hyperlocal daily needs Products delivery platform","Bengaluru","Venk Krishnan, Aprameya Radhakrishna, Anupam Mittal, Kunal Shah, Tracxn Labs, Subramanya SV, Ravi Garkipati","Seed Funding",""
"1420","8/2/2016","Yumlane","Food & Beverage","Retail Food & Snack Offline centres","Mumbai","Binny Bansal, Anupam Mittal, Sachin Bhatia, Darius Pandole, Kunal Khattar, Dheerag Jain","Seed Funding","1000000.0"
"1421","8/3/2016","Xcode","Healthcare","Personal Genomics","Chennai","RoundGlass Partners","Private Equity",""
"1422","8/3/2016","ExtraCarbon","Consumer Internet","Waste Recycle Management platform","Gurugram","Brand Capital","Seed Funding","225000.0"
"1423","8/3/2016","FlickBay","Consumer Internet","Mobile Based Bollywood Discovery platform","Mumbai","Paul Roy","Seed Funding","890000.0"
"1424","8/4/2016","Petoo","Consumer Internet","Food Delivery Platform","Bengaluru","Existing Investors","Seed Funding","500000.0"
"1425","8/4/2016","lehlehsports","Others","Sports Arena discovery","New Delhi","Anglian Omega Network","Seed Funding",""
"1426","8/5/2016","Tricog","Healthcare","Healthcare Analytics Platform","Bengaluru","Inventus Capital Partners, Blume Ventures & Others","Private Equity",""
"1427","8/6/2016","VST Travels","Technology","Travel Ticket Booking Software","Unknown","Promatus Group","Seed Funding","27000.0"
"1428","8/8/2016","AdPushUp","Technology","Ad optimization Platform","New Delhi","Geniee, Inc, Purvi Capital","Private Equity",""
"1429","8/8/2016","Wefly Indoor Skydiving","Others","Indoor Skydiving Sports Provider","Mumbai","Swastika Company Ltd.","Seed Funding","40000.0"
"1430","8/8/2016","Mojarto","E-Commerce","Original Art, Digital Prints etailer","Gurugram","Undisclosed Investors","Seed Funding","445000.0"
"1431","8/8/2016","Zipgrid","Consumer Internet","Community services platform","Mumbai","1Crowd (through crowd funding)","Seed Funding","200000.0"
"1432","8/9/2016","MobiDent","Healthcare","Dental Protection Solution","Bengaluru","Centre for Innovation Incubation and Entrepreneurship (CIIE)","Seed Funding",""
"1433","8/9/2016","Zeolr/RespirON","Technology","Healthcare related IoT platform","New Delhi","Centre for Innovation Incubation and Entrepreneurship (CIIE)","Seed Funding",""
"1434","8/10/2016","Vebbler","Consumer Internet","Photo Sharing Mobile App","Bengaluru","Anupam Mittal, Sharad Sharma & 14 others","Seed Funding","500000.0"
"1435","8/10/2016","Bombay Shaving Company","E-Commerce","Men\\xe2\\x80\\x99s Grooming Product etailer","New Delhi","Noshir Kaka, Subramanian Ramadorai, Kiran Deshpande, Pankaj Gupta, Ravi Nigam & Others","Seed Funding","600000.0"
"1436","8/11/2016","Travelyaari","Consumer Internet","Online ticket booking platform","Bengaluru","Gujarat Venture Finance Limited (GVFL), Bennett Coleman & Co. Ltd","Private Equity","7000000.0"
"1437","8/11/2016","91SpringBoard","Consumer Internet","Co-Working Spaces Discovery & Booking platform","Mumbai","Khattar Holdings, ThirtyThree Investments, Soumitra Sharma, Deepak Sharma, Sumit Dayal and others","Private Equity",""
"1438","8/11/2016","Genextstudents","Consumer Internet","Online Tutoring Service provider","Mumbai","1Crowd (through crowdfunding)","Seed Funding","209000.0"
"1439","8/11/2016","Zenoti","Technology","Cloud Based Software Solutions Provider","Hyderabad","Norwest Venture Partners, Accel India","Private Equity","15000000.0"
"1440","8/12/2016","Crofarm","Technology","Agri-Tech supply chain Solution provider","Gurugram","Mukul Singhal, Rohit Jain, Himanshu Aggrawal, Sunil Goyal Ashish Gupta,","Private Equity","1500000.0"
"1441","8/12/2016","Faircent.com","Consumer Internet","peer-to-peer lending platform","Gurugram","Brand Capital","Private Equity","1500000.0"
"1442","8/12/2016","Innovaccer","Technology","Integrated Enterprise Analytics Platform","Noida","Westbridge Capital Partners","Private Equity","15600000.0"
"1443","8/12/2016","Cuberoot","Technology","Data Analytics & Audience Management Platform","Gurugram","Undisclosed Investors","Seed Funding","500000.0"
"1444","8/12/2016","Funcastic","Consumer Internet","B2C vernacular podcast aggregator platform","New Delhi","HT Media Ltd, North Base Media","Seed Funding",""
"1445","8/15/2016","Buttercups","E-Commerce","Women Intimate Wear eTailer","Bengaluru","Anand Chandrasekaran, Kanwaljit Singh, Manoj Varghese","Seed Funding",""
"1446","8/16/2016","Zappfresh","E-Commerce","Raw Meat Products eTailer","Gurugram","Ashvin Chadha","Seed Funding",""
"1447","8/16/2016","OyoRooms","Consumer Internet","Budget Hotels Aggregator","New Delhi","SoftBank Group","Private Equity","62000000.0"
"1448","8/16/2016","Hike","Consumer Internet","Mobile Messaging App","New Delhi","Tencent Holdings, Foxconn Technology Group, Tiger Global, SoftBank Group, Bharti Enterprises","Private Equity","175000000.0"
"1449","8/16/2016","Joolz","E-Commerce","Online Jewellery Store","Mumbai","Powerhouse Ventures, M&S Partners","Private Equity","500000.0"
"1450","8/16/2016","SaleBhai","E-Commerce","Sweets, Dry Fruits & Handicrafts etailer","Ahmedabad","Brand Capital","Private Equity","1500000.0"
"1451","8/16/2016","Makkajai","Technology","Online & Mobile learning for kids","Pune","Anand Chandrasekaran, Ananth Narayanan, Mekin Maheshwari, Ravi Garikipati, Divyesh Shah, Swastika Company Ltd","Seed Funding","250000.0"
"1452","8/16/2016","Gradopedia","Consumer Internet","Career progression Portal","Mumbai","Undisclosed Dubai based HNIs","Seed Funding",""
"1453","8/17/2016","MaalGaadi","Logistics","Online Logistics Marketplace","Indore","Swan Angel Network,Sachin Khandelwal and others","Seed Funding","375000.0"
"1454","8/17/2016","ZiPi","Technology","Mobile Chatbot App","Bengaluru","Swan Angel Network","Seed Funding",""
"1455","8/17/2016","Appknox","Technology","Mobile security solutions","Bengaluru","SeedPlus, Infocomm Investments, Accel Partners RNT Associates","Private Equity","675000.0"
"1456","8/17/2016","Pikkol","Logistics","Packers & Movers","Bengaluru","Indian Angel Network","Seed Funding",""
"1457","8/18/2016","Meesho","E-Commerce","Mobile based eCommerce SAAS platform","Bengaluru","Kashyap Deorah, Rajul Garg, Maninder Gulati","Seed Funding",""
"1458","8/18/2016","Sesame Software","Technology","Financial Technology Solutions Provider","Kozhikode","Speridian Technologies","Private Equity",""
"1459","8/19/2016","Quikr","Consumer Internet","Classified Listings platform","Mumbai","Brand Capital","Private Equity","20000000.0"
"1460","8/19/2016","Digio","Technology","Aadhar based Document Signing platform","Bengaluru","Rainmatter","Private Equity","375000.0"
"1461","8/19/2016","Ziffity","Technology","Full Service Ecommerce Agency","Chennai","Aspire Systems","Private Equity",""
"1462","8/22/2016","Zzungry","Consumer Internet","Food Delivery platform","Bengaluru","Satish Vasudeva, Madhusudhan Jujare & Others","Seed Funding",""
"1463","8/22/2016","Puro Wellness","Healthcare","Organic,\\xc2\\xa0 Natural\\xc2\\xa0 Food substitute manufacturer","Mumbai","Torrent Group","Private Equity","37000000.0"
"1464","8/22/2016","Fitternity","Consumer Internet","Fitness Gym & Services Discovery platform","Mumbai","Saha Fund, Exfinity Venture Partners & Others","Private Equity",""
"1465","8/23/2016","TAC Security","Technology","Cyber-Security Solutions Provider","New Delhi","Vijay Kedia","Seed Funding",""
"1466","8/23/2016","Notesgen","Consumer Internet","Online Notes Sharing Portal","New Delhi","Riju Gupta, Kamal Chabra","Seed Funding","100000.0"
"1467","8/23/2016","NearU","Consumer Internet","Marketing app for retailers","Mumbai","Dr. Goutam Challagalla","Seed Funding",""
"1468","8/23/2016","Octo.ai","Technology","Artificial Intelligence based marketing platform","New Delhi","Outbox Ventures, Jaspreet Bindra, Arjun Malhotra, Rohan Malhotra, Sidharth Rao, Rakesh Agrawal","Seed Funding","200000.0"
"1469","8/24/2016","ShaadiSaga","Consumer Internet","Wedding Website Creator","New Delhi","ah! Ventures, Anupam Mittal, Kunal Shah, Sandeep Tandon, Dheeraj Jain, Rohit Chokhani","Seed Funding",""
"1470","8/24/2016","UnaAcademy","Consumer Internet","Free Interactive education platform","Bengaluru","Blume Ventures, Sachin Bansal, Vijay Shekhar Sharma, Binny Bansal,\\xc2\\xa0 Kunal Shah, Sandeep Tandon, Ashish Tulsian","Private Equity","1000000.0"
"1471","8/24/2016","Advenio","Technology","Clinical Imaging Solution Provider","Chandigarh","Kalaari Capital","Seed Funding","100000.0"
"1472","8/24/2016","Guarented","E-Commerce","Home Furnishing rental marketplace","Bengaluru","Kalaari Capital","Seed Funding","500000.0"
"1473","8/24/2016","Beyond Evolution","Technology","Mobile Apps & Tech Services provider","Gurugram","Vineet Taneja, Kamal Puri","Seed Funding",""
"1474","8/24/2016","Uber Dreams","E-Commerce","Dreams fulfilling marketplace","Mumbai","Mohit Lalvani","Seed Funding","500000.0"
"1475","8/24/2016","Convegenius","Education","Edutainment platform","Noida","Michael and Susan Dell Foundation","Private Equity","900000.0"
"1476","8/24/2016","UrbanLadder","E-Commerce","Online Furniture Store","Mumbai","Trifecta Capital","Private Equity","3000000.0"
"1477","8/24/2016","enCashea","Consumer Internet","Scrap Collection and Recycling platform","Bengaluru","Kunal Shah, Sandeep Tandon, Tracxn Labs","Seed Funding",""
"1478","8/25/2016","EngineerBabu","Technology","Mobile App & Web Development company","Indore","Scale Ventures","Seed Funding",""
"1479","8/25/2016","Cult","Healthcare","Health and Fitness Centres","Bengaluru","CureFit","Private Equity","3000000.0"
"1480","8/25/2016","WitWorks","Technology","Consumer IoT Startup","Bengaluru","Fireside Ventures, Investopad, P39 Capital, Anupam Mittal, Pranay Jivrajka, Maninder Gulati, Abhinav Sinha","Seed Funding",""
"1481","8/25/2016","NearFox","Consumer Internet","Local Lifestyle Content and Discovery Platform","Mumbai","Globevestor Angel Fund, Devendra Rane, Ravi Jain,\\xc2\\xa0 Arpan Nagdeve","Seed Funding",""
"1482","8/25/2016","ZoomCar","Consumer Internet","Self-driven car booking platform","Bengaluru","Ford Smart Mobility Llc","Private Equity","24000000.0"
"1483","8/26/2016","Plix","Consumer Internet","Photo and Video Sharing App","Gurugram","Instalabs","Seed Funding","500000.0"
"1484","8/26/2016","Mobikwik","Consumer Internet","Digital Wallet platform","Gurugram","Net1 UEPS Technologies Inc","Private Equity","40000000.0"
"1485","8/26/2016","MyDidi","Consumer Internet","on-demand, hyper-local Cleaning services provider","Mumbai","Undisclosed Ex Mckinsey Directors and Partners","Seed Funding","550000.0"
"1486","8/26/2016","CrownIt","Consumer Internet","Cashback Mobile app","Gurugram","Kunal Shah & Sandeep Tandon, Girish Mathrubootham, Anand Chandrasekaran","Seed Funding",""
"1487","8/29/2016","LoanTap","Consumer Internet","Lending platform for Salaried professionals","Mumbai","Dr. Abhishek Pandey, Jaysukh Sapra","Private Equity","3000000.0"
"1488","8/29/2016","Runnr","Consumer Internet","hyperlocal Logistics services provider","Bengaluru","Nexus Venture Partners, Blume Ventures","Private Equity","7000000.0"
"1489","8/29/2016","Zolo","Consumer Internet","on-demand online talent marketplace","Noida","Hitouch AG","Private Equity",""
"1490","8/29/2016","Notion Press","Consumer Internet","Self-Publishing books platform","Chennai","Undisclosed HNI investors","Private Equity","1000000.0"
"1491","8/29/2016","LivSpace","Consumer Internet","Online portal for Home Design","Bengaluru","Bessemer Venture Partners, Jungle Ventures, Helion Ventures","Private Equity","15000000.0"
"1492","8/30/2016","iAugmentor Labs","Technology","Assessment & Learning Platform","Gurugram","Rajasthan Angel Investor Network & Others","Seed Funding","149000.0"
"1493","8/30/2016","DayBox","Consumer Internet","Fruit & Vegetable Delivery platform","New Delhi","Ashutosh Lawania, Rajul Jain, Badal Malick, Rishi Gupta & Others","Seed Funding","104000.0"
"1494","8/30/2016","Paytm","E-Commerce","Mobile Wallet & ECommerce platform","Bengaluru","MediaTek Inc.","Private Equity","60000000.0"
"1495","8/30/2016","CropIn","Technology","Agriculture Technology Solutions","Bengaluru","Sophia Investment ApS","Private Equity","2000000.0"
"1496","8/30/2016","Canvera","Consumer Internet","Photographer Discovery & Information platform","Bengaluru","Info Edge (India) Ltd","Private Equity","3000000.0"
"1497","8/30/2016","Prime Focus Technologies","Technology","Hybrid Cloud technology enabled Media ERP platform","Mumbai","Ambit Pragma","Private Equity",""
"1498","8/31/2016","Flyrobe","E-Commerce","Online fashion rental platform","Mumbai","IDG Ventures, Sequoia Capital, GREE Ventures","Private Equity","5300000.0"
"1499","8/31/2016","inclov","Consumer Internet","Matchmaking App for Disabled","Mumbai","Sarbvir Singh, Raghav Bahl","Seed Funding",""
"1500","7/1/2016","RazorPay","Consumer Internet","Online Payment Gateway","Bengaluru","MasterCard","Private Equity",""
"1501","7/1/2016","DarwinBox","Technology","HR Software Services Startup","Hyderabad","3one4 Capital, Tracxn Labs, Aaruha Technology Fund, Endiya Partners","Seed Funding",""
"1502","7/1/2016","Venture Catalysts","Consumer Internet","Seed Investment & Innovation Platform","Mumbai","Zaffiro Ventures","Seed Funding","500000.0"
"1503","7/1/2016","PressPlay TV","Consumer Internet","Video Content Discovery Platform","New Delhi","Sequoia Capital, SD Ventures, Vistaar Investment Advisors Pvt. Ltd.","Private Equity",""
"1504","7/2/2016","Playment","Consumer Internet","Mobile Marketplace for Crowdsourced Work","Bengaluru","SAIF Partners","Private Equity","700000.0"
"1505","7/4/2016","WealthTrust","Consumer Internet","Wealth Management App","Mumbai","India Quotient","Seed Funding",""
"1506","7/4/2016","Curefit","Consumer Internet","Online Preventive Healthcare Platform","Bengaluru","Accel Partners, IDG Ventures, Kalaari Capital","Private Equity","15000000.0"
"1507","7/4/2016","StitchWood","E-Commerce","Custom Furniture Online","Mumbai","Deepak Gupta","Seed Funding","200000.0"
"1508","7/4/2016","Grab.in","Logistics","hyperlocal logistics service","Mumbai","Aramex Ventures Llc","Private Equity","2000000.0"
"1509","7/4/2016","Fulfil.IO","Consumer Internet","Cloud Based ERP Software","Unknown","Rajan Anandan","Seed Funding",""
"1510","7/4/2016","NeoGrowth","Finance","SME Lending platform","Mumbai","IIFL Wealth Management Seed Venture Fund, Omidyar Network, Khosla Impact, Aspada","Private Equity","16000000.0"
"1511","7/5/2016","SeeDoc","Consumer Internet","Video Based Doctor Consulting platform App","Gurugram","YourNest Angel Fund\\xc2\\xa0 & Others","Private Equity","1000000.0"
"1512","7/5/2016","BookMyShow","Consumer Internet","Event & Movie Ticketing platform","Mumbai","Stripes Group, Network 18, Accel Partners, SAIF Partners","Private Equity","82000000.0"
"1513","7/5/2016","Flyrobe","E-Commerce","Online fashion rental platform","Mumbai","Sequoia Capital, Rohit Bansal, Kunal Bahl, Sandeep Tandon, Kunal Shah, Zishaan Hayath,\\xc2\\xa0 Abhishek Jain","Seed Funding","1700000.0"
"1514","7/6/2016","HappilyUnmarried","E-Commerce","Online Merchandize etailer","New Delhi","Info Edge (India) Ltd","Private Equity","740000.0"
"1515","7/6/2016","Don\\xe2\\x80\\x99t Scratch Your Head","Technology","Full Stack Offline & Online ERP Solution","Ahmedabad","Gaurav Singhvi, Zaffiro Ventures","Seed Funding","250000.0"
"1516","7/6/2016","Wedding Wishlist","Consumer Internet","Wedding Wishlist, Gifts & Registry Creation platform","Chennai","Kirthiga Reddy, Renuka Ramanath,Cherry Tin","Seed Funding","297000.0"
"1517","7/7/2016","AppDaily","Technology","Mobile Security App development & Distribution","Mumbai","Kalaari Capital, Qualcomm Ventures, ru-Net, Zodius Technology Opportunities Fund,","Private Equity","2000000.0"
"1518","7/7/2016","Adytude","Consumer Internet","Gamified Consumer Insights Portal","New Delhi","Indian Angel Network","Private Equity","1000000.0"
"1519","7/7/2016","Quickli","Logistics","On-Demand Delivery Startup","Gurugram","AVG Group, 500 Startups","Private Equity",""
"1520","7/7/2016","SpectraVR","Technology","Virtual Reality Content Studio","Mumbai","Rothenberg Ventures","Seed Funding",""
"1521","7/8/2016","Pitstop","Consumer Internet","Online Car Repair and Servicing Booking platform","Bengaluru","Alex Chua, Rahul Garg","Seed Funding",""
"1522","7/8/2016","HolaChef","Consumer Internet","Online Food Ordering & Delivery Platform","Mumbai","Kalaari Capital, India Quotient","Private Equity","1950000.0"
"1523","7/11/2016","Purplle","E-Commerce","Beauty Products Marketplace","Mumbai","JSW Ventures, Blume Ventures & IvyCap Ventures","Private Equity","6000000.0"
"1524","7/11/2016","Trak N Tell","Technology","Car Tracking & Safety System","Gurugram","Brian Acton","Private Equity","3500000.0"
"1525","7/11/2016","Overcart.com","E-Commerce","Unboxed & refurbished electronic products marketplace","Gurugram","JSW Ventures, Omidyar Network, Sattva Capital, Venture Works","Private Equity","3000000.0"
"1526","7/12/2016","SirionLabs","Technology","SAAS based Service Agreement Management","Gurugram","Sequoia Capital","Private Equity","12250000.0"
"1527","7/12/2016","GyanDhan","Consumer Internet","Education Focused Financing Platform","New Delhi","Stanford Angels & Entrepreneurs, Harvard Angels","Seed Funding",""
"1528","7/12/2016","MintM","Consumer Internet","Digital Marketing & AdTech Platform","Bengaluru","Mumbai Angels,\\xc2\\xa0 Times Internet","Private Equity",""
"1529","7/12/2016","HitGrit","Consumer Internet","Online Legal Consultation platform","Chandigarh","Ashish Mahajan, Sarvesh Sharma","Seed Funding",""
"1530","7/12/2016","Find My Stay","Consumer Internet","Online Budget Hotel Aggregator & Booking Platform","New Delhi","Rishi Parti, Yogesh Bansal","Seed Funding",""
"1531","7/13/2016","YAAP","Consumer Internet","Online Content Discovery, Creation & Distribution Platform","New Delhi","Rainmaker Ventures","Private Equity","5000000.0"
"1532","7/13/2016","Utoo Cabs","Consumer Internet","Cab aggregation & Rental platform","Chennai","Ajay Piramal","Seed Funding",""
"1533","7/13/2016","Twigly","Consumer Internet","Online Food Ordering & Delivery Startup","Gurugram","Tracxn Labs, Hyderabad Angels, Kunal Shah, Gaurav Bhalotia","Seed Funding","600000.0"
"1534","7/13/2016","ShareChat","Consumer Internet","Vernacular Language Content Creation & Sharing App","Bengaluru","SAIF Partners, India Quotient","Private Equity","1350000.0"
"1535","7/13/2016","Urban Tailor","Consumer Internet","E-Tailoring service provider","Bengaluru","Unitus Seed Fund","Private Equity",""
"1536","7/13/2016","RentMojo","Consumer Internet","Online Furniture Renting Platform","Bengaluru","Accel Partners, IDG Ventures India","Private Equity","5000000.0"
"1537","7/13/2016","CityFurnish","Consumer Internet","Online Furniture Renting Platform","Gurugram","Brand Capital","Seed Funding",""
"1538","7/13/2016","HEAL Institute","Healthcare","Sports Focused Healthcare Startup","Mumbai","Jaspal Bindra, Parth Jindal","Seed Funding",""
"1539","7/14/2016","Augrav","E-Commerce","Personalized precious Jewellery etailer","Coimbatore","Keiretsu Forum","Seed Funding","450000.0"
"1540","7/14/2016","ShoppinPal","Technology","M-Commerce Solutions for Retail Stores","Pune","Plug and Play Tech Center, Steelhead Ventures & Others","Private Equity","1070000.0"
"1541","7/14/2016","TransTutors / AskIITians","Consumer Internet","Online Education & Tutoring portals","New Delhi","500 Startups","Private Equity",""
"1542","7/15/2016","WorkApps","Technology","Enterprise Work Management Software","Pune","SRI Capital","Seed Funding","1000000.0"
"1543","7/15/2016","BankerBay","Consumer Internet","Online Investment Banking platform","Bengaluru","undisclosed investors","Private Equity","2000000.0"
"1544","7/15/2016","BaggOut","E-Commerce","Women\\xe2\\x80\\x99s Fashion etailer","New Delhi","Sumit Jain, Sumit Jain, Anurag Gupta, Varun Khanna, Faraz Khan","Seed Funding",""
"1545","7/15/2016","TripShelf","E-Commerce","Travel Package Marketplace","New Delhi","GEMS group","Seed Funding","250000.0"
"1546","7/15/2016","SatvaCart","E-Commerce","Online Grocers","New Delhi","Abhijit Avasthi, Karan Chellani, SP Vijay","Seed Funding",""
"1547","7/15/2016","Ridlr","Consumer Internet","Public Transport Mobile App","Mumbai","Times Internet, Innoven Capital, Matrix Partners India, Qualcomm Ventures","Private Equity","6000000.0"
"1548","7/18/2016","Yellowdig","Consumer Internet","Online Learning Platform","Pune","SRI Capital","Seed Funding","650000.0"
"1549","7/18/2016","Zuppler","Consumer Internet","Online Food Ordering platform","New Delhi","SRI Capital","Seed Funding","650000.0"
"1550","7/18/2016","BlueStone","E-Commerce","Jewellery Etailer","Mumbai","IIFL and Accel Partners, Kalaari Capital, IvyCap Ventures, RB Investments","Private Equity","30000000.0"
"1551","7/18/2016","underDOGS","Technology","Game Development Startup","Mumbai","Intelli Reboot Digital Pvt. Ltd","Private Equity",""
"1552","7/18/2016","ImageProVision","Technology","Image Analysis Solutions","Pune","Satish Jamdar","Seed Funding",""
"1553","7/19/2016","Sagacito","Technology","Cloud-Based Enterprise Solutions","New Delhi","Star India Pvt. Ltd","Private Equity","10000000.0"
"1554","7/19/2016","Deal4Loans / Wishfin","Consumer Internet","\\nLoans Comparison platform\\n\\n\\n\\n     (adsbygoogle = window.adsbygoogle || []).push({});\\n\\n","Noida","Franklin Templeton International Services Pvt. Ltd","Private Equity","15000000.0"
"1555","7/19/2016","NiYO Solutions","Technology","Payroll & Benefits Software solutions","Bengaluru","Prime Venture Partners","Private Equity","1000000.0"
"1556","7/19/2016","AppLop","Consumer Internet","Mobile Apps SaaS Platform","Gurugram","Green House Ventures Accelerator","Seed Funding","250000.0"
"1557","7/20/2016","Tax2Win","Consumer Internet","Online Tax Filing Portal","Jaipur","Undisclosed Investors","Private Equity","1000000.0"
"1558","7/20/2016","Truckola","Logistics","Tech-focused cargo transport startup","Mumbai","Abhishek Agarwal, Krishnakumar Nataraj, Sarath Sura, Shanti Mohan, Sarthak and Nihit Agarwal, Suramya Gupta","Seed Funding","595000.0"
"1559","7/20/2016","iServe Financial","Consumer Internet","Loan Comparison & Deals platform","Pune","Nilesh Shah","Seed Funding",""
"1560","7/21/2016","MyTaxiIndia","Consumer Internet","Online Car rental booking platform","New Delhi","Nihon Kotsu Co","Private Equity","1000000.0"
"1561","7/21/2016","AbeRuk","E-Commerce","Online Marketplace for books","Bengaluru","Swastika Company Pvt Ltd","Seed Funding",""
"1562","7/21/2016","Wiwigo","Consumer Internet","Inter-City Taxi Booking platform","Bengaluru","Indian Angel Network","Seed Funding","595000.0"
"1563","7/21/2016","Drums Food","Food & Beverage","Yogurt and Ice Cream maker","Mumbai","Verlinvest, DSG Consumer Partners","Unknown",""
"1564","6/1/2016","Chikoop","Consumer Internet","Free Ad based Voice Calling","Indore","Undisclosed Investors","Seed Funding",""
"1565","6/1/2016","BRIDGEi2I","Technology","Data Analytics Platform","Bengaluru","Edelweiss Private Equity","Private Equity",""
"1566","6/2/2016","Droom","E-Commerce","Online marketplace for used automobiles","New Delhi","Beenext, Digital Garage, Lightbox, Beenos","Private Equity",""
"1567","6/2/2016","Visit","Consumer Internet","On-Demand Healthcare Service provider","New Delhi","MapmyIndia","Seed Funding",""
"1568","6/2/2016","Atomberg","Technology","smart, energy efficient home appliance manufacturer","Mumbai","Parampara Capital","Private Equity","1000000.0"
"1569","6/2/2016","Coutloot","E-Commerce","Fashion Re-Commerce Platform","Mumbai","Venture Catalysts","Seed Funding",""
"1570","6/2/2016","Limo","Consumer Internet","Bus Aggregator Mobile app","Mumbai","Rainmaker Ventures","Private Equity","1000000.0"
"1571","6/3/2016","iCliniq","Consumer Internet","Doctor Consultation platform","Bengaluru","MadhanKumar Madathupalayam","Seed Funding",""
"1572","6/3/2016","GoGo Truck","Consumer Internet","Truck Aggregator & Booking platform","Chennai","Undisclosed Investor","Seed Funding","75000.0"
"1573","6/3/2016","Vyome Biosciences","Healthcare","Treatment Development for Antibiotic-resistant diseases","New Delhi","Romulus Capital","Private Equity","2000000.0"
"1574","6/6/2016","SillyMonks","Consumer Internet","Digital Media and Entertainment Startup","Hyderabad","Sreenivasa Reddy Musani","Seed Funding","448000.0"
"1575","6/7/2016","CueMath","Education","K-12 Maths Learning Courses","Bengaluru","Sequoia Capital, Unitus Seed Fund","Private Equity","4000000.0"
"1576","6/7/2016","KrazyBee","Consumer Internet","Student Micro-Loan platform","Bengaluru","Yeahmobi, Fenqile","Private Equity","2000000.0"
"1577","6/7/2016","Intgrea","Technology","Post merger Integration Partners","Bengaluru","Undisclosed Investor","Seed Funding","100000.0"
"1578","6/7/2016","HelpShift","Technology","Mobile CRM Platform","Pune","Microsoft Ventures, Salesforce Ventures","Private Equity","23000000.0"
"1579","6/7/2016","CreditVidya","Technology","Credit Scoring Platform","Mumbai","Kalaari Capital","Private Equity","1000000.0"
"1580","6/8/2016","Grey Campus","Consumer Internet","Online Learning Platform","Hyderabad","Sarath Sura","Seed Funding","1000000.0"
"1581","6/8/2016","ListUp","E-Commerce","Location based Classified Mobile app","Mumbai","Kae Capital, Kunal Shah, Sandeep Tandon","Seed Funding","500000.0"
"1582","6/8/2016","6Degree","Technology","Tech-enabled Fashion Talent platform","Mumbai","Indian Angel Network","Seed Funding","200000.0"
"1583","6/8/2016","Shopwati","Consumer Internet","Online Fashion Discussion Community","Gurugram","Sanjiv Rai","Seed Funding",""
"1584","6/8/2016","Cookifi","Consumer Internet","Online Chef Discovery & Booking Service","Bengaluru","Kunal Shah, Aneesh Reddy, Tracxn Labs, Venkat Tadanki, Krishna Mehra, Amit Rathore","Seed Funding",""
"1585","6/8/2016","StoreKing","E-Commerce","Connecting Small Town Consumers to E-Commerce","Bengaluru","Axiata Digital","Private Equity","16000000.0"
"1586","6/8/2016","Wired Hub","Real Estate","Co-Working Spaces","Jaipur","Ankit Maheshwari, Anand Singh","Seed Funding",""
"1587","6/8/2016","MySeniorDoctor","Consumer Internet","Online medical support platform","Gurugram","BlackJag Partners","Seed Funding","200000.0"
"1588","6/9/2016","Teabox","E-Commerce","Online Tea Store","Siliguri","Cameron Jones","Seed Funding",""
"1589","6/9/2016","ExtraaEdge","Consumer Internet","Student Acquisition Platform","Pune","Ritesh Dwivedy, Priti Padhy","Seed Funding",""
"1590","6/9/2016","EPayLater","Technology","Fin-Tech Platform","Mumbai","3 undisclosed HNIs","Seed Funding","2000000.0"
"1591","6/10/2016","Kyazoonga","E-Commerce","Online event ticketing Platform","Mumbai","Ratan Tata","Seed Funding",""
"1592","6/10/2016","Paytunes","Consumer Internet","Mobile based rewards platform","New Delhi","CIO Angel Network, Indian Angel Network","Private Equity","500000.0"
"1593","6/10/2016","Kickstart Jobs","Technology","Entry level hiring platform","Gurugram","Vivek Joshi, Mohit Satyanand, Amit Banati, Arun Khanna","Seed Funding",""
"1594","6/10/2016","Freshee","FMCG","Household packaging & Storage product manufacturer","Mumbai","Edelweiss Private Equity","Private Equity",""
"1595","6/10/2016","MadRat Games","Technology","Wearable Gaming Platform","Bengaluru","Ratan Tata, Bhavish Aggarwal, Ankit Bhati, Binny Bansal, Girish Mathrubootham","Seed Funding",""
"1596","6/11/2016","Jazzmyride","E-Commerce","Auto Parts & Accessories eTailer","New Delhi","TVS Automobile Solutions Ltd","Private Equity",""
"1597","6/11/2016","AutoSense","Technology","Data Analytics based Customer Management Services","New Delhi","TVS Automobile Solutions Ltd","Private Equity",""
"1598","6/11/2016","Redsun Telematics","Consumer Internet","Internet of Things Platform","Chennai","TVS Automobile Solutions Ltd","Private Equity",""
"1599","6/13/2016","KhanaGadi","Consumer Internet","Online Food Delivery for Train Travelers","Jaipur","50K Ventures","Seed Funding",""
"1600","6/13/2016","Bombay Shirt Company","E-Commerce","Online custom Shirt retailer","Mumbai","undisclosed investor","Private Equity","1000000.0"
"1601","6/13/2016","Matrubharti","Consumer Internet","e-Book Publisher","Unknown","Viridian Capital","Seed Funding","30000.0"
"1602","6/14/2016","EdTechReview","Consumer Internet","Education based online portal","New Delhi","EVC Ventures","Seed Funding",""
"1603","6/14/2016","Bonhomia","Food & Beverage","Premium Tea & Coffee Capsules maker","New Delhi","Valpro Capital and existing investors","Private Equity",""
"1604","6/14/2016","Gobolt","Logistics","B2B Logistics provider","New Delhi","MCube8","Seed Funding",""
"1605","6/14/2016","Jivox","Technology","Data Driven Advertising platform","Bengaluru","You & Mr Jones, Fortisure Ventures, Diaz Nesamoney","Private Equity","6000000.0"
"1606","6/14/2016","Sminq","Consumer Internet","Queue management Mobile app","Pune","Saama Capital, Blume Ventures & Vaibhav Domkundwar","Seed Funding","1000000.0"
"1607","6/14/2016","CureJoy","Consumer Internet","Online Alternative health community platform","Bengaluru","Accel Partners India","Private Equity","4400000.0"
"1608","6/15/2016","Oneway.cab","Consumer Internet","Taxi Rental Platform","Vadodara","Indian Angel Network","Seed Funding","450000.0"
"1609","6/15/2016","GrabOnRent","E-Commerce","On-demand product rental marketplace","Bengaluru","IvyCap Ventures and Unicorn India Ventures","Private Equity",""
"1610","6/16/2016","Diro Labs","Consumer Internet","Contact Management Mobile App","New Delhi","Info Edge (India) Ltd","Private Equity","450000.0"
"1611","6/16/2016","Unnati Helpers","Consumer Internet","Help Hiring Platform","Gurugram","Info Edge (India) Ltd","Private Equity","600000.0"
"1612","6/16/2016","Athletto","Consumer Internet","Sports Venue discovery and booking platform","Bengaluru","Atul Ingle","Seed Funding",""
"1613","6/16/2016","Saavn","Consumer Internet","Web/Mobile Music Streaming service","Unknown","Guy Oseary","Private Equity",""
"1614","6/16/2016","Voonik","E-Commerce","Online Women\\xe2\\x80\\x99s Fashion Marketplace","Bengaluru","Sequoia Capital","Private Equity","20000000.0"
"1615","6/16/2016","ThinkPhi","Technology","Sustainable Green Tech Solution developer","Mumbai","Nimmagadda Prasad","Seed Funding",""
"1616","6/17/2016","Cleartax","Consumer Internet","Online Tax Filing Platform","New Delhi","Ravi Adusumalli, SAIF Partners","Private Equity","12000000.0"
"1617","6/17/2016","Silvan Innovation Labs","Technology","Home Automation Solutions","Bengaluru","Infuse Ventures","Private Equity","900000.0"
"1618","6/17/2016","GreytHR","Technology","Payroll & HR Software Developer","Bengaluru","New Enterprise Associates (NEA), Blume Ventures","Private Equity","5200000.0"
"1619","6/17/2016","Duffl","E-Commerce","Fashion Rental Marketplace","Bengaluru","BetOnIndia Technology Pvt Ltd","Seed Funding",""
"1620","6/17/2016","BYG","Consumer Internet","Fitness centre Discovery & Booking Mobile app","Bengaluru","Sanjay Verma, Amit Khanna (LetsVenture)","Seed Funding",""
"1621","6/20/2016","Dipper","E-Commerce","Freight Logistics Marketplace","New Delhi","Undisclosed investor","Seed Funding",""
"1622","6/20/2016","Qonfuse","Consumer Internet","Online Test Papers for competitive exams","New Delhi","Hamraj Kumar","Seed Funding",""
"1623","6/20/2016","The Indian IRIS","Consumer Internet","Govt Policy Research & Information portal","Ahmedabad","Timbru Ventures","Seed Funding",""
"1624","6/21/2016","Onspoon","Consumer Internet","Online Platform for Event Sponsorship","Mumbai","Swan Angel Network","Seed Funding","150000.0"
"1625","6/21/2016","REstate","Consumer Internet","Real Estate Platform","Bengaluru","Idein Ventures","Seed Funding",""
"1626","6/21/2016","Cleartrip","Consumer Internet","Online Travel Agency","Mumbai","Concur Technologies, Gund Investment","Private Equity",""
"1627","6/21/2016","ProcMart","Consumer Internet","Online Procurement Marketplace","Noida","IndiaMart","Private Equity",""
"1628","6/21/2016","Celerix","Technology","Fintech Product Development & Services Startup","Bengaluru","Bitkemy Ventures","Seed Funding","400000.0"
"1629","6/21/2016","NatureNama","Consumer Internet","Online Outdoors & travel","Mumbai","Unicorn Venture","Seed Funding","225000.0"
"1630","6/21/2016","CyclopsMedtech","Technology","Medical Technology Provider","Bengaluru","CP Bothra","Seed Funding",""
"1631","6/21/2016","Syona Cosmetics","FMCG","Beauty Products & Training to Salons & Spas","Chennai","The Chennai Angels","Seed Funding","150000.0"
"1632","6/21/2016","PrettySecrets","E-Commerce","Women Lingerie Store","Mumbai","RB Investments PTE Ltd, Orios Venture Partners","Private Equity","6000000.0"
"1633","6/22/2016","SpiderG","Consumer Internet","Online invoice app for SMEs","Pune","Rahul Kirloskar, Fusion Tech Ventures, Adi Saravanan, Pravin Dongre, Mahendra Doshi","Seed Funding","150000.0"
"1634","6/23/2016","FarEye","Technology","Logistics Management Software","New Delhi","Saif Partners","Private Equity","3500000.0"
"1635","6/23/2016","The Uolo","Consumer Internet","School Parent Communication App","Bengaluru","Purvi Ventures, Rajul Garg, Vipin Arora","Seed Funding","210000.0"
"1636","6/23/2016","Staqu","Technology","Artificial Intelligence based search platform","Gurugram","Indian Angel Network","Seed Funding",""
"1637","6/23/2016","Padhopadhao","Consumer Internet","Home Tutors search & Discovery","New Delhi","Rise India","Private Equity",""
"1638","6/24/2016","Drivify","Consumer Internet","Professional Driver discovery & Booking Mobile app","Mumbai","Jitendra Gupta, Pankaj Tripathi","Seed Funding","50000.0"
"1639","6/24/2016","PratiLipi","Consumer Internet","Multi-Lingual self-publishing platform","Bengaluru","Nexus Venture Partners","Seed Funding",""
"1640","6/24/2016","ParaBlu","Technology","Cloud Data Security & Privacy Solutions","Bengaluru","Kalaari Capital","Seed Funding","500000.0"
"1641","6/24/2016","Schedulers Logistics","Logistics","Cold Storage Logistics solutions","Mumbai","GVFL","Private Equity","6000000.0"
"1642","6/24/2016","LEAP India","Others","Supply Chain Equipment & Services provider","Mumbai","Mayfield Ventures","Private Equity","3000000.0"
"1643","6/24/2016","KabadiExpress","Others","Free Door Step Scrap Pickup Service","New Delhi","Undisclosed investor","Seed Funding","148000.0"
"1644","6/27/2016","YourDost","Consumer Internet","Online counselling & Personal coaching platform","Bengaluru","SAIF Partners, Aprameya Radhakrishnan, Phanindra Sama, Subba Rao Telidevara, Vibhu Garg, Paula Ravindra Mariwala, Gaurav Bhalotia","Seed Funding","1200000.0"
"1645","6/27/2016","Gomalon","Consumer Internet","Online Spa & Salon discovery & Booking platform","Bengaluru","Undisclosed investor","Seed Funding","100000.0"
"1646","6/27/2016","Voler Cars","Consumer Internet","Self-Driven Car rental platform","New Delhi","Kanodia family, Amit Banka","Seed Funding",""
"1647","6/27/2016","Travelyaari","Consumer Internet","Online ticket booking platform","Bengaluru","GVFL Ltd","Private Equity","3000000.0"
"1648","6/28/2016","FabHotels","Consumer Internet","Online Hotel aggregator & Booking platform","Gurugram","Accel Partners, RB Investments","Private Equity","8000000.0"
"1649","6/28/2016","Locanix","Technology","GPS based SaaS Solutions","Ahmedabad","Undisclosed investors","Seed Funding","300000.0"
"1650","6/28/2016","LendingKart","Consumer Internet","Online Working Capital Business Loans Platform","Ahmedabad","Bertelsmann India Investments, Mayfield India, Saama Capital, India Quotient","Private Equity","32000000.0"
"1651","6/28/2016","Hello Tax","Consumer Internet","Online Tax Filing Platform","New Delhi","Sanjeev Sinha","Seed Funding","295000.0"
"1652","6/28/2016","MySuperBrain","Consumer Internet","Online Talent Discovery Platform for Kids","Hyderabad","Soniks Consulting","Seed Funding",""
"1653","6/28/2016","BlogBeats","Consumer Internet","Online Blogging Platform","Bengaluru","Undisclosed Investor","Seed Funding",""
"1654","6/29/2016","LetReach","E-Commerce","ECommerce SAAS Solutions","New Delhi","vCommission","Private Equity","100000.0"
"1655","6/29/2016","TrendieApp","Technology","Visual Content Marketing","Kolkata","Harsh Vardhan Hada","Seed Funding","50000.0"
"1656","6/29/2016","ImpactGuru","Consumer Internet","Crowdfunding Platform","Mumbai","Piyush Jain","Seed Funding",""
"1657","6/29/2016","Velvetcase","E-Commerce","Online designer jewellery marketplace","Mumbai","Uniqorn Ventures Fund, TV Mohandas Pai, S Somasegar","Private Equity","1500000.0"
"1658","6/30/2016","Meru Cabs","Consumer Internet","Online/ Mobile Tax Cab booking","Mumbai","Brand Capital","Private Equity","25000000.0"
"1659","6/30/2016","Campus Diaries","Consumer Internet","Student focussed Content Discovery portal","Bengaluru","Aarin Capital","Seed Funding","220000.0"
"1660","6/30/2016","Scripbox","Consumer Internet","Online Mutual Fund Investment platform","Bengaluru","Omidyar Network, Accel Partners & existing investors","Private Equity",""
"1661","6/30/2016","Biryani Blues","Food & Beverage","QSR Chain","Gurugram","Carpediem Capital & Others","Private Equity","368000.0"
"1662","5/1/2016","MotoMojo","Consumer Internet","Mobile based Vehicle maintenance App","Mumbai","Niloufer Dundh, Fauzan Rahim, Balamurugan Mani,","Seed Funding",""
"1663","5/1/2016","Get My Parking","Technology","Parking Technology Platform","New Delhi","The Chennai Angels","Seed Funding","376000.0"
"1664","5/1/2016","Prescribez","Consumer Internet","Health Service Aggregator Platform","Pune","Ankush Mehta","Seed Funding","145000.0"
"1665","5/2/2016","Airwood","Technology","Agri Data & Analytics Platform","Chennai","StartupXseed Ventures","Seed Funding",""
"1666","5/3/2016","Mobikwik","Consumer Internet","Mobile & Digital Wallet","Gurugram","GMO Payment Gateway, MediaTek","Private Equity","50000000.0"
"1667","5/3/2016","iDreamCareer","Consumer Internet","Career Planning Services Portal","New Delhi","Brand Capital","Private Equity",""
"1668","5/3/2016","Zwayam","Consumer Internet","Online Recruitment Platform","Bengaluru","Undisclosed investors","Seed Funding","250000.0"
"1669","5/3/2016","BoiBanit","Consumer Internet","Online Food Delivery platform","Vadodara","Undisclosed investors","Seed Funding",""
"1670","5/3/2016","Zuver","Consumer Internet","Car driver Discovery App","Mumbai","Shruth & Smith Group, Hermes Group","Seed Funding","180000.0"
"1671","5/3/2016","Prepathon","Education","Competitive Exam learning platform","Mumbai","Blume Ventures","Private Equity",""
"1672","5/4/2016","EasyRoads","Consumer Internet","Road Trip planning Mobile app","Mumbai","Rohan Angrish, Hrishi Oberoi, Rahul Mehta, Kapil Hetamsaria, Pranav Dedhia","Seed Funding","200000.0"
"1673","5/4/2016","Lenskart","E-Commerce","Eyewear & Accessories etailer","New Delhi","International Finance Corp, TPG Growth, Adveq Management, IDG Ventures, Ratan Tata, Kris Gopalakrishnan","Private Equity","60000000.0"
"1674","5/4/2016","Seclore","Technology","Enterprise Security Technology platform","Mumbai","Sistema Asia Fund, Helion Venture, VentureEast, India Alternatives","Private Equity","12000000.0"
"1675","5/4/2016","SolarTown","Technology","Solar Rooftop system installation company","Chennai","Grex.in","Seed Funding","200000.0"
"1676","5/4/2016","Comarete","Technology","Telecom & Media IT services company","Pune","Grex.in","Seed Funding","200000.0"
"1677","5/4/2016","MyDentistChoice","E-Commerce","Medical Supplies eTailer","Hyderabad","Undisclosed investors","Seed Funding","150000.0"
"1678","5/4/2016","Active.ai","Technology","Intelligent Tech platform for Finance vertical","Singapore","Kalaari Capital Accelerator Program","Seed Funding","500000.0"
"1679","5/4/2016","Affordplan","Technology","Affordable non-emergency medical service health plans","New Delhi","Kalaari Capital Accelerator Program","Seed Funding","500000.0"
"1680","5/4/2016","Indee","Consumer Internet","Web Video Streaming Platform","Bengaluru","Kalaari Capital Accelerator Program","Seed Funding","500000.0"
"1681","5/5/2016","Unbxd","Technology","eCommerce product discovery software","New Delhi","IDG Ventures, Inventus Capital, Indian Angel Network","Private Equity",""
"1682","5/5/2016","WebAlligator","Consumer Internet","Cloud Based Software Solutions","Bengaluru","Group of undisclosed Angel Investors & HNIs","Seed Funding","375000.0"
"1683","5/6/2016","EduAce Services","Education","Education Workshops & mentoring programs","Lucknow","MoMagic Technologies","Private Equity","1000000.0"
"1684","5/6/2016","Meesho","E-Commerce","Social commerce platform","Bengaluru","Rajul Garg & Others","Seed Funding",""
"1685","5/7/2016","Zebroads","Logistics","Logistics and Warehousing services","Hyderabad","Undisclosed investors","Seed Funding","75000.0"
"1686","5/9/2016","Locus","Technology","Logistics Intelligence platform","Bengaluru","Exfinity Venture Partners, Blume Ventures, BeeNext, Rajesh Ranavat","Private Equity","2750000.0"
"1687","5/9/2016","Toko Innovations","Consumer Internet","Children\\xe2\\x80\\x99s Entertainment Portal","Bengaluru","Roopak Saluja, Vishal Khare","Seed Funding","450000.0"
"1688","5/9/2016","Rentickle","E-Commerce","Furniture, appliances Portal","New Delhi","Manish Kheterpal, Vinay Mittal, Dinesh Mittal, Sandeep Gupta","Seed Funding","250000.0"
"1689","5/10/2016","HealthifyMe","Consumer Internet","Health & Fitness App","Bengaluru","IDG Ventures India, Inventus Capital, Blume Ventures","Private Equity","6000000.0"
"1690","5/10/2016","Zarget","Consumer Internet","Conversion Rate Optimization Platform","Chennai","Accel Partners, Matrix Partners, Girish Mathrubootham","Private Equity","1500000.0"
"1691","5/10/2016","InnoNano Research","Technology","Clean Water Technology","Chennai","NanoHoldings","Private Equity","18000000.0"
"1692","5/10/2016","SchoolWear","E-Commerce","School Uniform & Supplies Marketplace","Mumbai","Undisclosed investors","Seed Funding","1500000.0"
"1693","5/10/2016","Swiggy","Consumer Internet","Food Delivery Platform","Bengaluru","Norwest Venture Partners, DST Global, Accel Partners","Private Equity","7000000.0"
"1694","5/11/2016","Zenify","Consumer Internet","Home rental Discovery & Booking Portal","Bengaluru","Undisclosed Investors","Private Equity","900000.0"
"1695","5/11/2016","Faircent","Consumer Internet","Online Peer to Peer Lending platform","Gurugram","JM Financial Products Ltd, Arun Tadanki, Doreswamy Nandkishore, Kshitij Jain","Private Equity",""
"1696","5/11/2016","Fractal Analytics","Technology","Data Analytics Company","Mumbai","Khazanah Nasional Berhad","Private Equity","100000000.0"
"1697","5/12/2016","Unacademy","Consumer Internet","Free Online Education Platform","Bengaluru","Blume Ventures, Rajan Anandan, Sumit Jain, Aprameya Radhakrishna, Sujeet Kumar, Phanindra Sama","Seed Funding","500000.0"
"1698","5/12/2016","Capital Float","Consumer Internet","Online Lending Platform","Bengaluru","Creation Investments Capital Management, SAIF Partners, Sequoia Capital, Aspada Ventures","Private Equity","25000000.0"
"1699","5/12/2016","Life Circle","Healthcare","Senior Healthcare Services","Hyderabad","GROUPE SOS","Private Equity","150000.0"
"1700","5/12/2016","Dream Wallets","Consumer Internet","Online Crowdfunding platform","Jaipur","Rakesh Gupta, Aditya Aggarwal, Siddharth Banerjee, Vikas Ranjan, Anshul Jindal, Sunil Koul, and Sanjeev Agrawal","Seed Funding",""
"1701","5/12/2016","ShabdNagari","Consumer Internet","Hindi social networking portal","Kanpur","ah! Ventures","Seed Funding",""
"1702","5/12/2016","Galleri5","Consumer Internet","Visual Content Discovery platform","Bengaluru","Phanindra Sama, Raghunandan G,","Seed Funding",""
"1703","5/12/2016","Derbii","Logistics","Carpooling Services","Gurugram","Anurag Chauhan","Seed Funding",""
"1704","5/13/2016","StayZilla","Consumer Internet","Budget Room Aggregator Booking platform","Chennai","Matrix Partners, Nexus Ventures","Private Equity","13500000.0"
"1705","5/13/2016","WoW Express","Logistics","E-Commerce Logistics Solutions","Mumbai","Undisclosed Investors & Tamarind Family Private Trust","Private Equity","2200000.0"
"1706","5/16/2016","Smartivity","E-Commerce","Smart Learning products","New Delhi","S Chand, AdvantEdge Partners","Private Equity","1000000.0"
"1707","5/16/2016","BedBathMore","Consumer Internet","Home Decor eMarketplace","Mumbai","Kinnevik Group, Rocket Internet","Private Equity",""
"1708","5/17/2016","Murgency","Consumer Internet","Medical Emergency Response App","Mumbai","Rata Tata","Private Equity",""
"1709","5/17/2016","Crownit","Consumer Internet","Mobile customer rewards management platform","Gurugram","Undisclosed investors, Accel Partners, Helion Venture Partners","Private Equity",""
"1710","5/17/2016","Blinge","E-Commerce","Apparel Rental platform","Mumbai","Anupam Mittal, Anuj Srivastava, Ankit Nagori","Seed Funding",""
"1711","5/18/2016","TheSmartQ","Consumer Internet","Food Ordering Mobile App","Bengaluru","YourNest Angel Fund","Seed Funding","250000.0"
"1712","5/18/2016","PurpleHealth","Consumer Internet","Online health-on-demand platform","Trivandrum","Katabole Technology Venture","Seed Funding","100000.0"
"1713","5/18/2016","Fundamentor","Education","Aptitude Development Program","Pune","Subramanya SV","Seed Funding",""
"1714","5/18/2016","EduPristine","Education","Online Certification Courses","Mumbai","Kaizen Management Advisors, DeVry Inc","Private Equity","10000000.0"
"1715","5/18/2016","BhiveWorkspace","Reality","Co-Working Spaces","Bengaluru","Blume Ventures","Private Equity","1000000.0"
"1716","5/18/2016","Parentlane","Consumer Internet","Parenting & Child Care app","Bengaluru","Sujeet Kumar, Aprameya, Sumit Jain, Subramanya Venkat, Venk, Ravi Machani, Hitesh Gupta, Rohit Choudhary","Seed Funding",""
"1717","5/19/2016","Appie","Consumer Internet","Location-based offline retail discovery platform","Mumbai","Undisclosed investors","Seed Funding","1000000.0"
"1718","5/19/2016","Niki.ai","Technology","Artificial Intelligence Platform","Bengaluru","Ratan Tata","Private Equity",""
"1719","5/19/2016","TaxiVaxi","Consumer Internet","Cab Aggregating Platform","New Delhi","Undisclosed HNIs","Seed Funding","500000.0"
"1720","5/19/2016","Veqta","Consumer Internet","On Demand Digital Sports Network","New Delhi","Chatsworth Management, ITW Digital","Seed Funding","500000.0"
"1721","5/20/2016","i2ifunding","Consumer Internet","Online Peer to Peer Funding","Noida","Undisclosed Investors","Seed Funding","300000.0"
"1722","5/23/2016","EduRev","Consumer Internet","Online Learning Platform","Gurugram","Pradeep Reddy Kamasan","Seed Funding",""
"1723","5/23/2016","Hoppingo","Consumer Internet","Fashion Discovery platform","New Delhi","vCommission","Seed Funding","89000.0"
"1724","5/24/2016","Eatonomist","Consumer Internet","Food Delivery Platform","Gurugram","MCube Capital Advisors Pvt Ltd","Seed Funding",""
"1725","5/24/2016","Goalwise","Consumer Internet","Online investment platform","Bengaluru","Undisclosed HNIs","Seed Funding","1000000.0"
"1726","5/25/2016","Roast","Consumer Internet","Mobile entertainment App","New Delhi","Indian Angel Network","Seed Funding",""
"1727","5/25/2016","Address Health","Healthcare","Pediatric Primary Healthcare Network","Bengaluru","Gray Matters Capital","Private Equity","1500000.0"
"1728","5/25/2016","Arcatron Mobility","Technology","Mobility Devices for differently abled","Pune","Sudhir Mehta","Seed Funding","100000.0"
"1729","5/25/2016","SheThePeople","Consumer Internet","Digital platform for Women","New Delhi","Anand Mahindra","Seed Funding",""
"1730","5/26/2016","Cleartax","Consumer Internet","Online Income Tax Filing platform","Bengaluru","FF Angel, Sequoia Capital","Private Equity","2000000.0"
"1731","5/26/2016","Consure Medical","Healthcare","Medical Devices Kit manufacturer","New Delhi","Accel Partners, Indian Angel Network, India Innovation Fund India Venture Partners","Private Equity",""
"1732","5/26/2016","mChamp","Consumer Internet","Celebrity Entertainment Contest App","New Delhi","MoMagic Technologies","Seed Funding","475000.0"
"1733","5/27/2016","Pianta","Consumer Internet","Online healthcare service discovery platform","Bengaluru","Kunal Shah, Sandeep Tandon","Seed Funding",""
"1734","5/30/2016","Vahanalytics","Technology","Safe driving Analytics platform","Mumbai","Anirudh Damani, Vikram Lakhotia","Seed Funding","200000.0"
"1735","5/31/2016","Play Your Sport","Consumer Internet","Location based Sports & Fitness Discovery App","New Delhi","Ashish Gupta and other undisclosed investors","Seed Funding",""
"1736","5/31/2016","Koovs","E-Commerce","Apparel & Lifestyle eTailer","New Delhi","HT Media Ltd","Private Equity","4400000.0"
"1737","5/31/2016","CCavenue","Consumer Internet","Payment Gateway","Mumbai","NSI Infinium Global Pvt. Ltd","Private Equity","8900000.0"
"1738","5/31/2016","1mg","E-Commerce","Online Pharmacy","Gurugram","HBM Healthcare Investments","Private Equity",""
"1739","5/31/2016","Tpot","Food & Beverage","QSR Chain","Gurugram","Ashish Gupta","Seed Funding",""
"1740","5/31/2016","MachaDalo","Consumer Internet","Hyperlocal Advertising Platform","Mumbai","Undisclosed Investors","Seed Funding","175000.0"
"1741","4/1/2016","Dil Mil","Consumer Internet","Matchmaking Mobile App","Bengaluru","Nelstone Ventures, Transmedia Capital, Maiden Lane Ventures, CSC Upshot & Angel investors","Private Equity","2700000.0"
"1742","4/1/2016","PicsDream","Consumer Internet","Online Marketplace for Photographers","New Delhi","Raman Roy","Seed Funding",""
"1743","4/1/2016","Process 9","Consumer Internet","online translation and transliteration","Gurugram","Indian Angel Network, Alok Sharma, Kris Gopalakrishnan, Saurabh Srivastava, and Ajai Chowdhry","Seed Funding",""
"1744","4/4/2016","Housing","Consumer Internet","Real Estate Portal","Mumbai","Vineet Singh","Private Equity",""
"1745","4/4/2016","Roll Mafia","Food & Beverage","Rolls & Biryanis QSR chain","Pune","Equentia Natural Resource & Other undisclosed investors","Seed Funding",""
"1746","4/4/2016","Hungama","Consumer Internet","Digital Media Entertainment Portal","Mumbai","Xiaomi Inc","Private Equity","25000000.0"
"1747","4/4/2016","Highway Delite","Consumer Internet","Various Highway Help Services","Bengaluru","N.S. Raghavan Centre for Entrepreneurial Learning","Seed Funding",""
"1748","4/5/2016","Cult Fitness","Healthcare","Healthcare training programs","Bengaluru","Mukesh Bansal","Seed Funding",""
"1749","4/5/2016","Haptik","Technology","Personal Assistant App","Mumbai","Times Internet Ltd","Private Equity",""
"1750","4/5/2016","Servify","Consumer Internet","Gadget & Appliances Service App","Mumbai","Blume Ventures, Barkawi Holdings GmbH, TM Service Technology Holdings GmbH","Private Equity",""
"1751","4/6/2016","Shipsy","Logistics","Logistics Solutions","Gurugram","DTDC Express Ltd","Private Equity","1000000.0"
"1752","4/6/2016","gear6","Consumer Internet","Online bike service and repairs platform","Bengaluru","Ninestarter","Seed Funding","500000.0"
"1753","4/6/2016","MyGlamm","Consumer Internet","Mobile based on-demand Beauty Services platform","Mumbai","L\\xe2\\x80\\x99Occitane","Private Equity","6000000.0"
"1754","4/6/2016","Petoo","Consumer Internet","Online Food Delivery Platform","Bengaluru","Axilor Ventures","Private Equity","1000000.0"
"1755","4/7/2016","Truly Social","Consumer Internet","Mobile Gaming Studio","London","Nazara Technologies Pvt Ltd","Private Equity",""
"1756","4/8/2016","Little Black Book","Consumer Internet","Curated Food, event & Lifestyle guide","New Delhi","IDG, Indian Angel Network","Seed Funding",""
"1757","4/8/2016","Vahan","Education","Mobile Education Platform","Chennai","Villgro","Seed Funding",""
"1758","4/8/2016","imedilane","Consumer Internet","Online Health Diagnosis platform","New Delhi","Mahendra Patel, Nilender Chauhan","Seed Funding","40000.0"
"1759","4/11/2016","Living Local","Consumer Internet","Social discovery platform","Mumbai","Rattan Chadha","Seed Funding","200000.0"
"1760","4/11/2016","Vegfru","E-Commerce","Online Fruit & Vegetable Marketplace","New Delhi","Wingify","Seed Funding",""
"1761","4/11/2016","Oyo","Consumer Internet","Online Branded Budget Room Booking Service","New Delhi","Softbank, Sequoia Capital, Lightspeed Venture Partners, Greenoaks Capital, DSG Consumer Partners and Venture Nursery","Private Equity","100000000.0"
"1762","4/11/2016","PriceRaja","Consumer Internet","Price Comparison Portal","Gurugram","Prashant Puri","Seed Funding","300000.0"
"1763","4/12/2016","MagicX","Consumer Internet","On-Demand Task Management App","Bengaluru","Kris Gopalakrishnan, Dr. Ranjan Pai","Seed Funding","1000000.0"
"1764","4/12/2016","Happydemic","Consumer Internet","Artist Discovery & Booking platform","Mumbai","Shaan","Seed Funding",""
"1765","4/12/2016","LenDenClub","Finance","Peer-to-Peer Lending Platform","Mumbai","Anirudh Damani, Daud Ali, Narendra Karnavat, Vikas Kapoor, Vikram Lakhotia, Krishna Jhunjhunwaala, Jayesh Shah","Seed Funding",""
"1766","4/12/2016","Indi.com","Consumer Internet","Video Social Network","Unknown","Anil Kapoor","Seed Funding",""
"1767","4/13/2016","Legalraasta","Consumer Internet","Online legal Services for Startups","New Delhi","Pravin Khandelwal, Yatin Kumar Jain","Seed Funding","1000000.0"
"1768","4/13/2016","RainCan","Consumer Internet","Subscription-based grocery delivery Mobile App","Pune","Dr. Aniruddha Malpani","Seed Funding","150000.0"
"1769","4/13/2016","Hippily","E-Commerce","Fashion ECommerce App","Mumbai","Dr. Sridhar Ramaswamy, Rakesh Mathur","Seed Funding","250000.0"
"1770","4/13/2016","kredX","E-Commerce","Invoice discounting\\xc2\\xa0 Marketplace","Bengaluru","Prime Venture Partners,","Seed Funding","750000.0"
"1771","4/14/2016","Wedwise","Consumer Internet","Wedding related services community","New Delhi","StartUp Equity Partners","Seed Funding",""
"1772","4/14/2016","BeaconsTalk","Technology","contextual mobile advertising","Mumbai","Rajeev Agrawal, Prashant Gooty","Seed Funding","100000.0"
"1773","4/15/2016","Deal 4Loans","Consumer Internet","Loan Comparison Portal","Noida","Ram Shriram, Neeraj Arora, Puru Vashishtha","Seed Funding",""
"1774","4/15/2016","RenewBuy","Consumer Internet","Online Car & Bike Insurance Comparison portal","New Delhi","Mount Nathan Advisors","Seed Funding","1000000.0"
"1775","4/15/2016","Blue Box Media","Consumer Internet","Online Tech Portals","Jaipur","Mahavir Pratap Sharma, Ajay Data, Yogesh Chaudhary, Sanjay Phophaliya, Siddharth Agarwal, Kamal Kothari","Seed Funding",""
"1776","4/15/2016","Vyomo","Consumer Internet","On-Demand Beauty Service provider","New Delhi","Naturals Salon Chain","Private Equity","15000000.0"
"1777","4/15/2016","Organicshop","E-Commerce","Marketplace for organic products","Jaipur","Vivek Nathani, Yogesh Chaudhary, Mahavir Pratap Sharma, Kamal Kothari, H C Jain","Seed Funding",""
"1778","4/15/2016","MInd Your Fleet","Consumer Internet","Car Rental Software","Noida","Undisclosed Investors","Seed Funding",""
"1779","4/15/2016","NestAway","Consumer Internet","Furnished Home Rental Platform","Bengaluru","Tiger Global","Private Equity","30000000.0"
"1780","4/15/2016","Tapchief","Consumer Internet","Expert Advice Platform","Bengaluru","Vijay Shekhar Sharma","Seed Funding","150000.0"
"1781","4/18/2016","Rapido","Consumer Internet","Bike Aggregator App","Bengaluru","Pawan Munjal, AdvantEdge Partners, Astarc Ventures","Private Equity",""
"1782","4/18/2016","Yufta","E-Commerce","Women\\xe2\\x80\\x99s Fashion ECommerce Portal","Bengaluru","Ajay Data & other HNIs","Seed Funding",""
"1783","4/18/2016","Smytten","E-Commerce","Online Discovery and Shopping Platform","Gurugram","Rajan Anandan","Seed Funding",""
"1784","4/18/2016","Houssup","Consumer Internet","interior design and home furnishing portal","Jaipur","Mitin Patel, Gaurav Agarwal","Seed Funding",""
"1785","4/18/2016","Jugnoo","Consumer Internet","On-demand Delivery & Logistics platform","Chandigarh","Paytm & existing investors","Private Equity","10000000.0"
"1786","4/18/2016","Tork Motocycles","Automobile","Electric Motorcycle Manufacturer","Pune","Bhavish Aggarwal, Ankit Bhati","Seed Funding",""
"1787","4/19/2016","Betaout","E-Commerce","customer intelligence and marketing automation platform","Noida","Stanford Angels, LetsVenture, Chennai Angels, Hyderabad Angels, Mumbai Angels","Private Equity","1500000.0"
"1788","4/19/2016","DriversCart","Consumer Internet","on-demand chauffeur provider","Chennai","ah! Ventures","Seed Funding","450000.0"
"1789","4/19/2016","LensKart","E-Commerce","Eyewear etailing platform","New Delhi","Ratan Tata","Private Equity",""
"1790","4/19/2016","CollegeDekho","Consumer Internet","College & Student information platform","New Delhi","Man Capital","Private Equity","2000000.0"
"1791","4/19/2016","OYOfit","Consumer Internet","Fitness Services Aggregator platform","Bengaluru","RN Agarwal","Seed Funding",""
"1792","4/19/2016","Oliveboard","Consumer Internet","Online exam practice & preparation platform","Bengaluru","India Educational Investment Fund","Private Equity",""
"1793","4/19/2016","Simplilearn","Consumer Internet","Online certification platform","Bengaluru","Brand Capital","Private Equity",""
"1794","4/20/2016","1mg","E-Commerce","Online Pharmacy","Gurugram","Maverick Capital Ventures, Sequoia Capital, Omidyar Network","Private Equity","15000000.0"
"1795","4/20/2016","Fashalot","Consumer Internet","Fashion and Store discovery mobile app","New Delhi","YourNest Angel Fund, Rajul Garg","Seed Funding",""
"1796","4/20/2016","Broomberg","Consumer Internet","Cleaning Services Provider","New Delhi","Undisclosed Angel investors & HNIs","Seed Funding",""
"1797","4/21/2016","m.paani","Consumer Internet","Loyalty rewards platform","Mumbai","Blume Ventures, Adil Allana, Aprameya Radhakrishna, Gautam Ivatury, Signal Point Partners","Seed Funding",""
"1798","4/21/2016","Yufta","E-Commerce","hyperlocal fashion retail platform","Jaipur","Ajay Data & undisclosed HNIs","Seed Funding",""
"1799","4/21/2016","mishTag","Consumer Internet","Style, Fashion Discovery Mobile app","New Delhi","M&Y Partners, SVG Media, Anthil Ventures & others","Seed Funding",""
"1800","4/21/2016","Advanced Structures India","Automobile","Automotive Design and Engineering company","Bengaluru","GirnarSoft","Private Equity",""
"1801","4/22/2016","Licious","E-Commerce","Mobile based Meat ordering App","Bengaluru","Mayfield India II Management Ltd","Private Equity","3000000.0"
"1802","4/22/2016","Knolskae","Consumer Internet","Educational Gamification & Simulation platform","Bengaluru","Inventus Capital Partners, HR Fund","Private Equity",""
"1803","4/22/2016","Druva","Technology","Converged Backup & Data Protection Solutions for Enterprises","Pune","NTT Finance, Telephone Corporation","Private Equity",""
"1804","4/22/2016","TOKO Innovation Studios","Consumer Internet","Children\xe2\x80\x99s Entertainment Games & Products","New Delhi","Indian Angel network","Seed Funding","450000.0"
"1805","4/25/2016","Commut","Consumer Internet","Shuttle Service Provider","Hyderabad","50K Ventures","Seed Funding","200000.0"
"1806","4/25/2016","intouchapp","Consumer Internet","Contact Management Mobile App","Pune","Blume Ventures","Seed Funding",""
"1807","4/25/2016","Dropkaffe","Food & Beverage","Ready-to-Drink Beverage Producer","Bengaluru","GrowthStory, Apurva Salapuria, Hitesh Oberoi, Sidharth Pansari, Nirupa Shankar","Seed Funding","550000.0"
"1808","4/26/2016","Transerv","Consumer Internet","Digital Payments platform","Mumbai","IDFC SPICE Fund, Micromax Informatics","Private Equity","15000000.0"
"1809","4/26/2016","ClearTax","Consumer Internet","Online filing of Tax returns","Bengaluru","Max Levchin, Scott Banister","Private Equity","1300000.0"
"1810","4/26/2016","Roposo","E-Commerce","Social Fashion ECommerce Discovery platform","Gurugram","Bertelsmann India Investments","Private Equity","15000000.0"
"1811","4/27/2016","MilkBasket","Consumer Internet","Micro Grocery Delivery Platform","Gurugram","EVC Ventures","Seed Funding","500000.0"
"1812","4/27/2016","CareonGO","Consumer Internet","Online Pharmacy","Unknown","Farooq Oomerbhoy, Anupam Mittal, Anand Mittal, Ravi Garikipati, Vibhu Garg, Singapore Angel Network, Konglo Ventures","Seed Funding",""
"1813","4/27/2016","RailYatri","Consumer Internet","Train Related Information portal","Noida","Nandan Nilekani, Helion Ventures, Omidyar Networks, Blume Ventures","Private Equity",""
"1814","4/27/2016","ICHR","Consumer Internet","Mobile based Children health Information app","New Delhi","Undisclosed","Seed Funding","450000.0"
"1815","4/27/2016","Murgency","Consumer Internet","Medical Emergency Response App","Mumbai","Axilor Ventures","Private Equity",""
"1816","4/28/2016","The Wedding Brigade","Consumer Internet","Online Wedding Information Portal","Mumbai","Blume Ventures & Other unnamed Investors","Seed Funding","600000.0"
"1817","4/28/2016","DocsApp","Consumer Internet","Online Doctor Discovery & Chat platform","Bengaluru","Rebright Partners, Anand Rajaraman, Venky Harinarayan","Private Equity","1200000.0"
"1818","4/29/2016","Impact Guru","Consumer Internet","Online Crowdfunding platform for NGOs & Social Projects","Mumbai","RB Investments, Fundnel","Seed Funding","500000.0"
"1819","4/29/2016","LetReach","E-Commerce","ECommerce SAAS Solutions","New Delhi","vCommission","Private Equity","100000.0"
"1820","3/1/2016","DriveU","Consumer Internet","Chauffeurs Discovery for private car owners","Bengaluru","Unitus Seed Fund","Seed Funding",""
"1821","3/1/2016","Gympik","Consumer Internet","Fitness Centres, Gym Discovery online marketplace","Bengaluru","RoundGlass Partners","Private Equity",""
"1822","3/1/2016","Testbook","Consumer Internet","Online Test Preparation Platform","Mumbai","S Chand & Co","Private Equity",""
"1823","3/1/2016","IQlect","Technology","Big Data Analytics Platform","Bengaluru","Lip-Bu Tan, Michael Marks, Nicolas Braithwaite","Private Equity",""
"1824","3/2/2016","MoMark","Consumer Internet","Mobile Wallet Aggregation platform","Noida","YourNest Angel Fund","Private Equity","600000.0"
"1825","3/2/2016","Skedool","Consumer Internet","AI based Office Assistant Mobile App","Bengaluru","Kludein LLC\\nPhanindra Sama, Narayan Ramachandran, Pranav Pai","Seed Funding",""
"1826","3/2/2016","Systemantics","Technology","Industrial robots maker","Bengaluru","Nandan Nilekani, Accel Partners","Private Equity","1400000.0"
"1827","3/3/2016","Vertuals","Technology","Audio Visual Digital Content creators for Brands","Mumbai","Dino Morea","Seed Funding",""
"1828","3/3/2016","Imarticus Learning","Education","Financial Services & Analytics Education Institute","Mumbai","Blinc Advisors, Amit Nanavati, Tashwinder Singh, Taranjit Jaswal, Amit Khanna","Private Equity","1000000.0"
"1829","3/3/2016","Shouut","Consumer Internet","Social Discovery Mobile app","New Delhi","Undisclosed investor","Seed Funding","500000.0"
"1830","3/4/2016","TinyStep","Consumer Internet","Parenting Social Network Platform","Bengaluru","Matt Glickman","Private Equity",""
"1831","3/4/2016","Aahaa","E-Commerce","Office Products Super Store","Chennai","YourNest Angel Fund,","Private Equity","1000000.0"
"1832","3/4/2016","Arcatron Mobility","Technology","Smart wheelchair Design and Development","Pune","Sudhir Mehta, Anoop Hingorani","Seed Funding",""
"1833","3/4/2016","FTCash","Consumer Internet","Mobile Payments Platform","Kolkata","IvyCap Ventures","Seed Funding","150000.0"
"1834","3/4/2016","Civilsdaily","Consumer Internet","Civil Services News Aggregator","New Delhi","Manoj Kumar & Other undisclosed investors","Seed Funding",""
"1835","3/4/2016","Zappka","Consumer Internet","Mobile App discovery and review platform","Gurugram","Daman Soni, Rajat Gupta & Others","Seed Funding","100000.0"
"1836","3/4/2016","Tarusa World","E-Commerce","Handicraft products eTailer","Mumbai","Mohit Gulati","Seed Funding",""
"1837","3/4/2016","medECUBE","Healthcare","Healthcare related Services provider","Gurugram","Artiman Ventures","Private Equity","4000000.0"
"1838","3/7/2016","N.O.W","Consumer Internet","Bike Taxi Service & Hyperlocal Delivery App","Noida","Ruchirans Jaipuria, Anuj Sanghi","Seed Funding","500000.0"
"1839","3/7/2016","Ninjacart","E-Commerce","B2B marketplace for Farmers & Retailers","Bengaluru","Accel Partners, Qualcomm Ventures, M&S Partners, Zop Smart","Private Equity","3000000.0"
"1840","3/7/2016","Reach","Consumer Internet","Cross Platform P2P file sharing mobile app","Bengaluru","Rebright Partners, Sol Primero, Sudhir Anandarao, Ankur Warikoo, Ankur Singla","Seed Funding","500000.0"
"1841","3/7/2016","Vanity Cube","Consumer Internet","Hyperlocal Beauty Services platform","New Delhi","Unicorn Ventures","Seed Funding","250000.0"
"1842","3/7/2016","Wooplr","E-Commerce","Curated Fashion ECommerce portal","Bengaluru","Naveen Tewari, Abhay Singhal, Amit Gupta, Piyush Shah, Raghunandan G, Rajiv Mehta","Seed Funding",""
"1843","3/7/2016","Medidaili","Consumer Internet","Medical Support service platform","Bengaluru","Undisclosed private investors","Seed Funding","100000.0"
"1844","3/8/2016","Finomena","Technology","Credit Worthiness Big Data Analytics","New Delhi","Matrix Partners India","Private Equity",""
"1845","3/8/2016","Cookaroo","Consumer Internet","Food Delivery Platform","Bengaluru","Vijay Krishna Yadav","Seed Funding",""
"1846","3/8/2016","vPhrase Analytics","Technology","AI based data analytics platform","Mumbai","Apoorv Ranjan Sharma, Daud Ali and others","Seed Funding",""
"1847","3/8/2016","LoveCycles","Consumer Internet","Women\\xe2\\x80\\x99s health Tracker","Bengaluru","Prime Venture Partners","Seed Funding","750000.0"
"1848","3/8/2016","Kartrocket","E-Commerce","ECommerce SAAS platform","New Delhi","Undisclosed Japanese investor, Bertelsmann India Investments, Nirvana Digital India Fund, Nirvana Digital Investment Holding Co Ltd, 500 Start-Ups","Private Equity","8000000.0"
"1849","3/8/2016","dunzo","Consumer Internet","Daily Task Management App","Bengaluru","Aspada Investment Advisors, Blume Ventures.","Seed Funding","650000.0"
"1850","3/9/2016","Indiamart","E-Commerce","B2B Marketplace for SMBs","Noida","Amadeus Capital","Private Equity",""
"1851","3/9/2016","SmartVizX","Technology","Virtual Reality Solutions","Noida","Indian Angel Network, Stanford Angels, Entrepreneurs India","Seed Funding","500000.0"
"1852","3/9/2016","MyGubbi","Real Estate","Interior Design & Home D\\xc3\\xa9cor Solutions","Bengaluru","Vipul Parekh, ajesh K Murthy,","Seed Funding","2500000.0"
"1853","3/9/2016","Nukkad Shops","Consumer Internet","Hyperlocal Grocery Delivery Service","Hyderabad","PurpleTalk Inc","Seed Funding","1000000.0"
"1854","3/9/2016","Cloudacar","Consumer Internet","Carpooling Mobile App","Pune","Amit Choudhary, Anuj Puri","Seed Funding",""
"1855","3/9/2016","Justride","Consumer Internet","Self Drive Car Rental","Mumbai","Dheeraj Jain & Other angel investors","Seed Funding","400000.0"
"1856","3/9/2016","Yana","Consumer Internet","Personal AI Transaction Engine App","Gurugram","Puneet Gupta,","Seed Funding",""
"1857","3/10/2016","Big Fish Ventures","Food & Beverage","premium dining lounges Chain","New Delhi","Undisclosed investors","Private Equity","11100000.0"
"1858","3/10/2016","Stylflip","E-Commerce","Pre-Owned Fashion marketplace mobile app","Mumbai","Raj Gala Shah, Zaheer Memon","Seed Funding",""
"1859","3/10/2016","Icertis","Technology","Contract Management Software Solutions platform","Pune","Ignition Partners, Greycroft Partners, Fidelity Growth Partners India","Private Equity","15000000.0"
"1860","3/10/2016","Supplified","E-Commerce","Construction material eTailer","New Delhi","Mohit Goel","Seed Funding","1000000.0"
"1861","3/11/2016","JollyFoodFellow","Technology","Food Related Marketing & Branding platform","Ahmedabad","Janak Parikh","Seed Funding",""
"1862","3/14/2016","PinkBlue","E-Commerce","Medical Supplies eTailer","Bengaluru","Hari Krishna, Ajay Modani, Dr V Ravinder, Anirudh Rastogi, Abhishek Jain, Rakesh Gakhar, Rajeev Mudumba, Nagendra Prasad Bhanuprakash","Seed Funding","223608.0"
"1863","3/14/2016","TruckingCube","Logistics","Domestic, Commercial, and Industrial Goods Movers","New Delhi","Agarwal Movers Group","Private Equity","14900000.0"
"1864","3/14/2016","eSwasthya","Consumer Internet","Online Medicine Delivery Aggregator","Ahmedabad","Hemang Sahani","Seed Funding",""
"1865","3/15/2016","FlipClass","Consumer Internet","Tutor Search Platform","Bengaluru","S Chand and Co Pvt Ltd, Blume Ventures","Private Equity","1000000.0"
"1866","3/15/2016","Proximit","Technology","Advertising Technology","Pune","Funding through 1Crowd platform","Seed Funding","150000.0"
"1867","3/15/2016","WithMe","Consumer Internet","Personalized Fashion App","Gurugram","Alex Kuruvilla, Pradeep Guha, Saket Dhankar, Rajan Pandhare","Seed Funding","250000.0"
"1868","3/16/2016","Gapoon","Consumer Internet","Hyperlocal Home Maintenance services","Bengaluru","Chandrashekar Tallapragada, Pankaj Kapoor","Seed Funding","180000.0"
"1869","3/16/2016","Avagmah","Consumer Internet","Online Education Portal","Bengaluru","Kris Gopalakrishnan, Atul Nishar","Seed Funding",""
"1870","3/16/2016","WorkIndia","Consumer Internet","Online Job Board","Mumbai","Beenext","Seed Funding",""
"1871","3/16/2016","Wealthy","Consumer Internet","Online Investment management portal","Bengaluru","Zishaan Hayath, Abhishek Goyal, Arjun and Rohan Malhotra, Harpreet Singh Grover, Gagan Dugal","Seed Funding","250000.0"
"1872","3/17/2016","Pramati","Healthcare","Specialized Patient Care platform","Noida","Undisclosed investors","Seed Funding","200000.0"
"1873","3/17/2016","Qlivery","Consumer Internet","Ondemand Concierge Service","Gurugram","Swastika Company Ltd","Seed Funding","230000.0"
"1874","3/17/2016","HealthEnablr","Consumer Internet","Doctor Discovery and booking platform","Mumbai","Undisclosed investors","Seed Funding","800000.0"
"1875","3/17/2016","Liftiee","Consumer Internet","Car/ bike Pooling App","Mumbai","Rannvijay Singh, Anita Hassanandani","Seed Funding","108000.0"
"1876","3/18/2016","Hello Curry","Food & Beverage","Quick Service Restaurant Chain","Hyderabad","Sashi Reddi & Other unnamed investors","Private Equity","1500000.0"
"1877","3/19/2016","goSporto","Consumer Internet","Online Sports discovery and booking platform","New Delhi","Naveen Gupta","Seed Funding","30000.0"
"1878","3/21/2016","OneClickWash","Consumer Internet","Online Laundry & Washing service Booking & Delivery","Gurugram","Unitus Seed Fund","Seed Funding",""
"1879","3/21/2016","Girnar Software","Consumer Internet","Online News Media Network","Jaipur","Google Capital","Private Equity",""
"1880","3/21/2016","Room On Call","Consumer Internet","Budget hotel aggregator","Gurugram","CASHurDRIVE Marketing Pvt Ltd","Private Equity","2000000.0"
"1881","3/22/2016","Byju\\xe2\\x80\\x99s","Consumer Internet","Educational Video Content Creator","Bengaluru","Sequoia India, Sofina","Private Equity","75000000.0"
"1882","3/22/2016","BigBasket","E-Commerce","Online Grocery Shop","Bengaluru","Abraaj Group","Private Equity","150000000.0"
"1883","3/22/2016","DrivoJoy","Consumer Internet","On-demand 2-wheeler Servicing platform","Bengaluru","Indian Angel Network, Tracxn Labs & Others","Seed Funding","600000.0"
"1884","3/22/2016","Smartron","Technology","Internet of Things Device manufacturer","Bengaluru","Sachin Tendulkar","Private Equity",""
"1885","3/22/2016","LifCare","Consumer Internet","Online Pharmacy portal","Jaipur","Rajul Garg, Alok Mittal, Kunal Shah, Rishi Mandawat, Dheeraj Jain, Sandeep Tandon, Dexter Angel Circle","Seed Funding",""
"1886","3/22/2016","CreditSeva","Consumer Internet","Online Credit management tools","Hyderabad","Pix Vine Capital, Infocomm Development Authority of Singapore","Seed Funding","360000.0"
"1887","3/22/2016","CityShor","Consumer Internet","online lifestyle media recommendation portal","Ahmedabad","GAIN","Seed Funding",""
"1888","3/23/2016","Endless Robotics","Technology","Interior Painting Automation","Hyderabad","Devidas Desai, Vipul Gautam, Singapore Angel Network","Seed Funding","100000.0"
"1889","3/23/2016","SP Robotics","Technology","Robotic Classes for Students","Chennai","Indian Angel Network,","Seed Funding","300000.0"
"1890","3/23/2016","StalkBuyLove","E-Commerce","Fashion eTailer","New Delhi","500 Startups, Littlerock, Singularity Ventures","Seed Funding",""
"1891","3/23/2016","eKincare","Consumer Internet","Healthcare related solutions","Hyderabad","BitChemy Ventures, Maheshwari Investments Pvt Ltd, Anshoo Gaur, Rama Krishna Reddy, Sandeep Seerapu","Private Equity","330000.0"
"1892","3/23/2016","HashLearn","Consumer Internet","Mobile based private tutoring services","Unknown","Bhavish Aggarwal, Binny Bansal,\\xc2\\xa0 Rajan Anandan, Mekin Maheshwar, Sunil Kalra, Anupam Mittal, Krishna Mehra, Singapore Angel Network","Seed Funding",""
"1893","3/23/2016","Wheelstreet","Consumer Internet","Online Bike Rental platform","Bengaluru","Broadbean Capital services","Private Equity","500000.0"
"1894","3/24/2016","Horntell","Consumer Internet","Unified Push Notification service","Gurugram","Bharanidharan Viswanathan, Sanjiv Mittal, Shobhit Shukla, Rahul Agarwal","Seed Funding","150000.0"
"1895","3/28/2016","Schoolkart","E-Commerce","Online Marketplace for Schools","Noida","Undisclosed investors","Seed Funding","300000.0"
"1896","3/29/2016","HealthEminds","Consumer Internet","Online mental healthcare","Bengaluru","Robin Utthappa","Seed Funding",""
"1897","3/29/2016","Babygogo","Consumer Internet","Child healthcare experts aggregator mobile app","New Delhi","Rajul Garg, Daljit Singh, Aditya Vij, Kishore Kumar, Shuchin Bajaj","Seed Funding","300000.0"
"1898","3/29/2016","Veritas Finance","Finance","Asset Based Lending platform","Chennai","Sarva Capital","Private Equity","4700000.0"
"1899","3/29/2016","QikShip","Consumer Internet","Mobile based Logistics provider","New Delhi","undisclosed investors","Seed Funding","200000.0"
"1900","3/29/2016","FixNix","Consumer Internet","GRC SAAS Platform","Chennai","Jay Vijayan","Seed Funding","500000.0"
"1901","3/30/2016","True Balance","Technology","Mobile Balance Check App","Gurugram","SoftBank Ventures Korea","Private Equity",""
"1902","3/30/2016","Touchkin","Healthcare","Predictive Healthcare platform","Bengaluru","Alok Mittal, Amit Gupta, Anuj Srivastava, Himanshu Aggarwal, Raghunandan G, Puneet Agarwal","Seed Funding","400000.0"
"1903","3/31/2016","SwitchMe","Consumer Internet","Home Loan Rate comparison platform","Mumbai","Mohandas Pai, Hiro Mashita, Singapore Angel Network, 500 Startups, Rajan Anandan, Ajay Sarupria","Seed Funding",""
"1904","3/31/2016","Transcell","Healthcare","Family Stem Cell Banking Services","Hyderabad","Indian Angel Network","Seed Funding",""
"1905","2/1/2016","Blue Tokai Coffee","E-Commerce","Specialty Coffee Etailer","New Delhi","Snow Leopard Technology Ventures","Seed Funding",""
"1906","2/2/2016","Altizone","Technology","IoT & M2M Solutions","Pune","Wipro Ventures,\\xc2\\xa0 Lumis Partners","Private Equity","4000000.0"
"1907","2/2/2016","Oust App","Consumer Internet","Competitive Exam Preparation Platform","Bengaluru","T V Mohandas Pai,\\xc2\\xa0 Aarin Capital","Seed Funding",""
"1908","2/2/2016","Strike","Consumer Internet","Mobile Email productivity tool","Bengaluru","Multiple investors through Ten Minute Million competition","Seed Funding","22500.0"
"1909","2/2/2016","MaaxMarket","Consumer Internet","Marketing Automation platform","Unknown","Multiple investors through Ten Minute Million competition","Seed Funding","22500.0"
"1910","2/2/2016","Gamooz","Technology","Augmented Reality Solutions","Gurugram","Multiple investors through Ten Minute Million competition","Seed Funding","22500.0"
"1911","2/2/2016","SoundSurround","Technology","Audio Technology Solutions","Mumbai","Multiple investors through Ten Minute Million competition","Seed Funding","22500.0"
"1912","2/3/2016","Mazkara","Consumer Internet","Beauty & Wellness Platform","Pune","Dunamis Ventures Pte Ltd.","Seed Funding","1000000.0"
"1913","2/3/2016","RoadGods","E-Commerce","Auto Spare Parts eTailer","New Delhi","Green House Ventures (GHV)","Seed Funding","100000.0"
"1914","2/3/2016","Pindropmusic","Consumer Internet","Music Discovery Mobile App","Noida","Green House Ventures (GHV)","Seed Funding","100000.0"
"1915","2/3/2016","Woodpie","Consumer Internet","Book Recommendation Service","Bengaluru","Ingram Content Group","Seed Funding","30000.0"
"1916","2/4/2016","Perfumery","E-Commerce","Fragrances & Perfume eTailer","New Delhi","Oranda Global & Others","Seed Funding","30000.0"
"1917","2/5/2016","Magic Crate","Education","Children Education Platform","Bengaluru","TV Mohandas Pai, Aarin Capital","Seed Funding",""
"1918","2/5/2016","ZenDrive","Technology","Safe Driving Data & Analytics platform","Bengaluru","Sherpa Capital, Nyca Partners and Thomvest Ventures","Private Equity","13500000.0"
"1919","2/5/2016","Smartcooky","E-Commerce","Marketplace for Health Foods","New Delhi","Vandana Luthra,","Private Equity",""
"1920","2/5/2016","Turtlemint","Consumer Internet","online personalized insurance platform","Mumbai","Nexus Venture Partners","Private Equity",""
"1921","2/5/2016","BHIVE","Real Estate","Workspace Rentals","Bengaluru","Raghunandan G, Venturesity, Arihant Patni","Seed Funding",""
"1922","2/5/2016","Gingercrush","E-Commerce","Personalized Products & Merchandize eTailer","Vadodara","Saha Fund, TV Mohandas Pai, Zia Mody, Mumbai Angels, Ananda Kallugadde, Rakesh Desai, Rakesh Malhotra","Private Equity","1000000.0"
"1923","2/5/2016","American Vision","Consumer Internet","Optical Store Aggregator Platform","Pune","Undisclosed investors","Seed Funding","81000.0"
"1924","2/5/2016","DawaiLelo","Consumer Internet","Healthcare Services & Online Pharmacy Mobile App","Varanasi","Undisclosed investors","Seed Funding","52000.0"
"1925","2/6/2016","Heads Up For Tails","E-Commerce","Pet Products eTailer","New Delhi","Undisclosed investors","Seed Funding","1000000.0"
"1926","2/6/2016","LiveNutriFit","Healthcare","Weight loss & Healthcare Info portal","New Delhi","Mohit Goel, Vinod Jain & Others","Seed Funding",""
"1927","2/8/2016","Moglix","E-Commerce","Industrial & Home Products Marketplace","New Delhi","Ratan Tata","Private Equity",""
"1928","2/8/2016","iStyleYou","Consumer Internet","Personal Fashion Stylist App","Gurugram","Green House Ventures (GHV)","Seed Funding","100000.0"
"1929","2/8/2016","AdUrCup","Consumer Internet","Ad Network","New Delhi","Green House Ventures (GHV)","Seed Funding","100000.0"
"1930","2/8/2016","Weddingz","Consumer Internet","online marketplace for wedding venues and vendors","Mumbai","Sixth Sense Ventures","Private Equity",""
"1931","2/8/2016","Urban Dhobi","Consumer Internet","On Demand Laundry Services","Jaipur","Vinod Bansal, Sanjeev Singhal","Seed Funding",""
"1932","2/8/2016","Gray Routes","Consumer Internet","Last mile logistics solutions","Mumbai","Mahesh Parasuraman, Rahul Gautam & Others","Seed Funding",""
"1933","2/8/2016","Xpressbees","E-Commerce","ECommerce Logistics solutions","Pune","SAIF Partners, IDG Ventures India, Vertex Ventures, Valiant Capital","Private Equity","12500000.0"
"1934","2/8/2016","Invictus Oncology","Healthcare","Cancer therapeutic Info & Solutions","New Delhi","Ratan Tata","Private Equity",""
"1935","2/8/2016","Hansel.io","Technology","Mobile App Tech Solutions","Bengaluru","Endiya Partners, Mekin Maheshwari, Rajesh Sawhney","Seed Funding",""
"1936","2/9/2016","Inc42","Consumer Internet","Startup Focused Media News Portal","New Delhi","India Ventures, Aarin Capital & Others","Seed Funding",""
"1937","2/9/2016","GOQii","Technology","Personalized fitness coaching & Fitness band","Mumbai","Edelweiss Financial Services","Private Equity",""
"1938","2/10/2016","Capzest","Consumer Internet","Digital Lending Platform","Mumbai","Lion Ventures","Seed Funding","200000.0"
"1939","2/10/2016","GlamStudios","Consumer Internet","Online Salon Aggregator","Noida","Aqeel Ahmed","Seed Funding",""
"1940","2/10/2016","Affimity","Consumer Internet","Social Networking platform","Bengaluru","undisclosed investors","Seed Funding","1200000.0"
"1941","2/10/2016","Anandakanda","Technology","Medicine Intake Reminder System","Pune","undisclosed investors","Seed Funding","150000.0"
"1942","2/10/2016","JoulestoWatts","Technology","IT services & Talent collaboration services startup","Bengaluru","Manipal Global Education Services","Seed Funding",""
"1943","2/10/2016","Shopkirana","Consumer Internet","Retailer Supply Chain platform","Indore","Atul Jain, Anil Gelra, Jaikumar Nair","Seed Funding",""
"1944","2/10/2016","Stylofie","Consumer Internet","Online Beauty Parlour search & discovery Platform","Gurugram","Jaideep Mehta","Seed Funding",""
"1945","2/10/2016","OyBob","E-Commerce","Hyperlocal Products & Services marketplace","Gurugram","Sachin Dalal","Seed Funding",""
"1946","2/12/2016","ActOnMagic","Technology","Cloud Analytics and Management Products","Bengaluru","Jayabalan Subramanian","Seed Funding","125000.0"
"1947","2/12/2016","Bonhomia","Food & Beverage","premium Tea and Coffee","New Delhi","Alok Rawat, Grey Orange Robotics","Seed Funding","1000000.0"
"1948","2/12/2016","iGrenEnergi","Technology","Solar Power Solutions","Mumbai","Sunil Mehta","Seed Funding","1000000.0"
"1949","2/12/2016","RKSV","Consumer Internet","Online Stock Trading Platform","Mumbai","Kalaari Capital","Private Equity","4000000.0"
"1950","2/15/2016","Aasaanjobs","Consumer Internet","Online Recruitment Marketplace","Mumbai","Aspada Advisors, IDG Ventures,\\xc2\\xa0 Inventus Capital","Private Equity","5000000.0"
"1951","2/15/2016","Snapdeal","E-Commerce","Horizontal Online Marketplace","New Delhi","Ontario Teachers\\xe2\\x80\\x99 Pension Plan & Others","Private Equity","200000000.0"
"1952","2/15/2016","Jugnoo","Consumer Internet","Transportation & On-demand delivery aggregator","Chandigarh","Saumya Tandon","Private Equity",""
"1953","2/15/2016","Snapbizz","Technology","Connectivity platform for local grocery stores","Bengaluru","Ratan Tata","Private Equity",""
"1954","2/15/2016","GoYaNo","Consumer Internet","Events & Restaurant Discovery Marketplace App","Gurugram","Mukesh Kumar Gupta","Seed Funding","50000.0"
"1955","2/15/2016","RentSher","Consumer Internet","Online Household Product Rental platform","Bengaluru","Vaibhav Doshi, Abhay Singhal, Vibhu Garg, Joby Babu, Abhishek Acharya, Manish Shah","Seed Funding","300000.0"
"1956","2/15/2016","Buddy","Finance","Micro Lending Platform for eCommerce purchases","Bengaluru","Blume Ventures,\\xc2\\xa0 Tracxn Labs","Seed Funding","500000.0"
"1957","2/15/2016","Legistify","Consumer Internet","Online Legal services platform","New Delhi","Ranjit Singh","Seed Funding",""
"1958","2/16/2016","TableHero","Consumer Internet","Dynamic Restaurant Website creator","Bengaluru","GrowX Ventures, Kunal Shah, Sandeep Tandon, Haresh Chawla, Powai Lake Ventures, Globevestor","Seed Funding","1000000.0"
"1959","2/16/2016","BetterPlace","Technology","Data analytics based Verification services Platform","Bengaluru","Unitus Seed Fund","Seed Funding","970000.0"
"1960","2/16/2016","Salebhai","E-Commerce","Sweets, Eatables, Handicrafts Online Marketplace","Ahmedabad","Virendra Shekhawat, Deepak Chokhani, Yogesh Patel & Others","Seed Funding",""
"1961","2/16/2016","icustommadeit","E-Commerce","Professional Custom creators Marketplace","Pune","Brand Capital, Siddhivinayak Skyscrapers, Dinesh R. Challa","Private Equity","4000000.0"
"1962","2/16/2016","Tring","Consumer Internet","Instant Messaging App","Pune","Vishwadeep Bajaj & Others","Seed Funding",""
"1963","2/16/2016","Medinfi","Consumer Internet","Doctor & Clinics Discovery platform","Bengaluru","Rajnish Sinha, Prijit Debnath, Kanchan Ghoshal","Seed Funding",""
"1964","2/17/2016","Timemytask","Consumer Internet","On-Demand home cleaning services","Mumbai","Lead Angels","Seed Funding",""
"1965","2/17/2016","GameZop","Technology","Mobile Gaming Platform","New Delhi","KWAN Entertainment & Marketing Solutions, Powerhouse Ventures & Others","Seed Funding","350000.0"
"1966","2/17/2016","Notary Mama","Consumer Internet","On-demand Legal documentation and registration service","Bengaluru","Dr Nandish Domlur, Amit Sandill","Seed Funding",""
"1967","2/17/2016","The Viral Fever","Consumer Internet","Independent Online Video production company","Mumbai","Tiger Global","Private Equity","10000000.0"
"1968","2/17/2016","Avanti Learning","Education","Private Coaching Classes","New Delhi","Michael & Susan Dell Foundation","Private Equity","5000000.0"
"1969","2/17/2016","Bollant Industries","Technology","Eco-friendly consumer & packaging products","Hyderabad","Ratan Tata","Private Equity",""
"1970","2/18/2016","GetVee","Consumer Internet","Matrimony & Couples only mobile platform","New Delhi","Lightspeed Venture Partners, K Ganesh","Private Equity",""
"1971","2/18/2016","HealthKumbh","Consumer Internet","Health related Information portal","Ahmedabad","Undisclosed investor","Seed Funding","73000.0"
"1972","2/18/2016","Unlaze","Consumer Internet","Social Networking app for outdoor interests","Gurugram","Sujal Shah, Dino Morea","Seed Funding",""
"1973","2/18/2016","Tracxn","Technology","Indian Startup ecosystem trends analyzer & funding platform","Bengaluru","Nandan Nilekani, Mohandas Pai, Neeraj Arora, Anand Rajaraman, Girish Mathrubootham, Aneesh Reddy & Teruhide Sato","Private Equity",""
"1974","2/18/2016","Careongo","E-Commerce","Online Pharmacy store","New Delhi","Farooq Oomerbhoy & Other angel investors","Seed Funding","300000.0"
"1975","2/18/2016","Ark Robot","Technology","Warehouse Automation","Bengaluru","Qualcomm (Through QPrize Contest)","Seed Funding","350000.0"
"1976","2/19/2016","Jaypore","E-Commerce","Ethnic Products marketplace","New Delhi","Aavishkaar","Private Equity","5000000.0"
"1977","2/19/2016","Finance Buddha","Consumer Internet","Online Loan Comparison & Discovery platform","Bengaluru","Chennai Angels","Seed Funding",""
"1978","2/19/2016","AlmaConnect","Consumer Internet","Alumni social network","New Delhi","Mohandas Pai, Varun Aggarwal","Seed Funding",""
"1979","2/19/2016","Advantage Club","Consumer Internet","mobile platform for corporate employee benefits","Gurugram","Purvi Ventures & Others","Seed Funding","400000.0"
"1980","2/19/2016","LocalRamu","Consumer Internet","mobile based aggregator for local service providers","Bengaluru","3 undisclosed investors","Seed Funding",""
"1981","2/22/2016","Baby Berry","Consumer Internet","Parenting Mobile app","Bengaluru","Nitin Bagmane & Other undisclosed investors","Seed Funding","1000000.0"
"1982","2/22/2016","Magicpin","Consumer Internet","Hyperlocal Discover Mobile App","New Delhi","Lightspeed India","Private Equity","3000000.0"
"1983","2/22/2016","First Eat","Consumer Internet","Healthy Food Delivery platform","New Delhi","Undisclosed investor","Seed Funding","100000.0"
"1984","2/22/2016","SigTuple","Technology","Healthcare based Tech Solutions","Bengaluru","Sachin Bansal, Binny Bansal, Accel Partners & Others","Seed Funding",""
"1985","2/22/2016","Taskbob","Consumer Internet","Hyperlocal Handyman services platform","Mumbai","IvyCap Ventures, Orios Venture Partners, Mayfield India","Private Equity","4500000.0"
"1986","2/22/2016","Styledotme","Consumer Internet","Mobile Fashion App","New Delhi","Indian Angel Network","Seed Funding","37000.0"
"1987","2/22/2016","NewsLaundry","Consumer Internet","Independent News Media Portal","New Delhi","Omidyar Network,\\xc2\\xa0 Vikram Lal, Abhijit Bhandari, Mahesh Murthy, Shashank Bhagat","Private Equity",""
"1988","2/23/2016","CupoNation","Consumer Internet","Deals and Discount platform","Gurugram","Rocket Internet AG, Holtzbrink Ventures, New Enterprise Associates (NEA), e.ventures, ru-Net, Deutsche Telekom Strategic Investments (DTSI), Silicon Valley Bank","Private Equity","11000000.0"
"1989","2/23/2016","Aarav UAV","Technology","unmanned aerial vehicles creator","Kanpur","StartupXseed Ventures, The Phoenix Fund and others","Seed Funding",""
"1990","2/24/2016","Sayfix","Consumer Internet","Hyperlocal Home Services Provider","Bengaluru","Yajnanarayana Kammaje","Seed Funding","160000.0"
"1991","2/24/2016","LoanZen","Consumer Internet","Peer to peer Lending marketplace","Bengaluru","Tracxn Syndicate","Seed Funding",""
"1992","2/24/2016","NoBroker","Consumer Internet","Peer to peer property listing platform","Bengaluru","Beenext, Digital Garage, Beenos, Qualgro, Mamoru Taniya, SAIF Partners","Private Equity","10000000.0"
"1993","2/24/2016","AppilyEver","Consumer Internet","Online wedding services marketplace","Hyderabad","Varun Aggarwal, Suresh Venkat, Raj Y","Seed Funding","400000.0"
"1994","2/24/2016","Pocketin","Consumer Internet","Hotel reservations & Deal platform","Noida","Swastika Company Ltd","Seed Funding","150000.0"
"1995","2/24/2016","FeetApart","Consumer Internet","Employee engagements & Rewards platform","Bengaluru","Vishal Bali & Others","Seed Funding",""
"1996","2/25/2016","OfBusiness","E-Commerce","B2B commerce Marketplace","Gurugram","Matrix Partners India","Private Equity","5000000.0"
"1997","2/25/2016","CarveNiche","Consumer Internet","Personalized Learning Solutions & products","Bengaluru","Calcutta Angels, Lead Angels & Others","Seed Funding",""
"1998","2/25/2016","Juspay","Consumer Internet","Digital Payments solutions","Bengaluru","Accel Partners, Ashish Hemrajani, Parikshit Dar, Rajesh Balpande","Private Equity","5800000.0"
"1999","2/25/2016","Funcart","E-Commerce","Party Supplies Etailer","New Delhi","Undisclosed HNIs","Seed Funding","70000.0"
"2000","2/26/2016","Freedom Smart Labs","Technology","IoT retail solutions","New Delhi","Kapil Goel","Seed Funding","145000.0"
"2001","2/26/2016","EduBridge","Consumer Internet","Skill development and vocational training platform","Mumbai","Insitor Impact Asia Fund, Acumen Fund","Private Equity","2500000.0"
"2002","2/29/2016","Nestaway","Consumer Internet","Online Home Rental Marketplace","Bengaluru","Ratan Tata","Private Equity",""
"2003","2/29/2016","Hopscotch","E-Commerce","Baby & Kids Products Online Flash sales platform","Mumbai","Eduardo Saverin","Private Equity","13000000.0"
"2004","2/29/2016","PinClick","Consumer Internet","Online real estate listings","Bengaluru","Undisclosed investors","Private Equity",""
"2005","1/1/2016","Smartcooky","E-Commerce","Health Food / Personal Care Marketplace","New Delhi","Rajan Anandan, Pramod Bhasin, Siddharth Pai, TV Mohandas Pai, Manvinder Singh Banga","Seed Funding",""
"2006","1/1/2016","Helpi","Consumer Internet","On Demand Cleaning Services Mobile App","Mumbai","Undisclosed Investors","Seed Funding",""
"2007","1/4/2016","DogSpot","E-Commerce","Online Pet Store","Gurugram","Ratan Tata","Seed Funding",""
"2008","1/4/2016","Career360","Education","College Education Portal","New Delhi","MeritTrac","Private Equity",""
"2009","1/4/2016","B9 Beverages","Food & Beverage","Craft Beer manufacturing company","New Delhi","Sequoia Capital, Kunal Bahl, Rohit Bansal, Deepinder Goyal, Ashish Dhawan, Mayank Singhal","Private Equity","6000000.0"
"2010","1/5/2016","WIMWI Foods","Food & Beverage","Healthy food manufacturing & sales startup","Ahmedabad","Centre for Innovation Incubation and Entrepreneurship (CIIE)","Seed Funding",""
"2011","1/5/2016","MyChild App","Education","Child Disorder Information & Education","Bhopal","Samir Bangara, Anisha Mittal, Amit Gupta, Pallav Nadhani, Lalit Mangal, Arihant Patni, Dr. Ritesh Malik, Deobrat Singh, Saurab Paruthi, Singapore Angel Network.","Seed Funding","100000.0"
"2012","1/5/2016","Instaproc","E-Commerce","B2B Procurement Marketplace for Office Products","Noida","Dinesh Agarwal","Seed Funding",""
"2013","1/5/2016","360Ride","Consumer Internet","Ride Sharing platform","Bengaluru","Undisclosed","Seed Funding","150000.0"
"2014","1/5/2016","Alef\\nMobitech","Consumer Internet","Cloud Mobility Solutions","Mumbai","Tata Capital Innovation Fund","Private Equity","5000000.0"
"2015","1/6/2016","Tracxn","BFSI","Startup Funding Deal Discovery & Execution platform","Bengaluru","Ratan Tata","Seed Funding",""
"2016","1/6/2016","Qdesq","Real Estate","Branded Workspaces Aggregator","Gurugram","Dheeraj Jain, Jagdish Kumar, Bharat Gupta, Ankush Saigal, Praveen Saini","Seed Funding",""
"2017","1/6/2016","Sensara","Technology","TV Search, Guide and Remote mobile app","Bengaluru","Lalitesh Katragadda,\\xc2\\xa0 Ganayantrika Systems","Seed Funding","750000.0"
"2018","1/6/2016","Zebpay","Consumer Internet","Bitcoin Buying & Selling Mobile App","Ahmedabad","Arjun Handa, Amit Jindal, Nagendra Chaudhary","Private Equity","1000000.0"
"2019","1/6/2016","PlanMy\\nMedicalTrip","Healthcare","Medical Tourism platform","Pune","Bhanu Vikram Parsotam, Rohan Desai and Paras Patel","Seed Funding","150000.0"
"2020","1/6/2016","MyCity4Kids","Education","Children Education & Information platform","Gurugram","SIDBI Venture Capital Limited, YourNest Angel Fund","Private Equity","3000000.0"
"2021","1/6/2016","Justdakhila.com","Education","School Student admissions platform","New Delhi","Ankur Gupta","Seed Funding","750000.0"
"2022","1/7/2016","PitStop","Consumer Internet","Automobile Service Booking App","Bengaluru","Myntra/LivSpace Founders","Seed Funding",""
"2023","1/7/2016","Bikxie","Consumer Internet","Two Wheeler Taxi Service","Gurugram","Undisclosed Investors","Seed Funding",""
"2024","1/7/2016","Infurnia","Consumer Internet","Online Furniture Customization platform","Bengaluru","Idein Ventures","Seed Funding","160000.0"
"2025","1/7/2016","Myly","Education","Mobile Based Education platform","Jaipur","Newbie Promoter Pvt Ltd","Seed Funding","100000.0"
"2026","1/7/2016","MakeMyTrip","Consumer Internet","Online Travel/Hotel Booking platform","Gurugram","Ctrip.com International Ltd","Private Equity","180000000.0"
"2027","1/8/2016","Melorra","E-Commerce","Online/ Mobile Jewellery Retailer","Bengaluru","Lightbox Ventures","Private Equity","5000000.0"
"2028","1/8/2016","ConfirmTKT","Consumer Internet","Train PNR Status Prediction Platform","Bengaluru","Krishna Jhujhunwala, Dr. Apoorv Ranjan Sharma, Anirudh Damani, Anand Ladsariya, Sanjay Mehta & Others","Seed Funding","250000.0"
"2029","1/8/2016","Gyaanzone","Education","Career Planning and Education Advisory Platform","Mumbai","GBIM Technologies Pvt Ltd","Seed Funding","45000.0"
"2030","1/8/2016","FlatFurnish","Consumer Internet","Online Furnishing Rental Platform","Gurugram","Arun Chandra Mohan","Seed Funding",""
"2031","1/9/2016","Lumiere","E-Commerce","Organic Food eTailer","Bengaluru","Undisclosed investors","Private Equity",""
"2032","1/11/2016","Koovs","E-Commerce","Online Fashion Apparel Retailer","Gurugram","Nahata Family, Waheed Alli","Private Equity","5400000.0"
"2033","1/11/2016","Wishup","Consumer Internet","Mobile app based Concierge Service","New Delhi","500 Startups, Mato Peric, TracxnLabs","Seed Funding",""
"2034","1/11/2016","FreshMenu","Consumer Internet","Online / Mobile Food Ordering platform","Bengaluru","Zodius Capital, Lightspeed Venture Partners","Private Equity","16500000.0"
"2035","1/11/2016","SavvyMob","E-Commerce","Last Minute Hotel Bookings mobile marketplace","Bengaluru","TV Mohandas Pai, LetsVenture","Seed Funding","1000000.0"
"2036","1/11/2016","Fashionablyin","Consumer Internet","Mobile based Geo-target Fashion Marketplace","Mumbai","Ranjan Mahtani","Seed Funding",""
"2037","1/12/2016","Shopclues","E-Commerce","ECommerce Marketplace","Gurugram","GIC, Tiger Global Management, Nexus Venture Partners","Private Equity","100000000.0"
"2038","1/12/2016","Hike Messenger","Consumer Internet","P2P Messaging Service","New Delhi","Matt Mullenweg, Adam D\\xe2\\x80\\x99Angelo, Aditya Agarwal,\\xc2\\xa0 Ruchi Sanghvi & Others","Private Equity",""
"2039","1/12/2016","iBus Networks","Technology","Next Generation in-building connectivity","Bengaluru","Vallabh Bhanshali, N Squared Management LLC, Jagdish & Sandeep Mehta Family Office","Private Equity","2300000.0"
"2040","1/12/2016","Happy2Refer","Consumer Internet","Mobile based Referral Platform","Mumbai","Equity Crest, Vinners, Sparknext","Seed Funding","250000.0"
"2041","1/13/2016","CarTrade","Consumer Internet","Auto Classifieds Portal","Mumbai","Temasek Holdings, March Capital, Warburg Pincus","Private Equity","145000000.0"
"2042","1/13/2016","Rentomo","Consumer Internet","peer-to-peer renting Marketplace","Bengaluru","Shiva Ashok & Other unnamed investors","Seed Funding","100000.0"
"2043","1/13/2016","Roder","Consumer Internet","inter-city cab aggregator","New Delhi","Unicorn India Ventures","Seed Funding","240000.0"
"2044","1/13/2016","Bucker","Consumer Internet","Food Ordering Mobile App","Hyderabad","50k Ventures, Munish Jauhar, Pulkit Jain, Rohit Narang","Seed Funding",""
"2045","1/13/2016","Care24","Healthcare","Professional Health Services Platform","Mumbai","SAIF Partners, India Quotient","Private Equity","4000000.0"
"2046","1/13/2016","Obino","Healthcare","Weigh Loss Coaching","Mumbai","RoundGlass Partners","Private Equity",""
"2047","1/14/2016","Snapshopr","Consumer Internet","Visual Search & Image Recognition Platform","Bengaluru","Amod Malviya","Seed Funding",""
"2048","1/14/2016","Buildkar","E-Commerce","Construction Material Marketplace","Bengaluru","Mustafa Wajid, Umang Kumar & Others","Seed Funding",""
"2049","1/14/2016","Orahi","Consumer Internet","Carpooling Mobile App","Gurugram","Indian Angel Network","Seed Funding","520000.0"
"2050","1/14/2016","Zapr","Technology","TV to Mobile audience Platform","Gurugram","Flipkart, Saavn, Micromax, Dhiraj Rajaram, Ambiga Dhiraj, Dinesh Agarwal, Samir Bangara, Sanjay Nath, Arihant Patni","Seed Funding",""
"2051","1/15/2016","Remidio","Healthcare","Healthcare Product Manufacturer","Bengaluru","Cipher-Plexus Capital Advisors & Indian HNIs","Private Equity",""
"2052","1/15/2016","Fitso","Consumer Internet","Fitness related Social Networking App & Forum","Gurugram","Varun Khurana, Samar Singla, Vinay Bansal,","Seed Funding","200000.0"
"2053","1/15/2016","evibe.in","Consumer Internet","Party Hall Booking platform","Bengaluru","Hyderabad Angels, Lalit Mangal,\\xc2\\xa0 Vikas Malpani, Gaurav Bhalotia, LV Prasad","Seed Funding",""
"2054","1/15/2016","Zoctr","Consumer Internet","healthcare aggregator platform","Mumbai","Times Group","Seed Funding",""
"2055","1/15/2016","Jobick","Consumer Internet","Mobile app based Job Search","Noida","Abhinav Mathur","Seed Funding",""
"2056","1/16/2016","Plick","Consumer Internet","Instant Content Transfer Mobile App","Mumbai","Sanjay Mehta","Seed Funding",""
"2057","1/18/2016","Voice Friends","Consumer Internet","Dating & Singles Chat Platform","Mumbai","Huzaifa Khorakiwala","Seed Funding",""
"2058","1/18/2016","Kartrocket","Consumer Internet","SAAS DIY\\xc2\\xa0 ECommerce Platform","New Delhi","Bertelsmann India Investments, Nirvana Digital India Fund, Nirvana Digital Investment Holding, 500 Startups","Private Equity","6000000.0"
"2059","1/19/2016","Swiggy","Consumer Internet","Online/Mobile food ordering platform","Bengaluru","Harmony Partners, RB Investments & existing investors","Private Equity","35000000.0"
"2060","1/19/2016","TinyStep","Consumer Internet","Parenting Social Network","Bengaluru","Flipkart","Seed Funding",""
"2061","1/19/2016","Cashkaro","Consumer Internet","Coupon & Cashback platform","Gurugram","Ratan Tata","Private Equity",""
"2062","1/19/2016","Gameezop","Consumer Internet","Casual Gaming platform","New Delhi","Anand Chandrasekaran & Others","Seed Funding",""
"2063","1/19/2016","DailyObjects","E-Commerce","Mobile Accessories etailer","New Delhi","Unilazer Fund,\\xc2\\xa0 Phanindra Sama, Peyush Bansal","Private Equity","1400000.0"
"2064","1/19/2016","Indus OS","Technology","Local language Mobile OS","Mumbai","Omidyar Network,","Private Equity","5000000.0"
"2065","1/19/2016","CollegeDunia","Consumer Internet","Educational College Search platform","New Delhi","Umang Kumar","Seed Funding","445000.0"
"2066","1/19/2016","Villgro","Finance","Social Business Incubator & Fund","Chennai","Lemelson Foundation, Michael and Susan Dell Foundation","Private Equity","3500000.0"
"2067","1/20/2016","Reddoorz","Consumer Internet","Budget Accomodation Aggregator","New Delhi","500 Startups","Private Equity",""
"2068","1/20/2016","IndustryBuying","E-Commerce","B2B Industrial Goods Marketplace","New Delhi","Trifecta Capital","Private Equity","1800000.0"
"2069","1/20/2016","Just Buy Live","E-Commerce","B2B Marketplace for Distributors","Mumbai","Alpha Capital","Private Equity","20000000.0"
"2070","1/20/2016","IMbesharam","E-Commerce","Adult Products Etailers","New Delhi","Undisclosed US Based Investors","Private Equity","4000000.0"
"2071","1/20/2016","Moodoo","Consumer Internet","Social Meeting organizer App","Mumbai","Sa\\xc3\\xafd Business School Seed Fund.","Seed Funding","40000.0"
"2072","1/20/2016","Saral Designs","Healthcare","Women Hygiene Product Manufacturer","Mumbai","Farooq Adam, Ambi Parameswaran,","Seed Funding",""
"2073","1/21/2016","FirstCry","E-Commerce","Kids Focused eTailer","Pune","Ratan Tata","Private Equity",""
"2074","1/21/2016","Fisdom","Consumer Internet","Personal Finance Mobile App","Bengaluru","Rob Chandra","Seed Funding","500000.0"
"2075","1/21/2016","Easypolicy","Consumer Internet","Online insurance policy aggregator","Noida","Unilazer Ventures","Private Equity","2200000.0"
"2076","1/21/2016","Housing.com","Consumer Internet","Online Real Estate Portal","Mumbai","SoftBank Corp","Private Equity","15000000.0"
"2077","1/21/2016","CREO","Technology","Smartphone OS Developer","Bengaluru","Sequoia Capital, Beenext Ventures, India Quotient, Anand Chandrasekaran","Private Equity","3000000.0"
"2078","1/22/2016","ShabdaNagari","Consumer Internet","Hindi Language Social Networking Portal","Kanpur","Kanpur Angels & Others","Seed Funding","200000.0"
"2079","1/22/2016","Little","Consumer Internet","Deal Discovery App","Bengaluru","GIC","Private Equity",""
"2080","1/22/2016","SnapBizz","E-Commerce","Mobile based Retail Market Ecosystem","Bengaluru","Jungle Ventures, Taurus Value Creation, Konly Venture, Blume Ventures","Private Equity","7200000.0"
"2081","1/22/2016","Qlivery","Consumer Internet","on-demand concierge services","Gurugram","Chandigarh Angels Funding","Seed Funding",""
"2082","1/22/2016","PlexusMD","Consumer Internet","Social Network for Healthcare Professionals","Ahmedabad","Arihant Patni, Avnish Mehra, Pranay Adhvaryu, Ravi Sampat","Seed Funding",""
"2083","1/22/2016","Silvan","Technology","Home Automation & Security Solutions","Bengaluru","The Chennai Angels","Seed Funding","515000.0"
"2084","1/22/2016","EPS","Technology","Electronic Payments Solution Company","Mumbai","APIS Partners","Private Equity","35000000.0"
"2085","1/22/2016","Qubole","Technology","Enterprise Cloud Based Data Processing","Bengaluru","Institutional Venture Partners, Norwest Venture Partners, Lightspeed Venture Partners, CRV","Private Equity","30000000.0"
"2086","1/22/2016","Gajty","Healthcare","Salons & Spa Chain","Gurugram","Purvi Ventures","Seed Funding",""
"2087","1/25/2016","SIFTR Labs","Consumer Internet","Photography curation & Aggregator platform","Mumbai","Venture Catalysts","Seed Funding","150000.0"
"2088","1/25/2016","Power2SME","Consumer Internet","SME Online Buying Hub","Gurugram","Nandan Nilekani, Accel Partners, Kalaari Capital and Inventus Capital","Private Equity","21000000.0"
"2089","1/25/2016","SkyCandle","E-Commerce","Home D\\xc3\\xa9cor Product etailer","New Delhi","GPA group","Private Equity",""
"2090","1/27/2016","Teabox.com","E-Commerce","Specialty Tea ETailer","Siliguri","Ratan Tata","Private Equity",""
"2091","1/27/2016","Buildzar","E-Commerce","Construction Material ETailer","Gurugram","Puneet Dalmia","Private Equity","4000000.0"
"2092","1/27/2016","Applicate","Technology","Sales, Market, Distribution & Data Analytics Platform","Bengaluru","Undisclosed investors","Seed Funding","1000000.0"
"2093","1/27/2016","WhatsOnRent","E-Commerce","Online Rental Marketplace","Bengaluru","Lalit Mangal & Others","Seed Funding",""
"2094","1/28/2016","Zebi (yet to launch)","Technology","Data Intelligence & Analytics","Hyderabad","Un disclosed investors","Seed Funding","1000000.0"
"2095","1/28/2016","Truce","FMCG","Vegetables & Fruits Supply Chain","Mumbai","Anupam Mittal, Amit Gupta, Utsav Somani, Neeraj Goenka, Farooq Adam Mukadam","Seed Funding","370000.0"
"2096","1/28/2016","JustDoc","Consumer Internet","Medical Video Consultation platform","Bengaluru","TV Mohandas Pai, Mohit Saxena, Raghunandan G, Singapore Angel Network, TracxnLabs","Seed Funding",""
"2097","1/28/2016","Myeglu","Technology","Connected Smart Home Solutions","Bengaluru","Foxconn Technology Group & Others","Seed Funding",""
"2098","1/29/2016","BitGiving","Consumer Internet","Crowd Funding Platform","New Delhi","Harminder Sahni, Krishna Mehra, Sanjay Bakshi","Seed Funding",""
"2099","1/29/2016","Qriyo","Consumer Internet","Online Fitness & Educational information Aggregator","Jodhpur","Idein Ventures","Seed Funding","160000.0"
"2100","1/29/2016","N.O.W","Consumer Internet","Rental Bike Aggregator App","Noida","Maple Capital Advisors","Seed Funding",""
"2101","1/29/2016","Aisle","Consumer Internet","Indians focused Matchmaking App","Bengaluru","TermSheet, ah! Ventures","Seed Funding","185000.0"
"2102","1/29/2016","FreshMenu","Consumer Internet","Fresh Food Delivery platform","Bengaluru","Zodius Technology Fund, Lightspeed Venture Partners","Private Equity","17000000.0"
"2103","1/29/2016","Truebil","E-Commerce","Online marketplace for cars","Mumbai","Kalaari Capital, Inventus Capital, Tekton Ventures, Kae Capital","Private Equity","5150000.0"
"2104","1/29/2016","Rare Media","Technology","Mobile & Cloud based App developer","New Delhi","Info Edge (India) Ltd","Private Equity","1100000.0"
"2105","1/29/2016","TinMen","Consumer Internet","Food Delivery Platform","Hyderabad","Lead Angel Network","Seed Funding",""
"2106","1/29/2016","CodingLabs","Technology","Coding Skill Showcase & Resume Builder","Hyderabad","Vineet Nalla","Seed Funding",""
"2107","1/30/2016","FindUrClass","Consumer Internet","Hobby & Activity Class Aggregator","Mumbai","Amit Patni, Anirudh Damani, Samir Shah","Seed Funding",""
"2108","1/30/2016","DesignBids","Consumer Internet","Interior Design Marketplace","New Delhi","Indian Angel Network","Seed Funding",""
"2109","12/1/2015","CollegeDekho","Online Education Information platform","Unknown","Jaipur","GirnarSoft","Seed Funding","1000000.0"
"2110","12/1/2015","Black White Orange Brands","Brand Licensing Startup","Unknown","Mumbai","YouWeCan Ventures","Seed Funding",""
"2111","12/1/2015","Biteclub","Gourmet Food Discovery & Delivery platform","Unknown","Gurugram","growX ventures","Private Equity",""
"2112","12/1/2015","Patel Logistics","Transportation & Logistics Platform","Unknown","Mumbai","Frontline Strategy","Private Equity","5600000.0"
"2113","12/1/2015","Wigzo","Enterprise Marketing Automation platform","Unknown","New Delhi","Aarin Capital Partners, TV Mohandas Pai","Seed Funding","500000.0"
"2114","12/1/2015","Zapluk","Health, Wellness & Beauty Services App","Unknown","Hyderabad","Unknown","Seed Funding",""
"2115","12/1/2015","Godof Hospitals","Digital Healthcare","Unknown","New Delhi","Pankaj Gupta","Seed Funding","2000000.0"
"2116","12/2/2015","RoomsTonite","Last Minute Hotel Booking App","Unknown","Bengaluru","Lashit Sanghvi, Nikhil Vora, Venkat Vardhan,Mohammed Bin Abdul Rehman Al Khalifa,\\xc2\\xa0 Ralph Berezan, Vissal Mathew,\\xc2\\xa0 Balamurali Krishna","Seed Funding","1500000.0"
"2117","12/2/2015","Kaaryah","Womens Fashion Wear Portal","Unknown","New Delhi","The Saha Fund, TV Mohandas Pai","Private Equity",""
"2118","12/3/2015","Anakage","Product Learning platform","Unknown","Bengaluru","CIO Angel Network (CAN)","Seed Funding",""
"2119","12/3/2015","EasyKhaana","Online Food ordering & Delivery platform","Unknown","New Delhi","Undisclosed investors","Seed Funding","100000.0"
"2120","12/3/2015","Shuttl","App based Bus Pooling Services","Unknown","Gurugram","Sequoia Capital, Times Internet Ltd & One more Fund","Private Equity","20000000.0"
"2121","12/3/2015","Eckovation","Social Learning Platform","Unknown","New Delhi","Chandigarh Angel Network (CAN)","Seed Funding",""
"2122","12/3/2015","Fitcircle","Social Fitness platform","Unknown","Mumbai","Beerud Sheth and Ravi Mantha","Seed Funding",""
"2123","12/4/2015","Applop","On Demand Mobile app developer","Unknown","Kolkata","GHV Accelerator","Seed Funding","100000.0"
"2124","12/4/2015","CaRPM","Car Maintenance & Management mobile app","Unknown","Gurugram","GHV Accelerator","Seed Funding","100000.0"
"2125","12/4/2015","NDTV Wedding portal","Online Wedding Marketplace","Unknown","New Delhi","CerraCap","Private Equity","20000000.0"
"2126","12/4/2015","Splitkart","Splitting Bills Mobile App","Unknown","New Delhi","Rajesh Sawhney, Anupam Mittal, Dinesh Agarwal, Gaurav Gupta,","Seed Funding",""
"2127","12/7/2015","Zenatix","IOT Energy Management Analytics platform","Unknown","Gurugram","Blume Ventures","Private Equity",""
"2128","12/7/2015","Customfurnish","Custom Made furniture e-tailer","Unknown","Hyderabad","Agnus Capital","Private Equity","4500000.0"
"2129","12/7/2015","Faasos","QSR Chain","Unknown","Pune","ru-Net, Sequoia Capital,\\xc2\\xa0 Lightbox Ventures","Private Equity","30000000.0"
"2130","12/7/2015","Vlurn","eLearning platform","Unknown","Mumbai","Vidyadhar Sarfare","Seed Funding",""
"2131","12/7/2015","Leaf Wearables","Smart Safety Wearable Devices","Unknown","New Delhi","Ajeet Khurana Jinesh Shah, Vikram Chachra, Dr. Aniruddha Malpani","Seed Funding","250000.0"
"2132","12/7/2015","Coolshare","Cab Sharing service Mobile app","Unknown","Mumbai","Gopal Aggarwal","Seed Funding","100000.0"
"2133","12/8/2015","mFicient","Cloud Enterprise Mobility Platform","Unknown","New Delhi","Undisclosed investors","Seed Funding",""
"2134","12/8/2015","HeyBiz","Online Shopping Assistant Mobile app","Unknown","New Delhi","Shopclues","Seed Funding",""
"2135","12/8/2015","Yumist","Home Cooked Food Order & Delivery platform","Unknown","Gurugram","Unilazer Ventures, Orios Venture Partners, Steven Lurie","Private Equity","2000000.0"
"2136","12/9/2015","Jigsaw Academy","Online School for Analytics learning","Unknown","Bengaluru","Manipal Global Education Services","Private Equity","3000000.0"
"2137","12/9/2015","JoeHukum","Chat based personal Assistant App","Unknown","Gurugram","TracxnLabs, Jitendra Gupta, Prashant Tandon","Seed Funding",""
"2138","12/9/2015","Voxweb","Picture creation & Social mobile app","Unknown","Mumbai","Undisclosed Investor","Seed Funding","350000.0"
"2139","12/9/2015","Aye Finance","Nonbanking finance company","Unknown","New Delhi","SAIF Partners, Accion","Private Equity","3000000.0"
"2140","12/9/2015","JumboBasket","eCommerce returns etailer","Unknown","Chandigarh","Chandigarh Angels Network","Seed Funding",""
"2141","12/10/2015","BlackBuck","Online Freight Services Aggregator","Unknown","Bengaluru","Tiger Global Management, Yuri Milner, Apoletto, Accel Partners, Flipkart","Private Equity","25000000.0"
"2142","12/10/2015","HomeStudio","Online Branded Furniture etailer","Unknown","Bengaluru","Bren Corporation","Private Equity","5000000.0"
"2143","12/10/2015","PropheSee","Digital Analytics Platform","Unknown","New Delhi","Indian Angel Network, Stanford Angels, Entrepreneurs India","Seed Funding","500000.0"
"2144","12/10/2015","i2e1","Internet Network Infrastructure Services","Unknown","New Delhi","GrowX Ventures","Seed Funding","500000.0"
"2145","12/10/2015","Holisol Logistics","Supply Chain & Logistics Solutions","Unknown","New Delhi","CLSA Capital Partners ARIA IV Funds","Private Equity","10000000.0"
"2146","12/10/2015","Stay Simple Resorts","Holiday Resort Chain","Unknown","Bengaluru","Mr. Sudhir & Ms. Shalini Sethi, Mr. Praveen Someshwar","Seed Funding",""
"2147","12/10/2015","Paynear","Mobile Point of Sale solutions","Unknown","Hyderabad","Mitesh Majithia","Private Equity","2500000.0"
"2148","12/10/2015","Chillr","Peer-to-Peer Money Transfer & Recharge App","Unknown","Mumbai","Sequoia Capital, Blume Ventures, Uniqorn Ventures and other","Private Equity","70000000.0"
"2149","12/11/2015","EureQa","Test Automation SAAS platform","Unknown","Hyderabad","Sashi Reddi, Gabriel Investments","Seed Funding","600000.0"
"2150","12/11/2015","LocalCircles","Citizens Engagement Platform","Unknown","Noida","Anand Mahindra","Private Equity",""
"2151","12/11/2015","GetFocus","Indoor Navigation & Analytics Solutions","Unknown","Mumbai","Undisclosed investors","Seed Funding",""
"2152","12/11/2015","UrbanClap","Hyperlocal On-Demand Household Services platform","Unknown","Gurugram","Ratan Tata","Private Equity",""
"2153","12/11/2015","OnlineRTI","Online RTI application services","Unknown","Bengaluru","LetsVenture, Mohandas Pai","Seed Funding","150000.0"
"2154","12/11/2015","Powerstores","ECommerce Website Creation SAAS platform","Unknown","Goa","Extreme Venture Partners\\xc2\\xa0 William Bissell","Seed Funding",""
"2155","12/11/2015","Weddingz.in","Wedding Venues & Vendors Marketplace","Unknown","Mumbai","Rajan Anandan, Zoya Akhtar, Reema Kagati, Ruchi Narain, Amrish Kumar, Hrishikesh Parandekar","Seed Funding","1000000.0"
"2156","12/11/2015","Intelligent Interfaces","Interface development platform for Government officials","Unknown","Bengaluru","Sachin Bansal, Binny Bansal","Seed Funding",""
"2157","12/14/2015","Capricoast","Modular Furnishings Marketplace","Unknown","Bengaluru","Accel Partners India, RB Investments","Private Equity","3500000.0"
"2158","12/14/2015","JetSetGo","Private Jet Bookings Marketplace","Unknown","Bengaluru","Puneet Dalmia","Private Equity",""
"2159","12/14/2015","Cabsguru","Cab search Comparison & Booking platform","Unknown","New Delhi","Prashanth Ranganathan","Seed Funding","200000.0"
"2160","12/14/2015","Whoop","Performance Optimization Platform for athletes","Unknown","Boston","Infosys","Private Equity","3000000.0"
"2161","12/15/2015","BookEventz","Event Venue Booking Platform","Unknown","Mumbai","Mumbai Angels, Singapore Angel Network, Zishaan Hayath","Seed Funding",""
"2162","12/15/2015","Deal Street Asia","Digital Media Platform","Unknown","Singapore","Vijay Shekhar Sharma, Singapore Angels Network","Seed Funding",""
"2163","12/15/2015","Streamoid","visual search and discovery platform","Unknown","Bengaluru","Undisclosed","Seed Funding","1000000.0"
"2164","12/16/2015","Housejoy","Home services marketplace","Unknown","Bengaluru","Amazon, Vertex Ventures, Qualcomm, Ru-Net Technology Partners, Matrix Partners","Private Equity","22500000.0"
"2165","12/16/2015","Bluebirch","End to End reverse logistics Solution platform","Unknown","Bengaluru","Chicago Capital Ventures, Sanjay Mehta, Others","Seed Funding","2000000.0"
"2166","12/16/2015","MeraDoctor","Virtual Health consultation app","Unknown","Mumbai","Unilazer","Private Equity","1200000.0"
"2167","12/16/2015","STAGE 3","Online Renting platform","Unknown","New Delhi","Nisha Sharma, Puneet Dalmia, Balaji Prabhakar","Seed Funding",""
"2168","12/17/2015","Rivigo","Logistics Services Provider","Unknown","Gurugram","SAIF Partners and others","Private Equity","30000000.0"
"2169","12/17/2015","Springboard","Data Science & UX design Learning platform","Unknown","Bengaluru","Allen Blue, John Katzman, Naveen Tewari, Kartik Hosanagar, Kashyap Deorah, 500 Startups, Blue Fog Capital","Seed Funding","1700000.0"
"2170","12/17/2015","Eatfresh","Online marketplace for Chef Meals","Unknown","Bengaluru","Kalaari Capital","Private Equity",""
"2171","12/18/2015","Ampere Vehicles","Electric Bike Manufacturers","Unknown","Coimbatore","Kris Gopalakrishnan & Others","Seed Funding","1200000.0"
"2172","12/18/2015","Focus Digit","ECommerce platform solutions","Unknown","New Delhi","Turning Ideas","Seed Funding",""
"2173","12/18/2015","The News Minute","Online Media Publication","Unknown","Bengaluru","Quintillion Media","Seed Funding",""
"2174","12/18/2015","CBREX","International Hiring Platform","Unknown","Mumbai","Prahlad Rao, Sundara Rajan, Vikram Chachra","Seed Funding","200000.0"
"2175","12/21/2015","TruckMandi","Logistics Service Provider Marketplace","Unknown","New Delhi","Ritesh Dwivedy, Ramakant Sharma, Mount Nathan Advisors","Private Equity","2000000.0"
"2176","12/21/2015","Peppertap","HyperlocalGrocery Delivery Service","Unknown","Gurugram","Innoven Capital","Private Equity","4000000.0"
"2177","12/21/2015","KOOH Sports","Sports Education Platform","Unknown","Mumbai","TCS, HDFC, Faering Capital, Elevate Sports","Private Equity","2000000.0"
"2178","12/22/2015","RentOnGo","Bike, Appliances Renting marketplace","Unknown","Bengaluru","Anand Chandrasekaran, Rajesh Sawhney, Kalpana Tatavarti, Shivanandan Pare","Seed Funding",""
"2179","12/22/2015","Industrybuying","Online Marketplace for Industrial Goods","Unknown","New Delhi","Murugappa Group, TVS Group, Vellayan Subbiah, Arathi Krishna, Arun Venkatachalam","Seed Funding",""
"2180","12/22/2015","Zapr","Reward points mobile app","Unknown","Gurugram","Dinesh Agarwal","Seed Funding",""
"2181","12/22/2015","LatestOne","Mobile accessories online store","Unknown","Hyderabad","Palred Technologies Ltd","Private Equity","3000000.0"
"2182","12/22/2015","PlanetGogo","Content Discovery & reward points platform","Unknown","Gurugram","HT Digital Media Holdings Ltd","Seed Funding",""
"2183","12/22/2015","Arya.ai","Artificial Intelligence platform","Unknown","Mumbai","YourNest Angel Fund, Venture Nursery","Private Equity","750000.0"
"2184","12/22/2015","Doctor Insta","Medical Consultation & Doctor appointment booking platform","Unknown","Gurugram","Rishi Parti, BrahmaX Ventures","Private Equity","500000.0"
"2185","12/22/2015","MobieFit","Mobile Fitness App","Unknown","Goa","Medi Assist","Private Equity","1000000.0"
"2186","12/23/2015","LafaLafa","Digital Coupons, Deal & Cashback aggregator app","Unknown","Mumbai","Vectr Ventures","Private Equity",""
"2187","12/23/2015","Mech Mocha","Mobile Game development & Design platform","Unknown","Bengaluru","Blume Ventures, Flipkart","Seed Funding","1000000.0"
"2188","12/23/2015","Shotang.com","B2B eCommerce Marketplace","Unknown","Bengaluru","Exfinity Venture Partners, Unitus Impact Livelihoods Fund","Private Equity","5000000.0"
"2189","12/23/2015","CityFurnish","Furniture and appliances rental platform","Unknown","Gurugram","Jitendra Gupta","Seed Funding",""
"2190","12/24/2015","Black White Orange","B2B Merchandize platform","Unknown","Mumbai","Collaborative Licensing Ventures LLP","Seed Funding","303000.0"
"2191","12/24/2015","Kolabro","Real Estate focused Tech platform","Unknown","Gurugram","Umang Kumar, Ruchir Arora & others","Seed Funding",""
"2192","12/24/2015","Canvera","Photographer Online search & booking platform","Unknown","Bengaluru","Info Edge (India) Ltd","Private Equity","2200000.0"
"2193","12/28/2015","Town Essentials","Grocery Delivery platform","Unknown","Bengaluru","Sharad Hegde, Girish Reddy, Siddharth Patil, Shrikant Patil","Seed Funding","1000000.0"
"2194","12/28/2015","Bumper","Mobile Car Servicing appointment app","Unknown","Bengaluru","SAIF Partners","Seed Funding","500000.0"
"2195","12/29/2015","Hotify","New Curation Mobile App","Unknown","Bengaluru","Mahavir Pratap Sharma","Seed Funding","150000.0"
"2196","12/29/2015","MobiKwik","Mobile Wallet","Unknown","Gurugram","Sequoia Capital, Tree Line Asia, Innoven Capital","Private Equity","6600000.0"
"2197","12/30/2015","Intelligent Interfaces","Interface development platform for Government officials","Unknown","Bengaluru","Yuvraj Singh","Seed Funding",""
"2198","11/2/2015","Twigly","Online Food Ordering & Delivery platform","Unknown","Gurugram","Amit Gupta, Sahil Barua, Mukul Singhal, Tracxn Labs","Seed Funding","200000.0"
"2199","11/2/2015","CityFlo","Bus Aggregation and rental mobile app","Unknown","Mumbai","IDG Ventures","Seed Funding","750000.0"
"2200","11/3/2015","Findyahan","hyperlocal online Services platform","Unknown","Noida","Times Group Brand Capital","Private Equity",""
"2201","11/3/2015","Sabse","WiFi first Cloud communication platform","Unknown","Mumbai","Ratan Tata","Private Equity",""
"2202","11/3/2015","Pokkt","Alternate Mobile Monetization platform","Unknown","Mumbai","Segnel Venture, Shinji Kimura, Sundar Chanrai, JAFCO Asia, SingTel\\xe2\\x80\\x99s Innov8, Jungle Ventures, K Ganesh","Private Equity","5000000.0"
"2203","11/3/2015","oibanit","Online Food Ordering Marketplace","Unknown","Vadodara","Varun Ahuja, Anubhav Verma","Seed Funding","150000.0"
"2204","11/3/2015","Stuffed","Quick Service Restaurant & Online Delivery","Unknown","Mumbai","Riqueza Capital","Seed Funding","385000.0"
"2205","11/3/2015","LoanBaba","Online Loans Marketplace","Unknown","Mumbai","Unknown","Seed Funding","320000.0"
"2206","11/3/2015","Deyor Rooms","Budget Hotels Aggregator","Unknown","New Delhi","Dheeraj Jain & Others","Seed Funding","500000.0"
"2207","11/3/2015","Bidgely","Efficient Energy Management platform","Unknown","Unknown","Constellation Technology Ventures (Exelon Corporation), E.ON, RWE, Khosla Ventures","Private Equity","16600000.0"
"2208","11/4/2015","Shirsa Labs","Digital Intelligent learning platform","Unknown","Mumbai","ah! Ventures","Seed Funding","250000.0"
"2209","11/4/2015","Paytunes","Voice Call incentivization mobile app","Unknown","New Delhi","CIO Angel Network","Seed Funding",""
"2210","11/4/2015","YourDOST","Online Counselling and psychological support platform","Unknown","Gwalior","Phanindra Sama, Aprameya Radhakrishna, Aneesh Reddy, Neeraj Jawalkar, Sanjay Anandaram, Pavan Ongole, Venk Krishnan","Seed Funding","400000.0"
"2211","11/5/2015","BookMyBai","Domestic Help Aggregation platform","Unknown","Mumbai","Vineel Nalla & Others","Seed Funding","150000.0"
"2212","11/5/2015","MyIndianStay","Home Stay & room rentals platform","Unknown","Goa","Undisclosed investors","Seed Funding","200000.0"
"2213","11/5/2015","Bobble","Selfie Mobile App","Unknown","New Delhi","SAIF Partners & others","Private Equity",""
"2214","11/6/2015","RepUp","Online Reputation Management Platform","Unknown","Gurugram","Indian Angel Network","Seed Funding",""
"2215","11/6/2015","Satvacart","Online Grocery platform","Unknown","Gurugram","Undisclosed HNIs","Private Equity","1800000.0"
"2216","11/6/2015","POPxo.com","Online content platform for women","Unknown","New Delhi","IDG Ventures India, Kalaari Capital, 500 Startups","Private Equity","2000000.0"
"2217","11/6/2015","SparesHub","Online Vehicle Spare Parts etailer","Unknown","Pune","Hyderabad Angels, M&S Partners","Seed Funding","460000.0"
"2218","11/6/2015","Explara","Event Ticketing platform","Unknown","Pune","Hyderabad Angels, Singapore Angel Network, Ness Wadia","Private Equity","490000.0"
"2219","11/6/2015","Soothe Healthcare","affordable Personal Healthcare Products","Unknown","Noida","Saina Nehwal","Seed Funding",""
"2220","11/6/2015","Yuvi Hospitality","Premium dining Lounges & restaurants","Unknown","Gurugram","Chandralekha Construction Pvt. Ltd.","Private Equity","15000000.0"
"2221","11/9/2015","AppVirality","Mobile Growth Hacking Platform","Unknown","Hyderabad","Rajan Anandan, Mike Galgon, Ravi Gururaj, Ashim Mehra,\\xc2\\xa0 Mohit Saxena, Internet Group, TNN Capital and others","Seed Funding","500000.0"
"2222","11/9/2015","iStar Skill Development","Skill Training Startup","Unknown","Bengaluru","Michael & Susan Dell Foundation, Unitus Seed Fund","Private Equity","1500000.0"
"2223","11/9/2015","BigStylist.com","Beauty and Wellness Marketplace","Unknown","Mumbai","Info Edge","Private Equity","1000000.0"
"2224","11/9/2015","Zilingo","Marketplace App for Bangkok","Unknown","Bengaluru","Sequoia India, BEENEXT Ventures, Kunal Shah & Sandeep Tandon","Private Equity","1900000.0"
"2225","11/9/2015","Didi","On-demand Maids Service Provider","Unknown","Mumbai","Jozef Bardik, Leo Wang Sangeeth Ram","Seed Funding","150000.0"
"2226","11/9/2015","Skoov.com","eCommerce Product Search Engine","Unknown","Mumbai","undisclosed investor","Seed Funding","150000.0"
"2227","11/10/2015","Chefs Basket","Ready to cook packaged Foods","Unknown","Mumbai","SAIF Partners, Haresh Chawla","Private Equity","6000000.0"
"2228","11/11/2015","Gingercrush","Product Customization Platform","Unknown","Vadodara","TV Mohandas Pai\\xe2\\x80\\x99s family office","Seed Funding",""
"2229","11/11/2015","Delight Foods","Branded Food products online sales","Unknown","Bengaluru","Lensbridge Capital, Mape Advisory Group, Fireside Ventures","Private Equity","600000.0"
"2230","11/11/2015","6Degree","Talent platform for Fashion professionals","Unknown","Goa","Centre For Incubation & Business Acceleration (CIBA), Goa","Seed Funding",""
"2231","11/11/2015","RenewBuy","Auto Insurance Online platform","Unknown","Gurugram","Mount Nathan Advisors Pte Ltd","Seed Funding","500000.0"
"2232","11/11/2015","Grab","Hyperlocal Logistics Service Provider","Unknown","Mumbai","Sixth Sense Ventures","Seed Funding",""
"2233","11/12/2015","Hitwicket","Cricket Management Mobile Game","Unknown","Hyderabad","Chennai Angels","Seed Funding","250000.0"
"2234","11/13/2015","Flashdoor","On Demand Laundry Service platform","Unknown","Bengaluru","Sujeet Kumar, Ankit Nagori, Traxcn Labs","Seed Funding",""
"2235","11/16/2015","Cashkaro.com","Ecommerce Discount & Cashback coupons platform","Unknown","Gurugram","Kalaari Capital","Private Equity","3700000.0"
"2236","11/16/2015","Absentia","Virtual Reality Headset creator","Unknown","Bengaluru","Astarc Ventures, 50K Ventures & others","Seed Funding","180000.0"
"2237","11/16/2015","Renowala","Home Improvement Service platform","Unknown","Hyderabad","Logtally","Seed Funding",""
"2238","11/16/2015","TaskBucks","mobile-only tasks marketplace","Unknown","New Delhi","Times Internet","Private Equity","15000000.0"
"2239","11/17/2015","CraftsVilla","Women Ethnic Wear Online Marketplace","Unknown","Mumbai","Sequoia India, Lightspeed Venture Partners, Nexus Venture Partners, Global Founders Capital, Apoletto","Private Equity","34000000.0"
"2240","11/17/2015","Julia Computing","Numerical Computing & Data Science Platform","Unknown","Bengaluru","Gordon and Betty Moore Foundation","Seed Funding","600000.0"
"2241","11/17/2015","StyleTag","Designer fashion Jewellery Marketplace","Unknown","Bengaluru","Jitu Virwani","Seed Funding","7500000.0"
"2242","11/17/2015","Smytten","Online Products Discovery Platform","Unknown","Gurugram","Rimpal Chawla, Anuj Srivastava","Seed Funding","200000.0"
"2243","11/17/2015","BiBox","Kids Tool kit for Innovation platform","Unknown","Bengaluru","Ravi Krishnamurthy","Seed Funding","530000.0"
"2244","11/17/2015","Convegenius","Mobile Learning Solutions","Unknown","Noida","Enablers platform","Seed Funding","300000.0"
"2245","11/18/2015","Ola","Car Aggregator & Retail Mobile App","Unknown","Bengaluru","Baillie Gifford, Falcon Edge Capital, Tiger Global, SoftBank Group, DST Global, Didi Kuaidi","Private Equity","500000000.0"
"2246","11/18/2015","Goodbox","conversational commerce mobile app","Unknown","Bengaluru","Nexus Venture Partners","Private Equity","2500000.0"
"2247","11/18/2015","ScoopWhoop","Viral Content web Platform","Unknown","New Delhi","Kalaari Capital","Private Equity","4000000.0"
"2248","11/18/2015","Hipship","Express local delivery platform","Unknown","Bengaluru","Inara Capital , Rishi Khiani","Seed Funding",""
"2249","11/18/2015","Pickrr","On-Demand Local Logistics provider","Unknown","New Delhi","Palaash Ventures","Seed Funding",""
"2250","11/18/2015","Truelancer","Curated Freelancer Marketplace","Unknown","New Delhi","Blackstone Valley Group, Raghu Vohra, Aditya Dev Sood, Kamal Bansal","Seed Funding",""
"2251","11/19/2015","AHA Taxis","Online Taxi Rental Platform","Unknown","Noida","ah! Ventures","Seed Funding",""
"2252","11/19/2015","UrbanClap","Mobile Services Marketplace","Unknown","Gurugram","Bessemer Venture Partner, Accel, SAIF Partners","Private Equity","25000000.0"
"2253","11/19/2015","SenseGiz","Smartwatch Maker","Unknown","Belgaum","Karnataka Semiconductor Venture Capital firm","Seed Funding","500000.0"
"2254","11/19/2015","PlaceofOrigin","Online Gourmet Food Marketplace","Unknown","Bengaluru","S.D. Shibulal, Kris Gopalakrishnan, Srinath Batni, Professor Tarun Khanna,\\xc2\\xa0 Ganapathy Venugopal.","Seed Funding",""
"2255","11/19/2015","Fourseven","Online Jewellery etailer","Unknown","New Delhi","Indian Angel Network","Seed Funding","455000.0"
"2256","11/20/2015","MindTickle","Sales & Productivity Software","Unknown","Pune","New Enterprise Associates","Private Equity","12500000.0"
"2257","11/20/2015","Shopsense","ecommerce related software product platform","Unknown","Mumbai","Kae Capital, Kunal Bahl, Rohit Bansal","Seed Funding",""
"2258","11/20/2015","Medinfi","Health-Tech platform","Unknown","Bengaluru","Ram Kumar Kakani, Pradeep K Jaisingh, Sunil T V, Vijay Ghadge, Hemant Kaul, Gurmeet Chahal & Others","Seed Funding","305000.0"
"2259","11/20/2015","OUWT","Nightlife Discovery Mobile App","Unknown","Mumbai","Undisclosed investors","Seed Funding","150000.0"
"2260","11/20/2015","HeyPillow","Online Real Estate Marketplace","Unknown","Bengaluru","Hampton Capital","Private Equity","3000000.0"
"2261","11/21/2015","Healers At Home","Home Healthcare Services platform,","Unknown","New Delhi","Daljit Singh, Dr. Pramath Raj Sinha, BVR Mohan Reddy","Seed Funding",""
"2262","11/21/2015","Caravan Craft","Indian Ethnic Crafts Etailer","Unknown","Bengaluru","Unitus Seed Fund, Bijou Kurien, Narayan Ramachandran","Private Equity","1200000.0"
"2263","11/21/2015","Talkoot","Social platform for traders and investors","Unknown","Bengaluru","Undisclosed investors","Seed Funding","100000.0"
"2264","11/23/2015","RentoMojo","Online Furniture, Home Appliances Rental Platform","Unknown","Bengaluru","IDG Ventures India,\\xc2\\xa0 Accel Partners India","Private Equity","2000000.0"
"2265","11/23/2015","Medikoe","Healthcare Services Discovery platform","Unknown","Bengaluru","Anil Menon","Seed Funding","100000.0"
"2266","11/24/2015","Stylofie","Health and Beauty Services Marketplace","Unknown","Gurugram","Swastika","Seed Funding","250000.0"
"2267","11/24/2015","ServX","Automotive Services platform","Unknown","New Delhi","Manish Gupta","Seed Funding",""
"2268","11/24/2015","Naaptol","Online and TV Shopping Marketplace","Unknown","Mumbai","Mitsui & Co., New Enterprise Associates, Canaan Partners, Silicon Valley Bank","Private Equity","52000000.0"
"2269","11/24/2015","Crayon Data","Big Data Analytics Platform","Unknown","Chennai","Ratan Tata","Private Equity",""
"2270","11/25/2015","EarlySalary.com","Mobile App based Loan disbursement platform","Unknown","Mumbai","Ashok Agarwal","Seed Funding","1500000.0"
"2271","11/25/2015","Tooler","On Demand Laundry Services App","Unknown","New Delhi","Raghu Khanna, Sameer Gupta","Seed Funding","110000.0"
"2272","11/25/2015","S Chand","Education Content Provider","Unknown","New Delhi","IFC Everstone Group","Private Equity","27000000.0"
"2273","11/26/2015","Stelae","Content Management Software Solutions","Unknown","Chennai","Earlsfield Capital","Private Equity",""
"2274","11/26/2015","GoQii","Fitness Tracking Management Solutions","Unknown","Mumbai","New Enterprise Associates, Cheetah Mobile","Private Equity","13400000.0"
"2275","11/26/2015","Grofers","Hyper-local Grocery Delivery platform","Unknown","Gurugram","Softbank, Tiger Global, Sequoia Capital, Apoletto Managers","Private Equity","120000000.0"
"2276","11/26/2015","Pluss","Hyperlocal healthcare product Delivery Service provider","Unknown","Gurugram","IDG Ventures, M & S partners, Powerhouse Ventures (USA).","Private Equity","1000000.0"
"2277","11/26/2015","KountMoney","Online Lending Marketplace","Unknown","Bengaluru","Tracxn, Ashish Goenka & Others","Seed Funding",""
"2278","11/27/2015","StayGlad","On Demand Beauty Services Platform","Unknown","Bengaluru","Bessemer Venture Partners, Anil Chopra","Private Equity",""
"2279","11/27/2015","JustRide","Self Driven Rental Car Platform","Unknown","Mumbai","Unknown","Private Equity","2000000.0"
"2280","11/27/2015","Fastudent","Education Content etailer","Unknown","Noida","Ashish Gupta","Seed Funding",""
"2281","11/27/2015","LearnOn","Clud based Learning platform","Unknown","Chennai","JMR Infotech India Pvt Ltd","Seed Funding",""
"2282","11/27/2015","Talentrack","Talent Exchange & Talent Services Marketplace","Unknown","New Delhi","Unigrowth Inc","Seed Funding",""
"2283","11/28/2015","M-TAXI","Two-Wheeler Taxi Service","Unknown","Gurugram","Mandeep Singh, Jairaj Singh","Seed Funding",""
"2284","11/30/2015","Baxi","Two-Wheeler Taxi Service","Unknown","Gurugram","Manish Kheterpal, Alok Mittal,\\xc2\\xa0 Puneet Dalmia,","Seed Funding","1450000.0"
"2285","11/30/2015","Superhero Brands","character merchandize sales platform","Unknown","Mumbai","DSG Consumer Partners","Seed Funding","540000.0"
"2286","11/30/2015","MoMagic","Mobile Application Developer","Unknown","New Delhi","FIH Mobile Ltd","Private Equity",""
"2287","11/30/2015","QikPod","Ecommerce Delivery locker services","Unknown","Bengaluru","Flipkart, Accel Partners, Delhivery, Foxconn","Private Equity","9000000.0"
"2288","11/30/2015","Butterfly Interactive","extra curricular activities marketplace app","Unknown","New Delhi","Undisclosed investors","Seed Funding",""
"2289","11/30/2015","Bro4U","Hyperlocal Online Home services provider","Unknown","Bengaluru","Sargod Ventures","Seed Funding",""
"2290","10/1/2015","Indifi","Easy Business Loans platform","Unknown","Gurugram","Accel Partners, Elevar Equity, Pramod Bhasin, Rajan Anandan, Gaurav Dalmia, Abhishek Goyal, Gagan Hasteer , Arun Tadanki","Seed Funding",""
"2291","10/1/2015","Wydr","Performance based Wholesale Marketplace","Unknown","New Delhi","Sandeep Aggarwal","Seed Funding",""
"2292","10/1/2015","EasyFix","Professional Services Marketplace","Unknown","Gurugram","Axilor Ventures","Seed Funding",""
"2293","10/1/2015","Muvizz","Movie-on-demand platform","Unknown","Singapore","Ashish Todi, Abhinav Patodia, Kumar Shwetabh","Seed Funding","350000.0"
"2294","10/1/2015","Abhibus","us ticketing and fleet management platform","Unknown","Hyderabad","Paytm (One97 communications)","Private Equity",""
"2295","10/1/2015","Cleartax","Online Income Tax Filing platform","Unknown","New Delhi","Paytm (One97 communications)","Private Equity",""
"2296","10/2/2015","Shopalyst","Product discovery & recommendation platform","Unknown","Bengaluru","Kalaari Capital","Private Equity","2000000.0"
"2297","10/3/2015","Chillr","Mobile Payments App","Unknown","Mumbai","Sequoia Capital","Private Equity","6000000.0"
"2298","10/5/2015","Nykaa","Beauty & Wellness Products e-tailer","Unknown","Mumbai","Harsh Mariwala, Atul Nishar, Dalip Pathak, Michael Carlos","Private Equity","9500000.0"
"2299","10/5/2015","Voylla","Fashion jewelry and accessories e-tailer","Unknown","Jaipur","Peepul Capital","Private Equity","15000000.0"
"2300","10/5/2015","IndiaLends","Online Consumer Lending platform","Unknown","New Delhi","DSG consumer Partners, Paragon Partners","Private Equity","1000000.0"
"2301","10/5/2015","Rock N Shop","Premium Apparel shopping portal","Unknown","New Delhi","High Networth Individuals (undisclosed)","Seed Funding","150000.0"
"2302","10/6/2015","DocPlexus","Exclusive Platform for Doctors & Healthcare professionals","Unknown","Pune","Uniqorn ventures, ASP Consulting","Seed Funding","700000.0"
"2303","10/6/2015","WorkIndia","Job Board","Unknown","Mumbai","Satyen Kothari, Keshav Sanghi, Riddhesh Gandhi & Others","Seed Funding","500000.0"
"2304","10/6/2015","SportzVillage","Sports Management & Physical Education Business","Unknown","Bengaluru","Gaja Capital Private Equity Fund","Private Equity","10000000.0"
"2305","10/6/2015","SportyBeans","multi-sport program for preschoolers","Unknown","Pune","YouWeCan Ventures","Seed Funding",""
"2306","10/6/2015","Burger Singh","QSR & Online delivery portal","Unknown","Gurugram","Ashvin Chadha, Avtar Monga, Udaan Angels, Dheeraj Jain","Seed Funding","500000.0"
"2307","10/6/2015","Welcome Cure","Online Homeopathy Clinic","Unknown","Mumbai","Unnamed Media house and HNIs","Private Equity","6000000.0"
"2308","10/7/2015","SchoolGuru","E-Learning Service Provider","Unknown","Mumbai","High Networth Individuals from India & USA","Private Equity","3000000.0"
"2309","10/7/2015","Naturally Yours","Organic Food etailer","Unknown","Mumbai","Sanjay Mehta","Seed Funding",""
"2310","10/7/2015","GoJavas","Delivery & Logistics Service provider","Unknown","Gurugram","Snapdeal","Private Equity","20000000.0"
"2311","10/7/2015","Scandid","Product Discovery & comparison App","Unknown","Pune","Micromax Informatics","Private Equity",""
"2312","10/7/2015","StalkBuyLove","Online Apparels Fashion brand","Unknown","New Delhi","Mato Peric, Peter Kabel & others","Private Equity",""
"2313","10/8/2015","ZuperMeal","Home Cooked Food marketplace & Delivery","Unknown","Mumbai","Sanjeev Kapoor,\\xc2\\xa0 Ravi Saxena & Others","Private Equity","2000000.0"
"2314","10/8/2015","Cube26","Gesture based Mobile Development","Unknown","New Delhi","Tiger Global Management, Flipkart","Private Equity","7700000.0"
"2315","10/8/2015","Mobikon","Hotel Mobile CRM Software platform","Unknown","Pune","Life.SREDA, Qualgro","Private Equity",""
"2316","10/8/2015","Grabhouse","Rental Accommodation Search platform","Unknown","Bengaluru","Sequoia and Kalaari Capital.","Private Equity","10000000.0"
"2317","10/8/2015","Quifers","Logistics Tech Platform","Unknown","Mumbai","Vikas Agarwal, Vishal Khare, Sanjeev Kakkar, Smile Group","Seed Funding","310000.0"
"2318","10/9/2015","Stockroom.io","Developer Portfolio Showcase platform","Unknown","Hyderabad","Undisclosed Investors","Seed Funding","70000.0"
"2319","10/9/2015","Curofy","Doctors Network Mobile App","Unknown","New Delhi","RoundGlass Partners","Private Equity",""
"2320","10/9/2015","Cloud Lending","End-to-End Lending platform","Unknown","Bengaluru","SF Capital Group","Private Equity","8000000.0"
"2321","10/9/2015","Inayo","on-demand healthcare marketplace","Unknown","Mumbai","Kemark Ventures, Amit Ranjan, Zishaan Hayath and Others","Seed Funding","300000.0"
"2322","10/9/2015","WoNoBo","360-degree view creating platform","Unknown","Bengaluru","Quikr","Private Equity",""
"2323","10/9/2015","Kulzy","Advertising & Marketing Community Networking platform","Unknown","New Delhi","Seedfund, Bedrock Ventures","Seed Funding","1000000.0"
"2324","10/9/2015","Zeppery","Food Ordering & Delivery App","Unknown","New Delhi","Suyash Sharma","Seed Funding","77000.0"
"2325","10/12/2015","Zify","Ride Sharing platform","Unknown","Hyderabad","Sean O\\xe2\\x80\\x99Sullivan & Others","Seed Funding","190000.0"
"2326","10/12/2015","Faircent","Online P2P lending marketplace","Unknown","Gurugram","Aarin Capital Partners","Private Equity",""
"2327","10/12/2015","Bizongo","B2B marketplace for industrial goods","Unknown","Mumbai","Accel Partners","Seed Funding",""
"2328","10/12/2015","Gridle","Cloud Based Collaboration platform","Unknown","Ahmedabad","LetsVenture","Seed Funding","100000.0"
"2329","10/12/2015","Tripoto","global community for travellers","Unknown","New Delhi","500 Startups, IDG Ventures & Advantedge fund, Neeraj Arora, Leon Seynave","Private Equity",""
"2330","10/12/2015","Mubble","Prepaid Bill manager App","Unknown","Bengaluru","Accel Partners","Private Equity",""
"2331","10/13/2015","Voodoo","Mobile Only Shopping Assistant","Unknown","New Delhi","SAIF Partners","Seed Funding","1000000.0"
"2332","10/13/2015","Lookup","Mobile Messaging Assistant App","Unknown","Bengaluru","Khosla Impact, Biz Stone, Catamaran Ventures, Global Founders Capital, European investment fund","Private Equity","2500000.0"
"2333","10/14/2015","AskMyGift","Personalized Wish List creator app","Unknown","Noida","Turning Ideas","Seed Funding","50000.0"
"2334","10/14/2015","Gaana.com","Music Streaming mobile app","Unknown","Mumbai","Micromax Informatics Ltd","Private Equity",""
"2335","10/14/2015","Zappfresh","Raw Meat & Ready to eat food etailer","Unknown","Gurugram","Undisclosed Investors","Seed Funding","77000.0"
"2336","10/14/2015","GymTrekker","Gym Discovery platform","Unknown","Mumbai","Dewang Neralla,Roopak Taneja, Manisha Gupta","Seed Funding",""
"2337","10/15/2015","Bounty App","Online Purchase rewards app","Unknown","Bengaluru","Fireside Ventures, Mumbai Angels MAPE Advisory Group.","Seed Funding",""
"2338","10/16/2015","Homers.in","Home rental platform","Unknown","Gurugram","Devesh Rai G, Rajesh Aggarwal, Amitpal Bhutani","Seed Funding",""
"2339","10/16/2015","mShipper","Crowdsourced Delivery platform","Unknown","New Delhi","Vijai Laxmi","Seed Funding",""
"2340","10/16/2015","BolRealty","Real Estate Insights platform","Unknown","New Delhi","Manpreet Singh","Seed Funding",""
"2341","10/17/2015","S-Cube Futuretech","Structural & Civil Engg Service Automation","Unknown","Mumbai","Parampara Capital","Private Equity","1000000.0"
"2342","10/19/2015","LetsVenture","Startup Funding Marketplace","Unknown","Bengaluru","Accel Partners, Anupam Mittal & other marquee investors","Private Equity",""
"2343","10/19/2015","Citrus Payment","Payments Solution platform","Unknown","Mumbai","Sequoia Capital, Ascent Capital, eContext Asia, Beenos Asia","Private Equity","25000000.0"
"2344","10/19/2015","Holidify","Travel Destination Discovery platform","Unknown","New Delhi","Aarti Group","Seed Funding","100000.0"
"2345","10/20/2015","PrimaSeller","Order Fulfillment SAAS platform","Unknown","Bengaluru","Dr. Aniruddha Malpani Manish Gupta, M&S Partners & others","Seed Funding",""
"2346","10/20/2015","Opinio","Last Mile Delivery Service","Unknown","Bengaluru","Delhivery, Sands Capital and Accel Partners","Private Equity","7000000.0"
"2347","10/20/2015","Attune Technologies","Healthcare IT Solutions & services","Unknown","Chennai","Qualcomm Venture, Norwest Venture Partners","Private Equity","10000000.0"
"2348","10/20/2015","iChef.in","Gourmet Meals Delivery","Unknown","Mumbai","Springboard Ventures","Private Equity",""
"2349","10/21/2015","Jiyo Natural","Healthy Meals Food delivery platform","Unknown","Bengaluru","Indian Angel Network","Seed Funding",""
"2350","10/21/2015","AgentDesks","Real Estate Mobile CRM","Unknown","Unknown","Sierra Ventures, Cota Capital, Vegas Tech Fund","Seed Funding","2950000.0"
"2351","10/21/2015","White Owl Brewery","Micro-Brewery","Unknown","Mumbai","Arihant Patni, RAAY Global Investments","Private Equity","1530000.0"
"2352","10/21/2015","MealHopper","Home Made Food Marketplace","Unknown","Gurugram","Alok Bajpai, Rajnish Kumar, Amit Dey","Seed Funding","100000.0"
"2353","10/21/2015","Zenify.in","residential rental management platform","Unknown","Bengaluru","Atul Jalan, Shrikanth & Bharath","Seed Funding","640000.0"
"2354","10/21/2015","Stockal","Personalized Stock Intelligence Platform","Unknown","Bengaluru","R Natarajan, Mohan Alexander","Seed Funding",""
"2355","10/23/2015","Medd","Personal Diagnostic Mobile App","Unknown","Mumbai","Group of Angel investors","Seed Funding","150000.0"
"2356","10/23/2015","Leaping Caravan","Online food ordering & Delivery service","Unknown","Gurugram","Group of Angel investors","Seed Funding","150000.0"
"2357","10/23/2015","Frsh","Online food ordering & Delivery service","Unknown","Gurugram","Mumbai Angels, Mayank Bhangdia, Kae Capital","Private Equity","1000000.0"
"2358","10/23/2015","Qik Stay","Hotel Aggregator & booking platform","Unknown","New Delhi","ID Enablers Pvt Ltd","Seed Funding","250000.0"
"2359","10/26/2015","Parcelled","Online Logistics Platform","Unknown","Bengaluru","Delhivery","Private Equity","5000000.0"
"2360","10/26/2015","AlmaMapper","Online Student & Campus Social Networking platform","Unknown","Ahmedabad","Oswal Techno Ventures LLP","Seed Funding","400000.0"
"2361","10/26/2015","Flexing It","Professionals & Project Search Marketplace","Unknown","New Delhi","undisclosed private investors","Seed Funding","500000.0"
"2362","10/26/2015","Netmeds.com","Online Pharmacy","Unknown","Chennai","OrbiMed, Pradip Dadha Group","Private Equity","50000000.0"
"2363","10/26/2015","Razorpay","Online Payment Gateway","Unknown","Jaipur","Tiger Global Management, Matrix Partners","Private Equity","9000000.0"
"2364","10/27/2015","Jombay","Psychometric Test Online Software","Unknown","Pune","Ventureworks India","Private Equity",""
"2365","10/27/2015","Happitoo","Location based Nightlife recommendation Platform","Unknown","Mumbai","Unnamed investor","Seed Funding","77000.0"
"2366","10/27/2015","Care24","Professional Health Services Platform","Unknown","Mumbai","India Quotient","Seed Funding","350000.0"
"2367","10/27/2015","Roadrunnr","Hyperlocal Logistics Service","Unknown","Bengaluru","Sequoia Capital, Nexus Venture Partners","Private Equity","10000000.0"
"2368","10/27/2015","Simpli5d","Online user engagement platform","Unknown","Gurugram","Redcliffe Capital, YourNest Angel Fund","Private Equity",""
"2369","10/28/2015","ORIGA Leasing","Asset Financing platform","Unknown","Mumbai","ah! Ventures, 500 Startups & Other HNIs","Seed Funding","1100000.0"
"2370","10/28/2015","Smartivity.in","Virtual Reality activity based learning platform","Unknown","New Delhi","S Chand and Co Pvt Ltd","Seed Funding","200000.0"
"2371","10/28/2015","UrDoorStep","Online Grocery Store","Unknown","Bengaluru","Jupiter Capital","Private Equity",""
"2372","10/29/2015","Tavaga","Investment management platform","Unknown","Mumbai","Tracxn Syndicate","Seed Funding",""
"2373","10/29/2015","Moglix","Industrial Toons Marketplace","Unknown","Noida","Accel Partner, Jungle Ventures","Private Equity",""
"2374","10/29/2015","ZopHop","Public Commute helper App","Unknown","Mumbai","Amit Singhal, PK Gulati & others","Seed Funding","450000.0"
"2375","10/30/2015","Niki.ai","Artificial Intelligence Ecommerce Chatbot","Unknown","Bengaluru","Unilazer Ventures","Seed Funding",""
"2376","10/30/2015","Instavans","Truck Aggregator & Logistics service","Unknown","Bengaluru","Suresh Vaswani","Seed Funding",""
"2377","10/30/2015","LiftO","Ridesharing Mobile app","Unknown","Mumbai","Rajesh Bhatia, Dheeraj Mehta & Others","Seed Funding","130000.0"
"2378","10/30/2015","TinyOwl","Food Discovery & Delivery Mobile app","Unknown","Mumbai","Sequoia Capital, Matrix Partners","Private Equity","7500000.0"
"2379","10/30/2015","Toppr.com","Competitive exam learning platform","Unknown","Mumbai","InnoVen Capital","Private Equity","2000000.0"
"2380","10/30/2015","Kleeto","Document Digitization platform","Unknown","Gurugram","GREX","Seed Funding","230000.0"
"2381","10/30/2015","BeaconsTalk","proximity marketing & Mobile Advertising platform","Unknown","Mumbai","Puneet Bhatia & others","Seed Funding","80000.0"
"2382","10/31/2015","Jugnoo","Autorickshaw Aggregator & Booking platform","Unknown","Chandigarh","Paytm","Private Equity","10000000.0"
"2383","9/1/2015","TOFlo","FinTech Startup Incubation platform","Unknown","Mumbai","Tania Johny Palathinkal","Seed Funding","100000.0"
"2384","9/1/2015","FXMartIndia","Payment Services platform","Unknown","Chandigarh","Flipkart","Private Equity",""
"2385","9/1/2015","Stylecracker","Personalized Styling platform","Unknown","Mumbai","Group of HNI investors","Private Equity","1000000.0"
"2386","9/1/2015","Luxuryhues","Luxury goods Shopping Platform","Unknown","Gurugram","Reliance Capital","Private Equity","900000.0"
"2387","9/2/2015","HolaChef","Food Delivery Platform","Unknown","Mumbai","Ratan Tata","Private Equity",""
"2388","9/2/2015","Zivame","Online Lingerie Marketplace","Unknown","Bengaluru","Zodius Technology Fund, Khazanah Nasional Berhad","Private Equity","40000000.0"
"2389","9/2/2015","Capillary Tech","Cloud software solutions","Unknown","New Delhi","Warburg Pincus, Sequoia Capital, Norwest Venture Partners","Private Equity","45000000.0"
"2390","9/3/2015","Jobspire","Job Search Platform","Unknown","Bengaluru","Purvi Capital","Seed Funding","260000.0"
"2391","9/3/2015","MeraDoctor","Doctor consultancy Mobile App","Unknown","Mumbai","India Quotient & other investors","Seed Funding",""
"2392","9/3/2015","Vistaar Finance","Small Business Financing (NBFC)","Unknown","Bengaluru","WestBridge Capital, Omidyar Network, Elevar Equity, Saama Capital,\\xc2\\xa0 Lok Capital","Private Equity","40000000.0"
"2393","9/3/2015","HiJinny","Beauty & Wellness Services Marketplace","Unknown","Mumbai","CMYK Health Boutique Pvt Ltd & Other individual investors","Seed Funding",""
"2394","9/4/2015","Clapsnslaps","Online Movie Review Platform","Unknown","Mumbai","R M Picture Company Pvt. Ltd.","Seed Funding","150000.0"
"2395","9/4/2015","Blubox","ECommerce Brands\\xe2\\x80\\x99 Full Service Agency","Unknown","Mumbai","Ashish Jhalani","Seed Funding","100000.0"
"2396","9/4/2015","RoomCentral","Cloud-based Hotel Booking Platform","Unknown","Bengaluru","Karanpal Singh","Seed Funding","2000000.0"
"2397","9/7/2015","YouthKiAwaaz","Community Driven News/Views Platform","Unknown","New Delhi","Raghav Bahl, Ritu Kapur","Seed Funding","600000.0"
"2398","9/7/2015","Prozo","Study Material Marketplace","Unknown","New Delhi","Nalin Jain, Shomil Pant, Dinesh Kundu & others","Seed Funding","205000.0"
"2399","9/7/2015","Zomato","Restaurant Ratings & Reviews platform","Unknown","Gurugram","Temasek, Vy Capital","Private Equity","60000000.0"
"2400","9/7/2015","Sahayog Dairy","Dairy Based Product Manufacturer","Unknown","Bhopal","Acumen Fund","Private Equity","1800000.0"
"2401","9/8/2015","MockBank","Government Test Preparation platform","Unknown","Bengaluru","Blume Ventures","Seed Funding","400000.0"
"2402","9/8/2015","ReportBee","Smart Report Cards for Schools","Unknown","Chennai","India Educational Investment Fund","Seed Funding",""
"2403","9/8/2015","GuruG Learning","Teacher empowerment platform","Unknown","Bengaluru","India Educational Investment Fund","Seed Funding",""
"2404","9/10/2015","OnlineTyari","Multilingual Test Preparation Platform","Unknown","Gurugram","500 Startups, TV Mohandas Pai, Tandem Capital, Vikram Chachra, Aloke Bajpai","Private Equity","770000.0"
"2405","9/10/2015","IndustryBuying","Industrial Tools Marketplace","Unknown","New Delhi","Kalaari Capital, SAIF Partners, Beenextan investment fund","Private Equity","9200000.0"
"2406","9/10/2015","The/Nudge Foundation","Non Profit Organization to alleviate poverty","Unknown","Bengaluru","Nanadan Nilekani, InMobi, Paytm","Seed Funding","315000.0"
"2407","9/11/2015","FitMeIn","Gym & Fitness Studios Subscription platform","Unknown","New Delhi","Green House Ventures","Seed Funding","100000.0"
"2408","9/11/2015","Envoged","pre-used luxury item Marketplace","Unknown","Mumbai","Ankush Nijhawan, Manish Dhingra, Gaurav Bhatnagar","Seed Funding",""
"2409","9/11/2015","Zapyle","pre-used apparel shopping mobile app","Unknown","Bengaluru","Unknown","Seed Funding","1000000.0"
"2410","9/11/2015","Renomania","Home Design & D\\xc3\\xa9cor platform","Unknown","New Delhi","Subodh Gupta","Seed Funding",""
"2411","9/12/2015","CredR","Used Vehicles Marketplace","Unknown","Mumbai","Eight Road Ventures","Private Equity","15000000.0"
"2412","9/12/2015","YatraGenie","Online Bus & Cab ticketing platform","Unknown","Hyderabad","Ash Bhardwaj","Private Equity",""
"2413","9/14/2015","CanvasFlip","Mobile App testing platform","Unknown","Hyderabad","Bessemer Venture Partners","Seed Funding","1200000.0"
"2414","9/14/2015","Shadowfax","Hyperlocal Delivery Services","Unknown","Gurugram","Eight Roads Ventures","Private Equity","9000000.0"
"2415","9/14/2015","UE Life Sciences","Early Cancer Detection Solutions","Unknown","Unknown","Aarin Capital, Unitus Seed Fund","Private Equity","3000000.0"
"2416","9/14/2015","Ola Cabs","Cab rental Mobile app","Unknown","Bengaluru","Falcon Edge Capital, NY based Hedge Fund, Tiger Global, Softbank","Private Equity","225000000.0"
"2417","9/15/2015","Coverfox","Online Insurance Distribution Platform","Unknown","Mumbai","Cataraman Ventures","Private Equity","2000000.0"
"2418","9/15/2015","MoEngage","Mobile Marketing Automation Platform","Unknown","Bengaluru","Helion Venture Partners, Exfinity Ventures","Private Equity","4250000.0"
"2419","9/15/2015","Mubble","Prepaid Mobile Bill Manager App","Unknown","Bengaluru","Nandan Nilekani","Seed Funding",""
"2420","9/15/2015","Tea Trails","Chain of Tea Caf","Unknown","Mumbai","Anil Matai, Vikram Tandon, Shyam Sundar R & others","Seed Funding","1000000.0"
"2421","9/15/2015","Room on Call","Branded Budget Hotel Marketplace","Unknown","Noida","Payal Syal","Seed Funding","300000.0"
"2422","9/15/2015","FYNE","Home Fitting & Fixtures Marketplace","Unknown","Bengaluru","Sandeep Dama & Others","Seed Funding",""
"2423","9/16/2015","ChaiPoint","Food Subscription platform","Unknown","Bengaluru","Eight Roads Ventures","Private Equity","10000000.0"
"2424","9/16/2015","WedmeGood.com","Wedding Planning Platform","Unknown","Gurugram","Indian Angel Network","Seed Funding","410000.0"
"2425","9/16/2015","XSTOK","B2B Mobile Auction Marketplace","Unknown","Mumbai","Oliphans Capital","Seed Funding","450000.0"
"2426","9/17/2015","UniLog","ECommerce Data Analytics Platform","Unknown","Bengaluru","Kalaari Capital","Private Equity",""
"2427","9/17/2015","Paintcollar","Designer Merchandize Marketplace","Unknown","Mumbai","Applyifi","Seed Funding",""
"2428","9/17/2015","YepMe","Private label Fashion eTailer","Unknown","Gurugram","Khazanah Nasional Berhad, Helion Venture Partners","Private Equity","75000000.0"
"2429","9/17/2015","Bueno","Online Food ordering & delivery","Unknown","Gurugram","High Networth Individuals (No details)","Seed Funding","600000.0"
"2430","9/18/2015","Plabro","Real Estate Broker Platform App","Unknown","New Delhi","Sachin Bansal & Binny Bansal, Sol Primero, Outbox Ventures, Sangram Singh","Seed Funding","350000.0"
"2431","9/18/2015","CureJoy","Online Health & Wellness platform","Unknown","Bengaluru","Accel Partners, Subrata Mitra, Larry Braitman, Venk Krishna","Private Equity","1150000.0"
"2432","9/18/2015","Briston Technomach","Internet of Things platform","Unknown","New Delhi","Undisclosed","Seed Funding","150000.0"
"2433","9/18/2015","LabStreet","Diagnostic Labs aggregator platform","Unknown","Gurugram","Multiple investors","Seed Funding","150000.0"
"2434","9/19/2015","DailyNinja","Hyperlocal Delivery Platform","Unknown","Bengaluru","Aprameya Radhakrishna, Naman Sarawagi, Afsal Salu,","Seed Funding",""
"2435","9/21/2015","Portea Medical","Home Medical Care Services","Unknown","Bengaluru","Accel Partners, International Finance Corporation (IFC), Qualcomm Ventures, Ventureast","Private Equity","37500000.0"
"2436","9/21/2015","Neotrade Analytics","Real-Time stock data platform","Unknown","Bengaluru","Rainmatter","Seed Funding","235000.0"
"2437","9/21/2015","DishCo","Food discovery & table booking app","Unknown","Mumbai","Anand Mahindra, Uday Punj, Ashish Hemrajani, Sanjeev Mehra","Seed Funding",""
"2438","9/21/2015","LafaLafa","coupons and cashback aggregator app","Unknown","Mumbai","500 Startups","Seed Funding","125000.0"
"2439","9/21/2015","ConnectAbank","Financial Products lead generation platform","Unknown","Mumbai","Prakhar Bumb","Seed Funding",""
"2440","9/22/2015","VillFarm","Sustainable Agri-inputs Firm","Unknown","Bengaluru","Unitus Seed Fund, Rianta Capital, R Ramaraj, Sunil Edwards","Seed Funding",""
"2441","9/22/2015","Bestdealfinance","Financial Services Portal","Unknown","Mumbai","Kalaari Capital, YourNest Angel Fund","Private Equity","3000000.0"
"2442","9/22/2015","GameXS.in","Pre-owned games Marketplace","Unknown","New Delhi","Lead Angels","Seed Funding",""
"2443","9/22/2015","The Man Company","Content-based Subscription eCommerce platform","Unknown","New Delhi","Karan Bajwa, Amanpreet Bajaj, Manish Vij","Seed Funding",""
"2444","9/22/2015","Virtual Logic","virtual reality, 3d simulation and stereoscopic products","Unknown","Bengaluru","Swarnim Multiventures","Private Equity","800000.0"
"2445","9/22/2015","Furdo","Online Interior Designing platform","Unknown","Bengaluru","Bhavdeep Reddy","Seed Funding","400000.0"
"2446","9/22/2015","LogiNext","End-to-end Logistics platform","Unknown","Mumbai","Paytm","Private Equity","10000000.0"
"2447","9/22/2015","Korra","Private Label Apparel sales","Unknown","New Delhi","Asha Jadeja Motwani & Others","Seed Funding","300000.0"
"2448","9/23/2015","Credihealth","Healthcare Consulting platform","Unknown","Gurugram","Rajat Malhotra","Seed Funding",""
"2449","9/23/2015","Amigobulls","Stock Market Portal","Unknown","Bengaluru","Sharad Sharma, Vijay Anand, Mohandas Pai. Pallav Nadhani, Singapore Angels Network & others","Seed Funding",""
"2450","9/23/2015","SilverPush","Cross-device retargeting platform","Unknown","Gurugram","M&S Partners","Private Equity","1200000.0"
"2451","9/23/2015","Juggernaut","Digital & Physical Publishing platform","Unknown","New Delhi","William Bissell, Neeraj Aggarwal, Nandan Nilekani","Private Equity","2250000.0"
"2452","9/23/2015","InnerChef","Food Delivery Platform","Unknown","New Delhi","Phanindra Sama, Anupam Mittal, Vijay Shekhar Sharma, Vishal Gondal, Sateesh Andara & others","Private Equity","1750000.0"
"2453","9/24/2015","Quintype","Data Driven Publishing platform","Unknown","Bengaluru","Raghav Bahl","Private Equity","3300000.0"
"2454","9/24/2015","Capabiliti","Employee OnBoarding & Orientation platform","Unknown","Noida","500 Startups, Smile Multimedia, Kunal Bahl, Rohit Bansal, Girish Matrubootham","Seed Funding","400000.0"
"2455","9/24/2015","Fourth Partner Energy","Solar Power Solutions company","Unknown","Hyderabad","Infuse Ventures, The Chennai Angels","Private Equity","2000000.0"
"2456","9/24/2015","Licious","Online Meat Ordering platform","Unknown","Bengaluru","Kanwaljit Singh, TV Mohandas Pai","Seed Funding","1000000.0"
"2457","9/25/2015","TravelKhana","online meal-booking platform for train travelers","Unknown","New Delhi","Astarc Ventures & Others","Seed Funding",""
"2458","9/28/2015","Quickli","hyperlocal delivery platform","Unknown","New Delhi","500 Startups, Mato Peric & Others","Seed Funding",""
"2459","9/28/2015","Ola Cabs","Cab Booking app platform","Unknown","Bengaluru","Didi Kuaidi","Private Equity","30000000.0"
"2460","9/29/2015","Paytm","E-Commerce & M-Commerce platform","Unknown","New Delhi","Alibaba Group, Ant Financial","Private Equity","680000000.0"
"2461","9/29/2015","Inmobi","Mobile Advertising platform","Unknown","Bengaluru","Tennenbaum Capital Partners & Others","Private Equity","100000000.0"
"2462","9/29/2015","Peppertap","Hyperlocal Grocery Delivery","Unknown","Gurugram","Sequoia India, SAIF Partners.","Private Equity","36000000.0"
"2463","9/29/2015","Hugefly","Ecommerce Product recommendation platform","Unknown","Pune","Mayank Singhal and others","Seed Funding",""
"2464","9/29/2015","Brigge","Activity Based Social Network","Unknown","Chennai","The Chennai Angels","Seed Funding",""
"2465","9/29/2015","Zakoopi","Fashion Discovery platform","Unknown","New Delhi","Uniqorn Ventures","Seed Funding","350000.0"
"2466","9/29/2015","LoanCircle","Consumer lending marketplace","Unknown","Bengaluru","Zishaan Hayath, Rahul Khanna & Others","Seed Funding",""
"2467","9/30/2015","Infoworks","Big Data Management Platform","Unknown","Bengaluru","Nexus Venture Partners, Knoll Ventures and others","Private Equity","5000000.0"
"2468","9/30/2015","RedDoorz","Budget Accommodation Platform","Unknown","Noida","Jungle Ventures","Seed Funding","1000000.0"
"2469","9/30/2015","FirstTouch","Local Mobile OS","Unknown","Gurugram","Kunal Bahl, Rohit Bansal, Pranay Chulet, Naveen Tiwari, Amit Gupta, Mayank Singhal","Seed Funding",""
"2470","9/30/2015","Eywa Media","Digital Signal processing platform","Unknown","Bengaluru","ah! Ventures, Viktor Koenig PE Fund, Mantra Ventures","Seed Funding","1000000.0"
"2471","8/1/2015","Snapdeal","Ecommerce Marketplace","Unknown","New Delhi","Alibaba, Foxconn, Softbank","Private Equity","500000000.0"
"2472","8/1/2015","Ressy","Restaurant Discount app","Unknown","Pune","Mohandas Pai & others","Seed Funding","400000.0"
"2473","8/3/2015","Cuelearn","Tech-enabled learning","Unknown","New Delhi","Alok Mittal","Seed Funding",""
"2474","8/3/2015","Connect India","ECommerce Logistics provider","Unknown","New Delhi","Aavishkaar","Private Equity","5000000.0"
"2475","8/3/2015","The Home Salon","on-demand home beauty and wellness portal","Unknown","Mumbai","VentureNursery","Seed Funding",""
"2476","8/3/2015","Jusride","Self Driven Car rental","Unknown","Mumbai","Alok Mittal, Zeeshan Hayat, Niraj Singh, Nikunj Jain, Anirudh Damani, Punit Goyal","Seed Funding",""
"2477","8/3/2015","Oyorooms","Budget Hotel accommodation brand","Unknown","New Delhi","SoftBank Group, Greenoaks Capital, Sequoia Capital,\\xc2\\xa0 Lightspeed India","Private Equity","100000000.0"
"2478","8/3/2015","Glowship","Energy & Environment Online Marketplace","Unknown","Bengaluru","Infuse Ventures","Seed Funding",""
"2479","8/3/2015","Wizrocket","User Engagment & Analytics platform","Unknown","Mumbai","Sequoia Capital, Accel Partners","Private Equity","9600000.0"
"2480","8/4/2015","Pickingo","On-Demand Delivery Logistics","Unknown","New Delhi","Orios Venture Partners, Zishaan Hayath","Private Equity","1300000.0"
"2481","8/5/2015","Grex","fund raising platform for startups","Unknown","Pune","Kunal Bajaj, Chandru Badrinarayanan","Seed Funding","650000.0"
"2482","8/5/2015","LetsTransport","Logistics Tech Platform","Unknown","Bengaluru","Rebright Partners, Ankush Nijhawan, Gaurav Bhatnagar, Manish Dhingra","Seed Funding","1300000.0"
"2483","8/5/2015","Zo Rooms","Online budget hotel chain","Unknown","New Delhi","Tiger Global Management, Orios Venture Partners","Private Equity","30000000.0"
"2484","8/5/2015","Doormint","Hyperlocal Handyman services","Unknown","Mumbai","Helion Venture Partners, Kalaari Capital","Private Equity","3000000.0"
"2485","8/5/2015","NightStay","hotel booking app","Unknown","Noida","BedRock Ventures, Rajesh Sawhney, Shailesh Singh","Seed Funding","500000.0"
"2486","8/5/2015","Zocalo","Rental Accomodation finder","Unknown","New Delhi","Sachin Bhatia, Rajesh Sawhney","Seed Funding",""
"2487","8/5/2015","Sunday Realty Solutions","Tech Platform for property brokers","Unknown","Mumbai","Ramesh Jogani, Shailesh Viswanathan, Jay Srinivasan","Seed Funding","785000.0"
"2488","8/6/2015","Klozee","Luxury Apparel rental","Unknown","Bengaluru","Tracxn Labs","Seed Funding",""
"2489","8/6/2015","Appvigil","App security\\xc2\\xa0 testing platform","Unknown","Mumbai","Ravi Gururaj, Gaurav Sharma, Viswanath Ramachandran, RippleWave","Seed Funding","500000.0"
"2490","8/6/2015","practo","Doctor Appointment booking app","Unknown","Bengaluru","Sofina, Google Capital, Altimeter Capital, Sequoia Capital Global Equities, Yuri Milner, Sequoia Capital, Matrix Partners","Private Equity","90000000.0"
"2491","8/6/2015","LoudShout","anonymous bulletin board app","Unknown","New Delhi","Sanjay Sethi, Ravi Jaipuria & others","Seed Funding",""
"2492","8/6/2015","Wetravelsolo","Travel community platform","Unknown","New Delhi","CCube Angels, Frontline Strategy","Seed Funding",""
"2493","8/6/2015","Ketto","Crowd funding platform","Unknown","Mumbai","Chennai Angels, Calcutta Angels, ah! Ventures, Intellecap Impact Investment Network, Indus Age Partners, Singapore Angel Network, India Internet Fund, LetsVenture","Seed Funding","700000.0"
"2494","8/6/2015","Ezetap","Mobile based PoS solution","Unknown","Bengaluru","Horizons Ventures, Capricorn Investment Group, Social+Capital, Helion Advisors, Berggruen Holdings","Private Equity","25000000.0"
"2495","8/6/2015","NDTV ecommerce venture","Car & Bike ecommerce platform","Unknown","Mumbai","Inflexionpoint, Pramod Bhasin, Sixth Sense Ventures, Vindi Banga, Hiro Mashita","Private Equity",""
"2496","8/7/2015","Carl\\xe2\\x80\\x99s Jr","Fast food Chain Franchisee","Unknown","Gurugram","YouWeCan Ventures","Seed Funding","630000.0"
"2497","8/7/2015","EasyRewardz","Loyalty Programs & Reward Points","Unknown","Mumbai","Wealth First, Ashneer Grover, Atul Phadnis","Private Equity","500000.0"
"2498","8/7/2015","GIBSS","Energy saving solutions provider","Unknown","Mumbai","responsAbility Investments, Infuse Ventures","Private Equity",""
"2499","8/7/2015","StoreMore.in","Self-Storage Spaces","Unknown","Noida","Bedrock Ventures","Seed Funding",""
"2500","8/7/2015","iOrderFresh","Grocery retail Mobile app","Unknown","New Delhi","Best Foodworks","Seed Funding",""
"2501","8/10/2015","MyTaxiIndia","Taxi Rental platform","Unknown","Gurugram","Nihon Kotsu,","Private Equity","500000.0"
"2502","8/10/2015","eSadar","E-Commerce","Unknown","New Delhi","Neha Vats, Gaurav Vats","Seed Funding","80000.0"
"2503","8/10/2015","Actionable Analytics","Machine Learning Platform","Unknown","New Delhi","B M Gupta, Vinod Singhal","Seed Funding",""
"2504","8/10/2015","MyPoolin","mobile social network","Unknown","New Delhi","QPrize from Qualcomm Ventures","Seed Funding","250000.0"
"2505","8/10/2015","NearBuy (previously\\xc2\\xa0 groupon India)","Hyper-Local Ecommerce","Unknown","New Delhi","Sequoia Capital","Private Equity","16000000.0"
"2506","8/10/2015","Inkmonk","Online printing marketplace","Unknown","Chennai","Girish Mathrubootham, Phanindra Sama, Vikram Chachra, Others from LetsVenture","Seed Funding","250000.0"
"2507","8/10/2015","ToneTag","mobile payment software platform","Unknown","Bengaluru","Reliance Capital Venture","Private Equity","1000000.0"
"2508","8/10/2015","Grey Orange","Automated Storage & Warehousing Solution","Unknown","Gurugram","Tiger Global Management","Private Equity","30000000.0"
"2509","8/11/2015","Livspace","Home Design & solutions","Unknown","Bengaluru","Helion Ventures, Jungle Ventures & Bessemer Venture Partners","Private Equity","8000000.0"
"2510","8/11/2015","WOW! MOMO","Quick Service Restaurant Chain","Unknown","Kolkata","Indian Angel Network","Seed Funding","1600000.0"
"2511","8/11/2015","RainCan","Subscription based Online Grocery platform","Unknown","Pune","Ajeet Khurana & Others","Seed Funding","100000.0"
"2512","8/11/2015","Allygrow Technologies","engineering services company","Unknown","Mumbai","Zodius Technology Fund","Private Equity","20000000.0"
"2513","8/11/2015","Infogain","Business and IT consulting","Unknown","New Delhi","ChrysCapital","Private Equity","63000000.0"
"2514","8/12/2015","OneAssist","Credit Card Fraud protection solutions","Unknown","Mumbai","Sequoia Capital, Lightspeed Ventures","Private Equity","7500000.0"
"2515","8/12/2015","BigBasket","Online & mobile Grocery store","Unknown","Bengaluru","Bessemer Venture Partners","Private Equity","50000000.0"
"2516","8/12/2015","Sheroes","Career Community for Women","Unknown","Noida","Quintillion Media, 500 Startups","Seed Funding","770000.0"
"2517","8/12/2015","Scripbox","Mutual Fund Investing platform","Unknown","Bengaluru","Accel Partners, Deep Kalra, Rajesh Magow, Mohit Gupta, Shamik Sharma","Private Equity","2500000.0"
"2518","8/13/2015","etaout","Ecommerce Marketing Software Platform","Unknown","Noida","Amit Ranjan, Vijay Shekhar Sharma, Kunal Bahl, Girish Mathrubootham &\\xc2\\xa0 Group of other Angel investors","Seed Funding","500000.0"
"2519","8/13/2015","IFMR Holdings","Financial Inclusion platform","Unknown","Chennai","Accion, LeapFrog Investments, Lok Capital","Private Equity","25000000.0"
"2520","8/13/2015","Massblurb","Digital Marketing automation solution","Unknown","Mumbai","LetsVenture, Mumbai Angels","Seed Funding",""
"2521","8/13/2015","Agrostar","Mobile Commerce for Farmers","Unknown","Pune","IDG Ventures","Private Equity","4000000.0"
"2522","8/14/2015","VoxWeb","Picture based Social App","Unknown","Mumbai","Jitendra Gupta & others","Seed Funding","100000.0"
"2523","8/14/2015","Trukky","Logistics service platform","Unknown","Ahmedabad","Gujarat based angel investors, MMY co-Founder","Seed Funding","245000.0"
"2524","8/14/2015","VanityCube","On-Demand Beauty Services","Unknown","New Delhi","Group of angel investors","Seed Funding",""
"2525","8/17/2015","Edu4Share","Exam Preparation Platform","Unknown","New Delhi","Nalin Jain & other angel investors","Seed Funding","220000.0"
"2526","8/17/2015","YourStory","Startup Focused Online Publisher","Unknown","Mumbai","Ratan Tata, Vani Kola, T V Mohandas Pai, Karthee Madasamay","Seed Funding",""
"2527","8/17/2015","Sampurnearth","Waste Management Solutions","Unknown","Mumbai","Intellecap Impact Investment Network, family office fund","Seed Funding","160000.0"
"2528","8/17/2015","Orobind","App based Fitness coaching","Unknown","Bengaluru","Existing & New Investors","Private Equity",""
"2529","8/17/2015","Fixy","On demand cleaning & fixing services","Unknown","Mumbai","VentureNursery","Seed Funding",""
"2530","8/17/2015","MSM Box","Beauty & Lifestyle platform","Unknown","New Delhi","Rohit Goel","Seed Funding",""
"2531","8/17/2015","ShadowFax","on-demand delivery service","Unknown","Gurugram","Kunal Bahl, Rohit Bansal, Zishaan Hayath, Prashant Malik","Seed Funding","310000.0"
"2532","8/17/2015","Gadgets 360","Car & Bike ecommerce platform","Unknown","New Delhi","One97 Communications","Private Equity",""
"2533","8/18/2015","Roposo","Fashion Discovery platform","Unknown","Gurugram","Tiger Global","Private Equity","15000000.0"
"2534","8/18/2015","IntelligenceNODE","Data Analytics Platform","Unknown","Mumbai","New Enterprise Associates, Orios Venture Partners","Private Equity","4200000.0"
"2535","8/18/2015","HyperVerge","Deep Learning Cloud Algorithms","Unknown","Chennai","NEA, Milliways Ventures, Naya Ventures","Seed Funding","1000000.0"
"2536","8/18/2015","Twyst","Location based engagement & rewards platform","Unknown","Gurugram","Rohit Bhatia, Sunil Nikhar, Vaibhav Domkundwar, Siddharth Nautiyal","Seed Funding",""
"2537","8/18/2015","IDfy","Online Identity Verification Services platform","Unknown","Mumbai","NEA, Blume Ventures & others","Private Equity",""
"2538","8/18/2015","Zoojoo.be","Corporate Wellness App","Unknown","Bengaluru","RoundGlass Partners","Private Equity","1000000.0"
"2539","8/19/2015","Fashionove","Fashion Search & Review Platform","Unknown","Kolkata","Umesh Yadav","Seed Funding",""
"2540","8/19/2015","TimeSaverz","Hyperlocal Maintenance, Repair & Cleaning services","Unknown","Mumbai","Unilazer Ventures","Private Equity","2400000.0"
"2541","8/19/2015","Envoged","pre-owned Luxury online apparel seller","Unknown","Mumbai","Manish Dhingra, Ankush Nijhawa, Gaurav Bhatnagar","Seed Funding",""
"2542","8/19/2015","MebelKart","Online Furniture Marketplace","Unknown","Bengaluru","AskMe","Private Equity","20000000.0"
"2543","8/20/2015","LabsAdvisor","Online Diagnostic Tests Marketplace","Unknown","New Delhi","Group of Angel Investors","Seed Funding","156000.0"
"2544","8/20/2015","Flatpebble","Online marketplace for Photographers","Unknown","Hyderabad","Indian Angel Network","Seed Funding","600000.0"
"2545","8/20/2015","Bluegape.com","Visual Blogging platform","Unknown","New Delhi","ah! Ventures, Times Internet, Rudy Gopalakrishnan","Seed Funding","600000.0"
"2546","8/21/2015","ePoise","Job Search Platform","Unknown","Bengaluru","Orios Venture Partners, Amit Ranjan & others","Seed Funding","500000.0"
"2547","8/24/2015","Jolly Food Fellow","Food Customer analytics platform","Unknown","Ahmedabad","The 1947","Seed Funding","300000.0"
"2548","8/24/2015","BookMeIn","Professional Service Appointment booking service","Unknown","Mumbai","Ajmera Group of Companies","Seed Funding","400000.0"
"2549","8/24/2015","iZofy","Scientific Horoscope Online Assistance platform","Unknown","Kolkata","Prime Capital Markets Ltd","Seed Funding",""
"2550","8/24/2015","rBus","Tech enabled AC bus service","Unknown","Mumbai","India Quotient, Anupam Mittal & others","Seed Funding",""
"2551","8/25/2015","Qyk App","On-Demand App based Professional service provider","Unknown","Bengaluru","GrowX ventures, Tracxn Labs, Powai Lake Ventures, and Sahil Barua","Private Equity","1000000.0"
"2552","8/25/2015","EazyDiner","Restaurant Reservation Platform","Unknown","Gurugram","DSG Consumer Partners, Saama Capital","Private Equity","3000000.0"
"2553","8/25/2015","RevX","Cross-channel CRM platform","Unknown","Mumbai","Norwest Venture Partners, Nexus Venture Partners, Helion Venture Partners, Draper Fisher Jurvetson, Peepul Capital","Private Equity","4000000.0"
"2554","8/25/2015","ICustomMadeIt","Professional Custom creators Marketplace","Unknown","Pune","Group of Angel Investors","Seed Funding","250000.0"
"2555","8/26/2015","PickMyLaundry","on-Demand Washing & Dry-Cleaning","Unknown","New Delhi","GHV Accelerator","Seed Funding","100000.0"
"2556","8/26/2015","Belita","On-Demand Beauty Service","Unknown","Mumbai","India Quotient, LetsVenture investors, Lead Angels","Seed Funding","400000.0"
"2557","8/26/2015","EzySolare","solar products and services marketplace","Unknown","Ahmedabad","Infuse Ventures","Seed Funding",""
"2558","8/26/2015","FoodTalkIndia","Online Food Community Platform","Unknown","Gurugram","Undisclosed Investor","Seed Funding","500000.0"
"2559","8/27/2015","InstaSafe","Private Cloud Networks SAAS platform","Unknown","Bengaluru","Group of Investors","Seed Funding",""
"2560","8/27/2015","Eazy Coach","Education Marketplace","Unknown","Kolkata","Ravi Agarwal","Seed Funding",""
"2561","8/27/2015","Djubo.com","Cloud Based Hotel Sales Platform","Unknown","New Delhi","Ibibo Group","Private Equity",""
"2562","8/28/2015","BetterButter.in","online recipe sharing platform","Unknown","New Delhi","Growx Ventures, Manish Singhal","Seed Funding",""
"2563","8/28/2015","Vyomo","Beauty & Lifestyle Mobile Marketplace","Unknown","Bengaluru","Rocket Internet","Private Equity","2000000.0"
"2564","8/28/2015","RollMafia","QSR Restaurant Chain","Unknown","Pune","Equentia Natural Resources","Seed Funding","160000.0"
"2565","8/29/2015","iamwire","Digital Media publishing platform","Unknown","Gurugram","Li Tao, Li Jian, Draphant Consultants, Nitin Garg, Saurabh Jain, Mohit Agarwal","Seed Funding",""
"2566","8/31/2015","DropKaffe","Online Coffee Delivery platform","Unknown","Bengaluru","Manish Singhal, P39 Capital & Others","Seed Funding","300000.0"
"2567","8/31/2015","Reverie","Language Localization Cloud platform","Unknown","Bengaluru","Aspada Investment Advisors, Qualcomm Ventures","Private Equity","4000000.0"
"2568","8/31/2015","Infinite Analytics","Big Data & predictive Analysis Platform","Unknown","Mumbai","Ratan Tata, Nikhil Vora & others","Private Equity",""
"2569","7/1/2015","Parcelled","Online Logistics Platform","Unknown","Bengaluru","Delhivery, Tracxn Labs","Seed Funding",""
"2570","7/1/2015","Retigence Technologies","Business IT Intelligence Services","Unknown","Mumbai","Omnivore Partners","Private Equity",""
"2571","7/1/2015","Cloudcherry Analytics","CRM / Analytics platform","Unknown","Chennai","The Chennai Angels, IDG Ventures India","Seed Funding","1000000.0"
"2572","7/1/2015","HandyHome","Hyperlocal Electronics repair Service","Unknown","Mumbai","Bessemer Ventures, Kae Capital","Seed Funding","630000.0"
"2573","7/1/2015","iDreamCareer","EdTech","Unknown","New Delhi","ah! Ventures, Vivek Joshi, Mohit Satyanand & others","Seed Funding",""
"2574","7/1/2015","Ola Cabs","Cab rental Mobile app","Unknown","Bengaluru","Ratan Tata","Private Equity",""
"2575","7/1/2015","NxtGen","IT infrastructure & Data Center services","Unknown","Bengaluru","IFC, Axon Partners, Intel Capital","Private Equity","13500000.0"
"2576","7/2/2015","BankBazaar","Online Financial Services","Unknown","Chennai","Amazon, Fidelity Growth Partners, Mousse Partners","Private Equity","60000000.0"
"2577","7/2/2015","Gozoomo","Used Car Marketplace","Unknown","Bengaluru","SAIF Partners","Private Equity","5000000.0"
"2578","7/2/2015","Zenatix","Internet of Things platform","Unknown","Gurugram","Rajan Anandan, Kunal Bahl, Rohit Bansal, Rahul Khanna","Seed Funding","161000.0"
"2579","7/3/2015","CultureAlley","Language Learning App","Unknown","Jaipur","Tiger Global","Private Equity","6500000.0"
"2580","7/3/2015","Goqii","Mobile Fitness Marketplace","Unknown","Mumbai","Vijay Shekhar Sharma","Private Equity",""
"2581","7/3/2015","Gingercrush","Custom Merchandize platform","Unknown","Ahmedabad","Gokul Jaykrishna, Brand Capital","Seed Funding","1000000.0"
"2582","7/4/2015","Elanic","P2P Pre-owned goods marketplace","Unknown","Bengaluru","Rebright Partners, Tracxn Labs, Aneesh Reddy","Seed Funding",""
"2583","7/4/2015","Stitchwood","Custom Furniture Marketplace","Unknown","Mumbai","Powai Lake Ventures, Ajeet Khurana & others","Seed Funding","395000.0"
"2584","7/5/2015","Urban Tailor","Online Tailoring Services","Unknown","Bengaluru","Group of angel investors","Seed Funding",""
"2585","7/6/2015","ConfirmtTkt","Rail Ticket Confirmation predictor","Unknown","Bengaluru","Pravin Agarwala & others","Seed Funding",""
"2586","7/6/2015","Paper Boat","Ethnic Beverages manufacturer","Unknown","Gurugram","Sofina, Hillhouse Capital","Private Equity","30000000.0"
"2587","7/6/2015","getNow","Hyperlocal Goods marketplace","Unknown","Nagpur","Atulya Mittal","Seed Funding",""
"2588","7/7/2015","Wudstay","Budget Accommodation aggregator","Unknown","Gurugram","Mangroves Capital Partners, Vikas Saxena","Private Equity","3000000.0"
"2589","7/7/2015","Liases Foras","Real Estate Rating & Analysis","Unknown","New Delhi","DMG information Asia Pacific","Private Equity","5000000.0"
"2590","7/7/2015","Eatlo","Food Delivery platform","Unknown","Bengaluru","Powai Lake Ventures, Globeinvestor, Abhishekh Goyal","Seed Funding",""
"2591","7/7/2015","IndiaLends","FinTech","Unknown","New Delhi","DSG Consumer Partners, Siddharth Parekh","Private Equity",""
"2592","7/8/2015","Quinto","Food Discovery App","Unknown","Pune","Jaydeep Barman","Seed Funding",""
"2593","7/8/2015","Saavn","Music Streaming App","Unknown","Mumbai","Tiger Global Management, Bertelsmann India, Steadview Capital, Liberty Media, Mousse Partners, Quilvest","Private Equity","100000000.0"
"2594","7/8/2015","Flytxt","Big Data & Analytics platform","Unknown","Mumbai","Sunrise Capital GmBH, Big Data Investments B.V","Private Equity","11000000.0"
"2595","7/8/2015","Axtria","Big Data & Analytics platform","Unknown","Unknown","Helion Venture Partners,Amarpreet Sawhney, Deshpande Foundation, Fred Khosravi, Richard S. Braddock","Private Equity","30000000.0"
"2596","7/8/2015","33Coupons","Coupon Aggregator Platform","Unknown","Kanpur","Not Disclosed","Seed Funding","20000.0"
"2597","7/8/2015","Ampere","Electric Scooter manufacturer","Unknown","Coimbatore","Ratan Tata","Seed Funding",""
"2598","7/8/2015","Hopping Chef","Online Food-Tech Platform","Unknown","Mumbai","Mirah Hospitality","Seed Funding","470000.0"
"2599","7/8/2015","Collectabillia","Celebrity Fashion Brand","Unknown","Bengaluru","Accel Partners","Private Equity","7500000.0"
"2600","7/8/2015","Lendingkart","Online Finance lending platform","Unknown","Ahmedabad","Saama Capital, Mayfield, Ashvin Chadha, Shailesh Mehta","Private Equity","10000000.0"
"2601","7/8/2015","Lybrate","Healthcare Mobile App","Unknown","New Delhi","Tiger Global Management, Ratan Tata, Nexus Venture Partners","Private Equity","10200000.0"
"2602","7/8/2015","Zoomcar","Self-driven vehicle rental","Unknown","Bengaluru","Sequoia Capital, Empire Angels, NGP","Private Equity","11000000.0"
"2603","7/9/2015","\\xc2\\xa0News in shorts","News Aggregator mobile app","Unknown","Noida","\\xc2\\xa0Tiger Global","Private Equity","20000000.0"
"2604","7/9/2015","\\xc2\\xa0Bluestone","Online Jewellery Store","Unknown","Bengaluru","\\xc2\\xa0IvyCap Ventures, Accel Partners, Dragoneer Investment Group","Private Equity","16200000.0"
"2605","7/9/2015","\\xc2\\xa0Shopsity","Fashion Info Aggregator App","Unknown","Gurugram","\\xc2\\xa0 Sandeep Aggarwal, Teruhide Sato","Seed Funding",""
"2606","7/9/2015","\\xc2\\xa0Notesgen","Online Study Notes Marketplace","Unknown","New Delhi","\\xc2\\xa0Rajeev Saraf, Arvind Jha, R. Satya Narayanan","Seed Funding",""
"2607","7/10/2015","\\xc2\\xa0Infinity Assurance","Warranty Programs Service Administration","Unknown","New Delhi","\\xc2\\xa0Indian Angel Network","Seed Funding","600000.0"
"2608","7/10/2015","\\xc2\\xa0Footprints Education","Pre-School Chain","Unknown","Gurugram","\\xc2\\xa0LetsVenture, Kumar Bansal, Kshitij Jain","Seed Funding","685000.0"
"2609","7/10/2015","\\xc2\\xa0Loylty Rewards","Premium Loyalty Rewards Point Management","Unknown","Mumbai","\\xc2\\xa0IndianIdeas.com","Private Equity","19350000.0"
"2610","7/13/2015","\\xc2\\xa0Ameyo","Contact Center Software Platform","Unknown","Gurugram","\\xc2\\xa0Forum Synergies PE Fund","Private Equity","5000000.0"
"2611","7/13/2015","\\xc2\\xa0Mamagoto","Casual Dining restaurant Chain","Unknown","New Delhi","\\xc2\\xa0Goldman Sachs","Private Equity","10000000.0"
"2612","7/13/2015","\\xc2\\xa0Satvacart","Online Grocery Delivery","Unknown","Gurugram","\\xc2\\xa0Palaash Ventures","Seed Funding",""
"2613","7/14/2015","MySmartPrice","Online comparison engine","Unknown","Hyderabad","Accel Partners, Helion Venture Partners","Private Equity","10000000.0"
"2614","7/14/2015","Zenify","Residential Rental management platform","Unknown","Bengaluru","Atul Jalan","Seed Funding",""
"2615","7/14/2015","Boxmyspace","Physical Storage warehouses","Unknown","Mumbai","Ritesh Veera, Singapore Angel Network, Orios Venture Partners,","Seed Funding","300000.0"
"2616","7/14/2015","HackerRank","Tech Recruitment platform","Unknown","Bengaluru","HR Technology fund","Private Equity","7500000.0"
"2617","7/14/2015","WickedRide","Bike Rental Platform","Unknown","Bengaluru","Undisclosed","Seed Funding","790000.0"
"2618","7/14/2015","WoWexpress","Tech enabled logistics platform","Unknown","Mumbai","Tamarind Family Private Trust","Seed Funding","500000.0"
"2619","7/15/2015","Oyo Rooms","Budget Hotel Accommodation","Unknown","Gurugram","Softbank, Sequoia Capital","Private Equity","100000000.0"
"2620","7/15/2015","Mobikon","Restaurant customer engagement platform","Unknown","Pune","Jungle Ventures","Private Equity","2300000.0"
"2621","7/15/2015","InstaLively.com","Live video streaming app","Unknown","New Delhi","Anupam Mittal, Anand Chandrasekaran, Uday Shankar, Chetan Bhagat","Seed Funding",""
"2622","7/15/2015","Roadrunnr","Hyper local logistics platform","Unknown","Bengaluru","Sequoia Capital, Nexus Venture Partners, Blume Ventures","Private Equity","11000000.0"
"2623","7/16/2015","Ketto","Crowd Funding Platform","Unknown","Mumbai","Pradyumna Dalmia, Sudhir Rao & Others","Seed Funding","700000.0"
"2624","7/17/2015","QuikWallet","F&B sector Mobile Payment platform","Unknown","Mumbai","Snow Leopard Technology Ventures","Private Equity","1600000.0"
"2625","7/17/2015","Omnikart","Industrial Supplies B2B ecommerce","Unknown","Mumbai","Sumit Gandhi, Manish Gandhi","Seed Funding","100000.0"
"2626","7/20/2015","Zo Rooms","Online budget hotel chain","Unknown","New Delhi","Tiger Global, Orios Venture Partners.","Private Equity","15000000.0"
"2627","7/20/2015","Innoviti","Payment Solutions platform","Unknown","Bengaluru","Catamaran Ventures, New India Investment Corporation","Private Equity","4850000.0"
"2628","7/21/2015","ZenRadius","Online Hiring Platform","Unknown","Bengaluru","Tracxn Labs, Deepak Singh","Seed Funding",""
"2629","7/21/2015","Joy by nature","Organic Food ecommerce","Unknown","New Delhi","Mumbai Angels, Vriddhi Fund, Others","Private Equity","1000000.0"
"2630","7/22/2015","Iqlect","Big Data & Analytics platform","Unknown","Bengaluru","Exfinity Venture Partners","Private Equity","2000000.0"
"2631","7/22/2015","deGustibus","Fine Dining Restaurant Chain","Unknown","Mumbai","India Value Fund Advisors","Private Equity","30000000.0"
"2632","7/23/2015","Nestaway","Luxury Rental Homes","Unknown","Bengaluru","Flipkart, Tiger Global","Private Equity","12750000.0"
"2633","7/23/2015","Mswipe","Mobile Point of Sale payment solution","Unknown","Unknown","Falcon Edge Capital, Meru Capital, Ola, Matrix Partners, DSG Consumer Partners, Axis Bank","Private Equity","25000000.0"
"2634","7/23/2015","Myonsto","Online Grocers","Unknown","Ahmedabad","Jayant Bokadia","Seed Funding","320000.0"
"2635","7/23/2015","iCrushiFlush","Casual Dating App","Unknown","Mumbai","IDG Ventures India","Seed Funding",""
"2636","7/23/2015","MedGenome","Clinical Genomics Provider","Unknown","Bengaluru","Sequoia Capital","Private Equity","20000000.0"
"2637","7/23/2015","HolidayIQ","Travel information portal","Unknown","Bengaluru","MakeMyTrip","Private Equity","15000000.0"
"2638","7/23/2015","Fitternity","Fitness Marketplace","Unknown","Mumbai","Exfinity Venture Partners","Private Equity","1000000.0"
"2639","7/23/2015","Quikr","Online & Mobile classified listings","Unknown","Mumbai","AB Kinnevik, Falcon Edge Capital, Coatue Management","Private Equity","60000000.0"
"2640","7/23/2015","JetSetGo","Private Jet/ Helicopter Marketplace","Unknown","New Delhi","YourWeCan Ventures","Seed Funding",""
"2641","7/24/2015","BroEx","Real Estate Broker network App","Unknown","Gurugram","Lightspeed India","Private Equity","1000000.0"
"2642","7/25/2015","Shopatplaces","Ethnic/ Traditional Fashion Store","Unknown","New Delhi","Indian Angel Network","Seed Funding",""
"2643","7/25/2015","CredR","Used Bikes Marketplace","Unknown","Mumbai","Fidelity Growth Partners","Private Equity","15000000.0"
"2644","7/27/2015","ManageMySpa","Spa & Salon Management Software","Unknown","Hyderabad","Accel Partners","Private Equity","6000000.0"
"2645","7/27/2015","Townrush","B2B logistics delivery platform","Unknown","Bengaluru","Lightspeed Venture Partners","Seed Funding",""
"2646","7/27/2015","Locus","Logistics Automation Platform","Unknown","Bengaluru","growX ventures,\\xc2\\xa0 Manish Singhal","Seed Funding",""
"2647","7/27/2015","Bevy","Online Hiring Platform","Unknown","Bengaluru","Varun Agarwal & Others","Seed Funding",""
"2648","7/28/2015","Pepperfry","Online home d\\xc3\\xa9cor marketplace","Unknown","Mumbai","Goldman Sachs, Zodius Technology Fund, Bertelsmann India Investments Norwest Venture Partners.","Private Equity","100000000.0"
"2649","7/28/2015","Flipkart.com","Online Marketplace","Unknown","Bengaluru","Steadview Capital and existing investors","Private Equity","700000000.0"
"2650","7/28/2015","Opinio","Hyperlocal food & grocery store","Unknown","Bengaluru","Accel Partners, Traxcn Labs & Others","Seed Funding","1300000.0"
"2651","7/28/2015","Zoctr","Health-Tech platform","Unknown","Mumbai","Sandeep Parwal, Krishan Gupta & Others","Seed Funding","1000000.0"
"2652","7/29/2015","Zimmber","Hyperlocal Handyman Services","Unknown","Mumbai","IDG Ventures India, Omidyar Network, Sherpalo Ventures,\\xc2\\xa0 Mohandas Pai","Private Equity","2000000.0"
"2653","7/29/2015","trueHb","Medical Tech Instruments","Unknown","New Delhi","Sachin and Binny Bansal, Malvinder and Shivinder Singh, Gurpreet Singh & others","Seed Funding","2400000.0"
"2654","7/29/2015","Zovi.com / Little App","Hyperlocal Deals Marketplace","Unknown","Bengaluru","Paytm, SAIF Partners,\\xc2\\xa0 Tiger Global Management & others","Private Equity","50000000.0"
"2655","7/29/2015","Swajal","Innovative Water Solutions","Unknown","Gurugram","Abhishek Gupta","Private Equity","1200000.0"
"2656","7/30/2015","Pipa Bella","Online Jewelry Store","Unknown","Mumbai","LionRock Capital","Private Equity","600000.0"
"2657","7/30/2015","Pragmatix","Business intelligence & Analytics","Unknown","Mumbai","SIDBI Venture Capital Ltd","Private Equity","2400000.0"
"2658","7/30/2015","Droom.in","Used Vehicle Marketplace","Unknown","New Delhi","Lightbox Ventures, Beenos","Private Equity","16000000.0"
"2659","7/30/2015","MadRat Games","Educational Board Games","Unknown","Bengaluru","Kunal Bahl, Rohit Bansal","Seed Funding","168000.0"
"2660","7/30/2015","Noodle Play","Chinese food delivery","Unknown","Mumbai","Elliot Stechman, Gautam Sinha, Ambarish Ray","Seed Funding","168000.0"
"2661","7/30/2015","Wassup","On-Demand Laundry & Dry cleaning App","Unknown","Chennai","B S Nagesh","Private Equity",""
"2662","7/30/2015","Cartisan","On-Demand Car services App","Unknown","Bengaluru","YouWeCan Ventures,\\xc2\\xa0 Aprameya Radhakrishna","Seed Funding",""
"2663","7/31/2015","LazyLad","Hyperlocal Grocery App","Unknown","Gurugram","Jai Choi, Kiyohiro Sugashita, Hirokazu","Private Equity","500000.0"
"2664","7/31/2015","TripFactory","Online Curated Holiday package bookings","Unknown","Bengaluru","Aarin Capital Partners,","Private Equity",""
"2665","7/31/2015","Prothom","Hasbro Toy Manufacturer","Unknown","Pune","Oliphabs Capital","Private Equity","2000000.0"
"2666","7/31/2015","Bona Vita","Travel Tech","Unknown","Gurugram","MakeMyTrip","Private Equity","5000000.0"
"2667","6/1/2015","Vyomo","Beauty and Wellness Platform","Unknown","New Delhi","Aprameya Radhakrishna","Seed Funding",""
"2668","6/1/2015","Veeba Foods","Healthy Food Manufacturer","Unknown","New Delhi","DSG Consumer Partners, Saama Capital.","Private Equity","6000000.0"
"2669","6/1/2015","Truebil","Used Car Marketplace","Unknown","Mumbai","Kae Capital, Anupam Mittal","Seed Funding","500000.0"
"2670","6/1/2015","Meritnation","Online Learning Platform","Unknown","New Delhi","InfoEdge","Private Equity","4000000.0"
"2671","6/1/2015","Eattreatonline","Healthy Food Online Community","Unknown","New Delhi","Group of 15 Angel Investors","Seed Funding","350000.0"
"2672","6/1/2015","CredR","Used two-wheeler Marketplace","Unknown","Mumbai","GrowthStory","Seed Funding",""
"2673","6/1/2015","Glamrs","Online Fashion Video Portal","Unknown","Mumbai","Ventureworks India, Blume Ventures, Batlivala & Karani Securities, Nikunj Jhaveri","Private Equity","1000000.0"
"2674","6/1/2015","Proviera","Probiotic Technology Products Manufacturer","Unknown","Chennai","Infuse Ventures","Private Equity","550000.0"
"2675","6/1/2015","Arth DesignBuild","Architectural Design & Consulting","Unknown","Hyderabad","Srinivas Tirupati","Seed Funding","500000.0"
"2676","6/2/2015","Saama","Big Data & Analytics Services","Unknown","Pune","Carrick Capital Partners","Private Equity","35000000.0"
"2677","6/2/2015","AllIzHealth","Preventive Healthcare Services","Unknown","Pune","Mumbai Angels & Other angel investors","Seed Funding","350000.0"
"2678","6/2/2015","Karma Healthcare","Tech-enabled Rural Healthcare Services","Unknown","Udaipur","Ennovent Impact Investment Holding","Private Equity",""
"2679","6/3/2015","Entropy Innovations","Engineering Innovations","Unknown","Mumbai","Mark Mobius & 9 Other Angel investors","Seed Funding",""
"2680","6/3/2015","Propstack","Real Estate Intelligence Platform","Unknown","Mumbai","DMG Information","Private Equity","3000000.0"
"2681","6/3/2015","MyTaxiIndia","Online Car Rental Affiliates","Unknown","New Delhi","Green House Ventures","Seed Funding","100000.0"
"2682","6/3/2015","Arkin Net","Data Center Software platform","Unknown","Pune","Nexus Venture Partners","Private Equity","15000000.0"
"2683","6/3/2015","Little Black Book Delhi","Online City & Lifestyle Guide","Unknown","New Delhi","Rajan Anandan, Niraj Singh, Sachin Bhatia, Singapore Angel Network & Aseem Vadehra","Seed Funding","150000.0"
"2684","6/3/2015","MyPoolin","P2P Payments platform","Unknown","New Delhi","Sharad Sharma, Rajan Anandan, Sunil Kalra, Amit Ranjan, Rohan Malhotra,\\xc2\\xa0 Arjun Malhotra, Gautam Gandhi","Seed Funding",""
"2685","6/3/2015","iCustomadeit","Bespoke Merchandize Marketplace","Unknown","Pune","Virendra Shahney, Dr Paresh Doshi","Seed Funding","250000.0"
"2686","6/3/2015","KAARYAH","Women Lifestyle Marketplace","Unknown","Gurugram","Ratan Tata","Seed Funding",""
"2687","6/4/2015","Ecom Express","Logistics Solution Provider","Unknown","New Delhi","Warburg Pincus","Private Equity","137000000.0"
"2688","6/4/2015","Vidooly","Video Intelligence Platform","Unknown","Noida","Bessemer Venture Partners","Private Equity","1000000.0"
"2689","6/4/2015","Zopper","Hyperlocal Shopping App","Unknown","Mumbai","Tiger Global,\\xc2\\xa0 Nirvana Ventures Advisors","Private Equity","20000000.0"
"2690","6/4/2015","Flipkart","eCommerce platform","Unknown","Bengaluru","Morgan Stanley","Private Equity","50000000.0"
"2691","6/5/2015","kWatt Solutions","Renewable energy solutions","Unknown","Mumbai","Unknown","Seed Funding","500000.0"
"2692","6/5/2015","Medwell Ventures","Healthcare Service provider","Unknown","Bengaluru","Fidelity Growth Partners, Fidelity Biosciences","Private Equity","10000000.0"
"2693","6/5/2015","Jugnoo","Auto Rickshaw Based Services","Unknown","Chandigarh","Snow Leopard, Paytm","Private Equity","5000000.0"
"2694","6/8/2015","PosterGully","Artist / Designer Marketplace","Unknown","New Delhi","Natarajan Iyer,Rajesh Sawhney,\\xc2\\xa0 & other Angel investors.","Seed Funding",""
"2695","6/8/2015","Applied Solar Technologies","Off-grid Solar Power","Unknown","Mumbai","Future Fund,Bessemer Venture, Capricorn Investment and IFC","Private Equity","40000000.0"
"2696","6/9/2015","Clovia","Private Label lingerie Ecommerce","Unknown","New Delhi","IvyCap Ventures","Private Equity","5000000.0"
"2697","6/9/2015","Swiggy","Online Food Ordering","Unknown","Bengaluru","Norwest Venture Partners, SAIF Partners, Accel Partners","Private Equity","16500000.0"
"2698","6/9/2015","PayMango","Mobile Commerce Platform","Unknown","Gurugram","Group of Angel Investors","Seed Funding","234000.0"
"2699","6/9/2015","Printland","Online Printing Services","Unknown","New Delhi","SIDBI Venture Capital Ltd","Private Equity",""
"2700","6/9/2015","Teritree","Digital Marketing Services","Unknown","Bengaluru","KCL","Seed Funding","140000.0"
"2701","6/10/2015","Guiddoo","Travel Guide Mobile App","Unknown","Mumbai","Pawan Borle, SVP Fly Dubai & Others","Seed Funding",""
"2702","6/10/2015","Voonik","Fashion Ecommerce store","Unknown","Bengaluru","Sequoia Capital, Seedfund","Private Equity","5000000.0"
"2703","6/11/2015","AdStringO","Mobile Compression Software","Unknown","Mumbai","Arihant Patni, Vishal Khare,\\xc2\\xa0 Viswanath Ramachandran","Seed Funding","350000.0"
"2704","6/11/2015","Faircent.com","Peer to Peer Lending platform","Unknown","Gurugram","M&S Partners Pte. Ltd","Seed Funding","250000.0"
"2705","6/12/2015","La Renon","Global Healthcare products","Unknown","Ahmedabad","Sequoia Capital","Private Equity","16000000.0"
"2706","6/15/2015","Homelane","Home Furnishing Solutions","Unknown","Bengaluru","Sequoia Capital","Private Equity","50000000.0"
"2707","6/15/2015","iSTAR","Skill Training & Placement Platform","Unknown","Bengaluru","Unitus Seed Fund","Private Equity",""
"2708","6/15/2015","Shippr","Intra-City Logistics service","Unknown","Bengaluru","i2india Pvt Ltd","Seed Funding","500000.0"
"2709","6/16/2015","FoodAbhi","online tiffin service aggregator","Unknown","Mumbai","Group of angel investors","Seed Funding",""
"2710","6/16/2015","Karma Recycling","Electronic Goods recycling service","Unknown","New Delhi","Infuse Ventures, Low Carbon Enterprise Fund","Private Equity",""
"2711","6/16/2015","CouponRaja","Online Coupon & comparison platform","Unknown","Mumbai","Mahesh Pratapneni, Pallab Chatterjee & others","Seed Funding","500000.0"
"2712","6/17/2015","Babychakra","Parents & Kids Online platform","Unknown","Mumbai","Mumbai Angels, Patni Family Office, Singapore Angel Network, Karan Maheshwari, Jatin Aneja, Kishor Ganji, Roopa Nath","Seed Funding",""
"2713","6/17/2015","Jiffstore","Online Grocery platform","Unknown","Bengaluru","Unitus Seed Fund, Times Internet","Seed Funding",""
"2714","6/17/2015","MyDentist","Dental Clinic chain","Unknown","Mumbai","LGT Group, Asian Healthcare fund, Seedfund","Private Equity","8200000.0"
"2715","6/18/2015","Moovo","On-Demand Logistics Service","Unknown","New Delhi","YouWeCan Ventures","Seed Funding",""
"2716","6/18/2015","Fracktal Works","3D Printer Manufacturer","Unknown","Bengaluru","Neoteric Infomatique Limited","Private Equity","3000000.0"
"2717","6/18/2015","Hansa Customer Equity","IT / Customer Engagement Consulting","Unknown","Mumbai","ASK Pravi","Private Equity","5000000.0"
"2718","6/18/2015","HealthifyMe","Health & Fitness App","Unknown","Bengaluru","Gopal Srinivasan, Sashi Reddy, Amit Gupta, Pallav Nadhani","Private Equity",""
"2719","6/18/2015","CAKART.in","Online Education Marketplace","Unknown","Bengaluru","Sunil Maheshwari & group of investors","Seed Funding",""
"2720","6/19/2015","Housejoy","Home services marketplace","Unknown","Bengaluru","Matrix Partners","Private Equity","4000000.0"
"2721","6/19/2015","FundsIndia.com","Financial Services Platform","Unknown","Chennai","Faering Capital, Foundation Capital, Inventus Capital Partners","Private Equity","11000000.0"
"2722","6/20/2015","Cupick","Social Network for Artists","Unknown","Bengaluru","Group of Angel Investors from US/India","Seed Funding","120000.0"
"2723","6/20/2015","Tracxn","Startup funding platform","Unknown","Bengaluru","Sachin Bansal, Bunny Bansal & other investors","Private Equity","10000000.0"
"2724","6/21/2015","Holachef","Food Delivery Platform","Unknown","Mumbai","Kalaari Capital, India Quotient","Private Equity","3100000.0"
"2725","6/22/2015","elong","Data Driven recruitment recommendation","Unknown","Bengaluru","Kunal Bahl, Rohit Bansal, Blume Ventures, Phanindra Sama, Raju Reddy","Private Equity","5000000.0"
"2726","6/22/2015","Ixigo","Travel Search Engine","Unknown","Gurugram","Micromax Informatics","Private Equity",""
"2727","6/22/2015","SkillAngels","Brain Games Platform","Unknown","Chennai","Sprout Angels LLP","Seed Funding",""
"2728","6/22/2015","Vidgyor","Video Advertisement Platform","Unknown","Bengaluru","AngelPrime","Seed Funding","500000.0"
"2729","6/22/2015","Banihal","Algorithmic Match Making Platform","Unknown","New Delhi","Dr David Cheriton","Seed Funding",""
"2730","6/23/2015","Goodservice","Mobile Chat based concierge service","Unknown","New Delhi","Sequoia Capital","Private Equity","1600000.0"
"2731","6/23/2015","Treebo","Online Budget Hotel Booking Service","Unknown","Bengaluru","Matrix Partners India, SAIF Partners","Private Equity","6000000.0"
"2732","6/23/2015","EduKart","Online education marketplace","Unknown","New Delhi","Holostik Group, YouWeCan Ventures, 500 Startups, Vijay Shekhar Sharma, Manish Kheterpal, Amit Patni","Private Equity","1000000.0"
"2733","6/23/2015","Healthians.com","Preventive healthcare services","Unknown","Hyderabad","YouWeCan Ventures","Seed Funding",""
"2734","6/24/2015","LabInApp","Science Learning App","Unknown","Bengaluru","Unitus Seed Fund","Seed Funding",""
"2735","6/24/2015","Syona Cosmetics","Beauty and Wellness platform","Unknown","Chennai","Chennai Angels","Seed Funding",""
"2736","6/24/2015","Sigrid Education","Online Education Platform","Unknown","Noida","Oliphans Capital","Seed Funding",""
"2737","6/24/2015","Indix","SaaS product intelligence platform","Unknown","Unknown","Nokia Growth Partners, Nexus Venture Partners, Avalon Ventures","Private Equity","15000000.0"
"2738","6/24/2015","The Porter","Logistics Tech","Unknown","Mumbai","Sequoia Capital, Kae Capital, Anupam Mittal, Sandeep Tandon","Private Equity","5500000.0"
"2739","6/24/2015","Retention.ai","App Analytics platform","Unknown","Bengaluru","Mercury Fund, Anshu Sharma, Pratyush Prasanna, Robert Winters & others","Seed Funding","500000.0"
"2740","6/25/2015","Fusion Microfinance","Micro Finance Platform","Unknown","New Delhi","Development finance institution Belgian Investment Company, Oikocredit","Private Equity","8600000.0"
"2741","6/25/2015","Zinka","Freight logistics platform","Unknown","Bengaluru","Accel Partners, Flipkart","Private Equity","6000000.0"
"2742","6/26/2015","CreditMantri","Credit Management Services","Unknown","Chennai","IDG Ventures India, Elevar Equity, Accion Venture Lab","Private Equity","2500000.0"
"2743","6/26/2015","GetMyPeon","Hyperlocal Handyman Services","Unknown","Mumbai","Undisclosed investors","Seed Funding","250000.0"
"2744","6/29/2015","UrbanClap","Hyperlocal services marketplace","Unknown","New Delhi","SAIF Partners,\\xc2\\xa0 Accel Partners","Private Equity","10000000.0"
"2745","6/29/2015","StayGlad","Beauty services Mobile Marketplace","Unknown","Bengaluru","Tracxn Labs, Sahil Barua","Seed Funding",""
"2746","6/29/2015","AdWyze","Marketing / Advertising Automation platform","Unknown","Bengaluru","Mape Advisory","Seed Funding","1000000.0"
"2747","6/29/2015","Zimmber","Hyperlocal Handyman Services","Unknown","Mumbai","Naveen Tiwari, Mohit Saxena, Amit Gupta, Piyush Shah, Manish Dugar","Seed Funding","400000.0"
"2748","6/30/2015","Buttercups","Online Lingerie platform","Unknown","Bengaluru","Kanwaljit Singh, Angie Mahtaney, Manoj Varghese","Seed Funding",""
"2749","6/30/2015","RailYatri","Railways Information Mobile app","Unknown","Bengaluru","Helion Ventures, Omidiyar Network, Blume Ventures and Ujama","Private Equity",""
"2750","6/30/2015","aagaar.com","Hyperlocal grocery delivery","Unknown","Gurugram","Group of Investors","Seed Funding",""
"2751","6/30/2015","Flatchat","Flat rental Mobile App","Unknown","Bengaluru","Commonfloor","Private Equity","2500000.0"
"2752","6/30/2015","MyCFO","Wealth Management Platform","Unknown","Mumbai","Sameer Koticha","Private Equity","1500000.0"
"2753","5/1/2015","Foodpanda","Online Food Delivery","Unknown","Gurugram","Goldman Sachs, Rocket Internet","Private Equity","100000000.0"
"2754","5/1/2015","Termsheet","Fund Raising Platform","Unknown","Chennai","Anand Vijay, Nipun Dureja, Satyajit Heeralal, Keith Rodricks, Gaurav Lochan, Azmul Haque, Nikhil Bagri","Seed Funding","100000.0"
"2755","5/4/2015","Applicate","Workforce Management Software","Unknown","Bengaluru","Rishi Vasudev, Amit Gupta, Rajiv Nayan","Seed Funding","550000.0"
"2756","5/4/2015","World Art Community","Online Art Marketplace","Unknown","Gurugram","Viraj Tyagi & others","Seed Funding","200000.0"
"2757","5/4/2015","SpoonJoy","Online Food Delivery","Unknown","Bengaluru","SAIF Partners","Seed Funding","1000000.0"
"2758","5/5/2015","Seed Schools","Affordable Education","Unknown","Hyderabad","Acumen Fund","Seed Funding","650000.0"
"2759","5/5/2015","Ignis Careers","Career Development","Unknown","Hyderabad","Acumen Fund","Seed Funding","250000.0"
"2760","5/5/2015","Square Yards","Real Estate Advisory","Unknown","Gurugram","Undisclosed Investors","Private Equity","6000000.0"
"2761","5/5/2015","Fintellix","Banking Analytics Platform","Unknown","Bengaluru","IDG Ventures, Sequoia Capital","Private Equity","15000000.0"
"2762","5/5/2015","Customer360","Customer Engagement Platform","Unknown","Mumbai","Vishwas Patel","Seed Funding",""
"2763","5/6/2015","Delhivery","Ecommerce Logistics","Unknown","Gurugram","Tiger Global Management, Multiples Alternate Asset Management, Nexus Venture Partners, Times Internet","Private Equity","85000000.0"
"2764","5/6/2015","Swiggy","Online Food Delivery","Unknown","Bengaluru","Norwest Venture Partners","Private Equity","15000000.0"
"2765","5/7/2015","Uniphore","Speech Recognition Solutions","Unknown","Chennai","IDG Ventures, Kris Gopalakrishnan","Private Equity",""
"2766","5/7/2015","Box8","Online Food Delivery","Unknown","Mumbai","Mayfield Ventures","Private Equity","3500000.0"
"2767","5/7/2015","Toppr","Online Education Platform","Unknown","Mumbai","Fidelity Growth Partners India, SAIF Partners,\\xc2\\xa0 Helion Ventures","Private Equity","10000000.0"
"2768","5/7/2015","Vedantu","Online Education Platform","Unknown","Bengaluru","Accel Partners, Tiger Global Management","Private Equity","5000000.0"
"2769","5/8/2015","BuyHatke","Online Product Comparison","Unknown","Bengaluru","S.Gopalakrishnan, Beenos","Seed Funding","1000000.0"
"2770","5/8/2015","KleverKid","Online Education Platform","Unknown","New Delhi","Aarin Capital Partners","Seed Funding",""
"2771","5/8/2015","Uniken","Online Security Platform","Unknown","Pune","Exfinity Ventures","Private Equity","2000000.0"
"2772","5/8/2015","GrandOpinion","Online Medical Diagnostic","Unknown","New Delhi","Florida based Angel investor","Seed Funding","150000.0"
"2773","5/8/2015","HealthifyMe","Health & Fitness App","Unknown","Bengaluru","Micromax Informatics","Private Equity",""
"2774","5/12/2015","ZapStitch","Cloud Data Integration Platform","Unknown","Bengaluru","Helion Venture Partners, Orios Venture Partners","Private Equity","2000000.0"
"2775","5/12/2015","Wassup","Mobile Laundry Cleaning Service","Unknown","Chennai","Arun Chandra Mohan, Praveen Sinha","Private Equity","2000000.0"
"2776","5/12/2015","Mobiefit","Mobile Fitness App","Unknown","Goa","Prototyze","Seed Funding",""
"2777","5/12/2015","Plancess","Online Education Platform","Unknown","Mumbai","Rajendra Gogri,\\xc2\\xa0 Chandrakant Gogri","Seed Funding","2000000.0"
"2778","5/12/2015","WorkHorse","Service-On-Demand Mobile App","Unknown","Mumbai","Undisclosed Investors","Seed Funding",""
"2779","5/13/2015","Innovaccer","Intelligent Data Analytics","Unknown","Noida","Rajan Anandan, Teru Sato, Aneesh Reddy, Venkatesh Valluri","Seed Funding",""
"2780","5/13/2015","MyCuteOffice","Online Office Rental","Unknown","Mumbai","Lead Angels","Seed Funding",""
"2781","5/14/2015","IndianRoots.com","Lifestyle Ecommerce Portal","Unknown","Gurugram","KJS Group","Private Equity","5000000.0"
"2782","5/14/2015","RedPolka","Online Fashion Aggregator","Unknown","Mumbai","Undisclosed Investors","Seed Funding","250000.0"
"2783","5/15/2015","Venturesity","Online Job skills Showcase","Unknown","Bengaluru","Phanindra Sama, Jay Sethuram, Hemant Kanakia, Ravi Trivedi","Seed Funding","270000.0"
"2784","5/18/2015","TheBetterIndia.com","Online News Media","Unknown","Bengaluru","Mohandas Pai","Seed Funding",""
"2785","5/18/2015","Awaaz De","Enterprise Communication Platform","Unknown","Ahmedabad","Samir Shah","Seed Funding",""
"2786","5/19/2015","Chaayos","Offline Tea Chain","Unknown","New Delhi","Tiger Global Management","Private Equity","1000000.0"
"2787","5/19/2015","Akosha","Business Messaging App","Unknown","New Delhi","Sequoia Capital","Private Equity","16000000.0"
"2788","5/19/2015","Cooey","Health Mobile App","Unknown","Bengaluru","Subhash Goyal","Seed Funding","470000.0"
"2789","5/19/2015","MeetUniv","Online Ed-Tech Platform","Unknown","Noida","Peesh Venture Capital","Seed Funding","1000000.0"
"2790","5/19/2015","Inspirock","Online Travel Planning","Unknown","Unknown","MakeMyTrip Innovation Fund","Private Equity",""
"2791","5/19/2015","Crown-it","Hyperlocal Mobile Marketplace","Unknown","Gurugram","Accel Partners, Helion Venture Partners","Private Equity","5500000.0"
"2792","5/19/2015","Trucksfirst","Trucking Logistic Operations","Unknown","Gurugram","SAIF partners","Private Equity","10000000.0"
"2793","5/20/2015","Lookup","B2C Messaging App","Unknown","Bengaluru","Biz Stone","Private Equity","3000000.0"
"2794","5/21/2015","SunTerrace","Rooftop Solar Plants","Unknown","New Delhi","Sunergy Investors","Private Equity",""
"2795","5/22/2015","\\xc2\\xa0Nudgespot","Customer Engagement Platform","Unknown","Bengaluru","Kae Capital, Anoop Goyal, Mike Shah, VA Sastry","Seed Funding","625000.0"
"2796","5/22/2015","CarDekho","Online Car Portal","Unknown","Jaipur","HDFC Bank","Private Equity",""
"2797","5/22/2015","EveningFlavors","Online Table Reservation","Unknown","Bengaluru","Sandiep Shrivatsava","Seed Funding","500000.0"
"2798","5/25/2015","Razorpay","Online Payment Gateway","Unknown","Bengaluru","Punit Soni","Seed Funding",""
"2799","5/25/2015","ZenParent","Parents focused Web Content","Unknown","Bengaluru","i2india Ventures","Seed Funding","500000.0"
"2800","5/25/2015","Newgen Payments","Payments Solution Provider","Unknown","New Delhi","Jan Manten","Seed Funding",""
"2801","5/26/2015","UrbanPro","On-demand Service marketplace","Unknown","Bengaluru","Nirvana Venture Advisors","Private Equity","2000000.0"
"2802","5/26/2015","Goodbox","On-Demand Business messaging","Unknown","Bengaluru","Manipal Group","Seed Funding","200000.0"
"2803","5/26/2015","Renderlogy","Online Home D\\xc3\\xa9cor","Unknown","Hyderabad","Astarc Ventures","Private Equity","1000000.0"
"2804","5/27/2015","Postman","API Workflow platform","Unknown","Bengaluru","Nexus Venture Partners","Seed Funding","1000000.0"
"2805","5/27/2015","Casa2inns","Affordable Hotel Booking Online","Unknown","New Delhi","Accel Partners, Kalaari Capital","Private Equity","5000000.0"
"2806","5/27/2015","FleetRover","Logistics Intelligence","Unknown","Goa","Tim Chen, Sanjay Venkat","Seed Funding","180000.0"
"2807","5/28/2015","TheKarrier","Last Mile Logistics","Unknown","Bengaluru","Sol Primero, Outbox Ventures, Nikunj Jain","Seed Funding","240000.0"
"2808","5/28/2015","Zoomcar","Self-driven Car rental","Unknown","Bengaluru","Sequoia Capital","Private Equity","5000000.0"
"2809","5/28/2015","Truweight","Weight Management Service","Unknown","Hyderabad","Kalaari Capital","Private Equity",""
"2810","5/30/2015","Ather Energy","Electric Scooter Manufacturer","Unknown","Bengaluru","Tiger Global","Private Equity","12000000.0"
"2811","4/3/2015","Swiggy","Online Food Delivery","Unknown","Bengaluru","Accel Partners, SAIF Partners","Private Equity","2000000.0"
"2812","4/4/2015","Bluegape","Web Content Publishing","Unknown","Gurugram","Rudy Gopalakrishnan, ah! Ventures","Seed Funding","200000.0"
"2813","4/4/2015","KeepTrax","Location Based App","Unknown","Hyderabad","Unknown","Seed Funding","1000000.0"
"2814","4/6/2015","InstaLively","Video Streaming","Unknown","New Delhi","Rajesh Sawheny , Rajan Anandan, Amit Ranjan, Niraj Singh, AECAL, MeraEvents.","Seed Funding","120000.0"
"2815","4/7/2015","Pricejugaad","Price Comparison","Unknown","Hyderabad","Amit Tyagi, Sandeep Acharya & others","Seed Funding","165000.0"
"2816","4/7/2015","Quikr","Online Classifieds","Unknown","Mumbai","Tiger Global, Investment AB Kinnevik, Steadview Capital","Private Equity","150000000.0"
"2817","4/7/2015","PressPlay","Travel Entertainment","Unknown","New Delhi","Sequoia Capital, Jason Hirschhorn, Jarett Posner, and Amit Bhatiani","Seed Funding","2200000.0"
"2818","4/7/2015","LogiNext","Logistics Tech","Unknown","Mumbai","Ajit Surana, Sanjay Mehta","Seed Funding",""
"2819","4/8/2015","FirstCry.com","E-Commerce","Unknown","Pune","Silicon Valley Ventures, NEA Ventures, Valiant Capital, IDG Ventures India,\\xc2\\xa0 SAIF Partners, Vertex Ventures","Private Equity","10000000.0"
"2820","4/8/2015","MobiKwik","Digital / Mobile Wallet","Unknown","Gurugram","Tree Line Asia, Cisco Investments, American Express, Sequoia Capital","Private Equity","25000000.0"
"2821","4/8/2015","Olacabs","Cab Aggregator","Unknown","Bengaluru","DST Global, Steadview Capital, Tiger Global, Accel Partners & Others","Private Equity","400000000.0"
"2822","4/9/2015","Gadgetwood","Device Repair Svcs","Unknown","New Delhi","Ajai Chowdhry, Ashvin Chadha, Yogesh Bansal,\\nNitin Singhal & Others","Seed Funding","200000.0"
"2823","4/9/2015","Bonhomia","Premium Beverages","Unknown","New Delhi","Kanwaljit Singh, Shripad Nadkarni, Sarvesh Shahra & Others","Seed Funding","2000000.0"
"2824","4/9/2015","Changer Mints","Digital / Mobile Wallet","Unknown","Kolkata","Hyderabad based investor","Seed Funding","165000.0"
"2825","4/9/2015","Urban Ladder","Online Furnishing\\neCommerce","Unknown","Bengaluru","Sequoia Capital, TR Capital, Steadview Capital, SAIF Partners, Kalaari Capital","Private Equity","50000000.0"
"2826","4/9/2015","Purple Squirrel","EdTech","Unknown","Mumbai","Matrix Partners India, India Quotient","Private Equity",""
"2827","4/10/2015","Whatfix","Interactive How-To Guides","Unknown","Bengaluru","Helion Venture Partner, Powerhouse Ventures, GSF and Other angel investors","Seed Funding","900000.0"
"2828","4/10/2015","iMMi Life","Mobile Health Tech","Unknown","Chennai","Unitus Seed Fund","Seed Funding",""
"2829","4/11/2015","Zomato","Restaurant Reviews","Unknown","Gurugram","Info Edge (India)","Private Equity","25000000.0"
"2830","4/13/2015","ZopNow","Online Grocer","Unknown","Bengaluru","Dragoneer Investment, Accel Partners, Qualcomm Ventures, Times Internet","Private Equity","10000000.0"
"2831","4/13/2015","Nayi Disha","EdTech","Unknown","New Delhi","Ajay Relan,","Seed Funding","300000.0"
"2832","4/13/2015","The Porter","Logistics Tech","Unknown","Mumbai","Kae Capital","Seed Funding","500000.0"
"2833","4/13/2015","Commeasure","Online Hotel Booking","Unknown","Noida","Jungle Ventures","Seed Funding","1000000.0"
"2834","4/13/2015","Capricoast","Online Kitchen Furniture","Unknown","Bengaluru","Accel Partners India","Seed Funding","1250000.0"
"2835","4/14/2015","LocalOye","Hyper-local Online Services","Unknown","Mumbai","Tiger Global Management, Lightspeed Venture Partners","Private Equity","5000000.0"
"2836","4/15/2015","Grofers","Hyper-Local Online/Mobile Grocery","Unknown","Gurugram","Tiger Global, Sequoia Capital","Private Equity","35000000.0"
"2837","4/15/2015","PepperTap","Hyper-Local Online/Mobile Grocery","Unknown","Gurugram","SAIF Partners, Sequoia Capital","Private Equity","10000000.0"
"2838","4/15/2015","PolicyBazaar","Online Policy Aggregator","Unknown","Gurugram","PremjiInvest, Tiger Global, Ribbit Capital","Private Equity","40000000.0"
"2839","4/16/2015","UrbanClap","Hyperlocal Mobile Services Marketplace","Unknown","New Delhi","SAIF Partners, Accel Partners, Kunal Bahl, Rohit Bansal","Seed Funding","1600000.0"
"2840","4/16/2015","Taskbob","OnDemand\\nMobile Handyman Services","Unknown","Mumbai","Orios Venture Partners, Mayfield India","Seed Funding","1200000.0"
"2841","4/17/2015","Robosoft","Mobile App Development","Unknown","Udupi","Ascent Capital, Kalaari Capital","Private Equity","12000000.0"
"2842","4/18/2015","Doormint","On-Demand Handyman Services","Unknown","Mumbai","Powai Lake Ventures","Seed Funding",""
"2843","4/20/2015","Vyomo","Beauty & Wellness Mobile App","Unknown","Gurugram","YouWeCan Ventures","Seed Funding",""
"2844","4/20/2015","Pastiwala","Material Collection & Recycling","Unknown","Vadodara","Agnus Capital","Private Equity","4000000.0"
"2845","4/20/2015","1mg (Healthkartplus)","Online Pharmacy & Drug DB","Unknown","Gurugram","Deep Kalra, Sequoia Capital, Omidyar Network, Intel Capital & Kae Capital","Private Equity","6000000.0"
"2846","4/20/2015","Freshdesk","Online / Mobile Customer Support","Unknown","Chennai","Tiger Global, Google Capital & Accel Partners","Private Equity","50000000.0"
"2847","4/20/2015","Sulekha.com","Online Classifieds & Listings","Unknown","Chennai","GIC ventures","Private Equity","28000000.0"
"2848","4/22/2015","FindYahan","Hyperlocal services marketplace","Unknown","New Delhi","The Phoenix Fund","Private Equity",""
"2849","4/22/2015","Eat.Shop.Love","Fashion ECommerce","Unknown","Bengaluru","Undisclosed Investor","Private Equity","3500000.0"
"2850","4/22/2015","Avanti Learning","Private Coaching Centers","Unknown","New Delhi","Michael & Susan Dell Foundation, Pearson Learning Fund","Private Equity","1500000.0"
"2851","4/23/2015","Simplilearn","Online Certification Courses","Unknown","Bengaluru","Mayfield Ventures, Kalaari Capital, Helion Ventures","Private Equity","15000000.0"
"2852","4/23/2015","Craftstvilla","Ethnic Product eCommerce","Unknown","Mumbai","Sequoia Capital, Nexus venture Partners, Lightspeed Ventures, GFC","Private Equity","18000000.0"
"2853","4/23/2015","HeadOut","Last Minute Travel Deals mobile marketplace","Unknown","Bengaluru","Version One Ventures, 500 Startups, Nexus Venture Partners and Arena Ventures","Seed Funding","1800000.0"
"2854","4/23/2015","happay","usiness expense management","Unknown","Bengaluru","AngelPrime","Seed Funding","500000.0"
"2855","4/23/2015","Jugnoo","Auto Rickshaw based Logistics","Unknown","Chandigarh","Rakesh Mathur, Vikas Taneja & others","Seed Funding","1000000.0"
"2856","4/23/2015","EazyDiner","Restaurant reservation app","Unknown","New Delhi","Deepak Shahdadpuri, Gulpreet Kohli","Seed Funding",""
"2857","4/23/2015","Phone Warrior","Spam Call block App","Unknown","New Delhi","Lightspeed Ventures","Seed Funding",""
"2858","4/24/2015","Coverfox","Online Insurance Aggregator","Unknown","Mumbai","Accel US, Accel India, SAIF Partners.","Private Equity","12000000.0"
"2859","4/27/2015","Torqus","Restaurant Management Platform","Unknown","Pune","S S Mukherji & Others","Seed Funding","350000.0"
"2860","4/27/2015","Grab","Food Logistics & Delivery","Unknown","Mumbai","Oliphans Capital, Haresh Chawla","Seed Funding","1000000.0"
"2861","4/27/2015","LogicRoots","Interactive Educational Games","Unknown","Jaipur","Ah! Ventures, Calcutta Angels,\\xc2\\xa0 91SpringBoard","Seed Funding","400000.0"
"2862","4/27/2015","GIBBS","Clean Tech","Unknown","New Delhi","Infuse Ventures fund","Private Equity",""
"2863","4/28/2015","Babajobs","Grey collar Job Board","Unknown","Bengaluru","SEEK Ltd & affiliates","Private Equity","10000000.0"
"2864","4/28/2015","Urban Ladder","Online Furniture ecommerce","Unknown","Bengaluru","Anand Rajaraman, Venky Harinarayan","Private Equity",""
"2865","4/28/2015","Jay Robotix","Robotic Program learning","Unknown","Hyderabad","Cross Border Angels & others","Seed Funding","250000.0"
"2866","4/28/2015","Naaptol.com","Tele-Shopping / eCommerce","Unknown","Mumbai","Mitsui & Co & existing investors","Private Equity","21500000.0"
"2867","4/29/2015","ReGlobe","Used Gadgets Buy / Refurbishing","Unknown","Gurugram","Bessemer Ventures, Blume Ventures","Seed Funding","1000000.0"
"2868","4/29/2015","Icertis","Cloud Enterprise Software","Unknown","Pune","Greycroft Partners, Fidelity Growth Partners","Private Equity","6000000.0"
"2869","4/29/2015","Tracxn","Startup Analytics platform","Unknown","Bengaluru","SAIF Partners","Private Equity","3500000.0"
"2870","4/29/2015","Dazo","Mobile Food Ordering app","Unknown","Bengaluru","Sumit Jain, Aprameya Radhakrishna, Alok Goel, Rajan Anandan, Amit Agrawal, Vinay Goel, Gaurav Munjal, Ashish Dev Kapur","Seed Funding",""
"2871","4/29/2015","Tradelab","Financial Markets Software","Unknown","Bengaluru","Rainmatter","Seed Funding","400000.0"
"2872","4/29/2015","PiQube","Hiring Analytics platform","Unknown","Chennai","The HR Fund","Seed Funding","500000.0"
"2873","4/29/2015","Travel Triangle","Online Travel Marketplace","Unknown","Noida","Bessemer Venture Partners, SAIF Partners","Private Equity","8000000.0"
"2874","3/2/2015","TrulyMadly.com","Unknown","Unknown","Unknown","Helion Venture Partners, Kae Capital","Private Equity","5500000.0"
"2875","3/2/2015","InstaLively","Unknown","Unknown","Unknown","Group of Angel Investors","Seed Funding","120000.0"
"2876","3/3/2015","Vserv","Unknown","Unknown","Unknown","Maverick Capital, IDG Ventures India","Private Equity","15000000.0"
"2877","3/3/2015","Intruo.com","Unknown","Unknown","Unknown","Ashutosh Lawania, Alok Goel & others","Seed Funding",""
"2878","3/5/2015","Niffler","Unknown","Unknown","Unknown","SAIF Partners","Seed Funding","1000000.0"
"2879","3/5/2015","CustomFurnish.com","Unknown","Unknown","Unknown","Madhukar Gangadi, Satish Reddy, Srini Raju, Srini Koppolu & SIDBI","Private Equity","2500000.0"
"2880","3/6/2015","MapMyGenome","Unknown","Unknown","Unknown","Rajan Anandan & other angel investors","Private Equity","1200000.0"
"2881","3/9/2015","Crowdfire (formerly Justunfollow)","Unknown","Unknown","Unknown","Kalaari Capital","Private Equity","2500000.0"
"2882","3/9/2015","Bite Club","Unknown","Unknown","Unknown","Powai Lake Ventures, Aneesh Reddy, Ashish Kashyap, Alok Mittal","Seed Funding","500000.0"
"2883","3/10/2015","Localbanya","Unknown","Unknown","Unknown","Shrem Strategies","Private Equity",""
"2884","3/11/2015","Appedo","Unknown","Unknown","Unknown","Undisclosed Investors","Seed Funding","1000000.0"
"2885","3/11/2015","Fitraq.com","Unknown","Unknown","Unknown","Tarun Arora","Seed Funding","150000.0"
"2886","3/11/2015","ChargeBee","Unknown","Unknown","Unknown","Tiger Global, Accel Partners","Private Equity","5000000.0"
"2887","3/11/2015","Groupon India","Unknown","Unknown","Unknown","Sequoia Capital","Private Equity","20000000.0"
"2888","3/12/2015","Process 9","Unknown","Unknown","Unknown","IAN Ventures, Alok Sharma, Kris Gopalakrishnan, Saurabh Srivastava, Ajai Chowdhry","Seed Funding",""
"2889","3/12/2015","MoonFrog Labs","Unknown","Unknown","Unknown","Tiger Global, Sequoia Capital.","Private Equity","15000000.0"
"2890","3/13/2015","Foodpanda","Unknown","Unknown","Unknown","Rocket Internet AG & others","Private Equity","110000000.0"
"2891","3/13/2015","Paytm","Unknown","Unknown","Unknown","Ratan Tata","Private Equity",""
"2892","3/13/2015","DiabetOmics","Unknown","Unknown","Unknown","VentureEast,\\xc2\\xa0 Varaprasad Reddy","Private Equity","5000000.0"
"2893","3/13/2015","Qyk","Unknown","Unknown","Unknown","Powai Lake Ventures, Zishan Hayath, Abhishek Goyal, Sahil Barua","Seed Funding",""
"2894","3/14/2015","Daily Rounds","Unknown","Unknown","Unknown","Kae Capital, GSF, Teruhide Sato","Seed Funding","500000.0"
"2895","3/14/2015","Orobind","Unknown","Unknown","Unknown","Zishaan Hayath, Lalit Mangal, Harpreet Singh Grover","Seed Funding","200000.0"
"2896","3/14/2015","Routofy","Unknown","Unknown","Unknown","Kunal Bahl, Rohit Bansal","Seed Funding",""
"2897","3/16/2015","Digital Gorkha","Unknown","Unknown","Unknown","Ramesh kavediya","Seed Funding","166000.0"
"2898","3/16/2015","NestAway","Unknown","Unknown","Unknown","IDG Ventures, Naveen Tewari","Seed Funding","1300000.0"
"2899","3/16/2015","The Better India","Unknown","Unknown","Unknown","I-cube-N","Seed Funding","166000.0"
"2900","3/16/2015","Meru Cabs","Unknown","Unknown","Unknown","Value Fund Advisors","Private Equity","50000000.0"
"2901","3/17/2015","GolfLAN","Unknown","Unknown","Unknown","YourNest Angel Fund","Seed Funding",""
"2902","3/18/2015","Drivestream","Unknown","Unknown","Unknown","Wipro","Private Equity","5000000.0"
"2903","3/18/2015","wWhere","Unknown","Unknown","Unknown","Group of Angel Investors","Seed Funding","200000.0"
"2904","3/18/2015","GoJavas","Unknown","Unknown","Unknown","Snapdeal","Private Equity",""
"2905","3/19/2015","Tripoto","Unknown","Unknown","Unknown","IDG Ventures, Outbox Ventures","Private Equity","2000000.0"
"2906","3/19/2015","Graphic India","Unknown","Unknown","Unknown","CA Media LP,\\xc2\\xa0 Start Media.","Seed Funding","2800000.0"
"2907","3/20/2015","Harness Handitouch","Unknown","Unknown","Unknown","Armat Group","Private Equity",""
"2908","3/20/2015","Lets Corp","Unknown","Unknown","Unknown","Wu Chay Chin","Seed Funding","3000000.0"
"2909","3/20/2015","CollateBox","Unknown","Unknown","Unknown","LetsVenture","Seed Funding","180000.0"
"2910","3/20/2015","Mahindra First Choice","Unknown","Unknown","Unknown","Valiant Capital","Private Equity","15000000.0"
"2911","3/21/2015","Round One","Unknown","Unknown","Unknown","HT Media, Arun Duggal","Seed Funding",""
"2912","3/23/2015","RazorPay","Unknown","Unknown","Unknown","Y Combinator","Seed Funding","120000.0"
"2913","3/23/2015","Mosambee","Unknown","Unknown","Unknown","RVCF and SIDBI","Private Equity",""
"2914","3/24/2015","Furlenco","Unknown","Unknown","Unknown","LightBox Ventures","Private Equity","6000000.0"
"2915","3/24/2015","Cubito","Unknown","Unknown","Unknown","Sol Primero","Seed Funding","160000.0"
"2916","3/25/2015","Teabox","Unknown","Unknown","Unknown","JAFCO Asia, Keystone Group, Dragoneer Investment, Accel Partners","Private Equity","6000000.0"
"2917","3/25/2015","Artoo","Unknown","Unknown","Unknown","Accion Venture Labs, Rianta Capital","Private Equity","500000.0"
"2918","3/25/2015","Fxkart.com","Unknown","Unknown","Unknown","Dr Mushtaq Shah, Dr Faraz Naqvi","Seed Funding","2000000.0"
"2919","3/25/2015","Rozgar Mela","Unknown","Unknown","Unknown","Impact Investment Holding, Upaya Social Ventures","Seed Funding",""
"2920","3/25/2015","OYO Rooms","Unknown","Unknown","Unknown","Greenoaks capital, Sequoia Capital, LightSpeed Ventures","Private Equity","25000000.0"
"2921","3/26/2015","Roposo.com","Unknown","Unknown","Unknown","Tiger Global Management, Indian Quotient, Binny Bansal","Private Equity","5000000.0"
"2922","3/26/2015","Teewe","Unknown","Unknown","Unknown","Sequoia Capital, India Quotient","Seed Funding","1750000.0"
"2923","3/26/2015","ePoise","Unknown","Unknown","Unknown","Undisclosed","Seed Funding",""
"2924","3/27/2015","Urjas","Unknown","Unknown","Unknown","Solidarity Venture Capital & others","Seed Funding","100000.0"
"2925","3/27/2015","Chargein","Unknown","Unknown","Unknown","Pittie Group","Seed Funding","100000.0"
"2926","3/28/2015","Yogurt Labs","Unknown","Unknown","Unknown","Nick Adams, Kiran Bhat, Family Pot Investments LLP","Seed Funding","115000.0"
"2927","3/28/2015","LimeRoad.com","Unknown","Unknown","Unknown","Tiger Global, Matrix Partners, Lightspeed Venture Partners","Private Equity","30000000.0"
"2928","3/28/2015","Team Indus","Unknown","Unknown","Unknown","Nandan Nilekani, Rajiv Mody, Ajai Chowdhary","Private Equity","1500000.0"
"2929","3/30/2015","Arohan Financial Services","Unknown","Unknown","Unknown","Tano Capital","Private Equity","10000000.0"
"2930","3/30/2015","BillDesk","Unknown","Unknown","Unknown","TA Associates","Private Equity","75000000.0"
"2931","3/31/2015","Triphobo","Unknown","Unknown","Unknown","Mayfield Ventures, Kalaari Capital","Private Equity","3000000.0"
"2932","3/31/2015","Aryaka","Unknown","Unknown","Unknown","Trinity Ventures, InterWest Partners, Mohr Davidow Ventures, Presidio Ventures","Private Equity","16000000.0"
"2933","3/31/2015","Appsdaily","Unknown","Unknown","Unknown","Zodius Capital, Ru-Net, Kalaari Capital,\\xc2\\xa0 Qualcomm Ventures","Private Equity","16000000.0"
"2934","2/2/2015","Faaya","Unknown","Unknown","Unknown","Group of Angel Investors","Seed\\nFunding","16600.0"
"2935","2/2/2015","InstaBounce","Unknown","Unknown","Unknown","Group of Angel Investors","Seed\\nFunding","16600.0"
"2936","2/2/2015","Chloroplast Foods","Unknown","Unknown","Unknown","Group of Angel Investors","Seed\\nFunding","16600.0"
"2937","2/2/2015","Dealwithus","Unknown","Unknown","Unknown","Group of Angel Investors","Seed\\nFunding","16600.0"
"2938","2/2/2015","CleverSharks","Unknown","Unknown","Unknown","Group of Angel Investors","Seed\\nFunding","16600.0"
"2939","2/2/2015","Leaf","Unknown","Unknown","Unknown","Group of Angel Investors","Seed\\nFunding","16600.0"
"2940","2/2/2015","SmartPocket","Unknown","Unknown","Unknown","Sol Primero, Rajiv Mehta","Seed\\nFunding","250000.0"
"2941","2/2/2015","Yumist","Unknown","Unknown","Unknown","Orios Venture Partner","Private Equity","1000000.0"
"2942","2/2/2015","NowFloats","Unknown","Unknown","Unknown","Omidyar Network","Private Equity",""
"2943","2/2/2015","FirstCry","Unknown","Unknown","Unknown","Valiant Capital Partners","Private Equity","26000000.0"
"2944","2/2/2015","HolaChef","Unknown","Unknown","Unknown","India Quotient","Seed\\nFunding","325000.0"
"2945","2/3/2015","Frsh.co.in","Unknown","Unknown","Unknown","India Quotient, Kae Capital","Seed\\nFunding","518000.0"
"2946","2/3/2015","Manthan","Unknown","Unknown","Unknown","Temasek, Norwest Venture Partners","Private Equity","60000000.0"
"2947","2/5/2015","Kobster.com","Unknown","Unknown","Unknown","Splice Advisors","Seed\\nFunding",""
"2948","2/5/2015","Culture Machine","Unknown","Unknown","Unknown","Tiger Global, Times Internet, Zodius Capital","Private Equity","18000000.0"
"2949","2/5/2015","Paytm","Unknown","Unknown","Unknown","Ant Financial Services (Alipay)","Private Equity",""
"2950","2/5/2015","Aisle.co","Unknown","Unknown","Unknown","Anand Vijay, Shashank Mehrotra & Others","Seed\\nFunding","100000.0"
"2951","2/6/2015","FreeCharge","Unknown","Unknown","Unknown","Valiant Capital, Tybourne Capital, Sequoia Capital, RuNet and Sofina","Private Equity","80000000.0"
"2952","2/6/2015","NewsHunt","Unknown","Unknown","Unknown","Falcon Edge Capital, Matrix Partners India, Sequoia Capital India and Omidyar Network","Private Equity","40000000.0"
"2953","2/9/2015","MyNoticePeriod","Unknown","Unknown","Unknown","IDG Ventures","Private Equity","3000000.0"
"2954","2/9/2015","CarDekho.com","Unknown","Unknown","Unknown","Ratan Tata","Private Equity",""
"2955","2/9/2015","Faaso\\xe2\\x80\\x99s","Unknown","Unknown","Unknown","Lightbox Ventures","Private Equity","20000000.0"
"2956","2/10/2015","CarTrade.com","Unknown","Unknown","Unknown","Chip Perry","Private Equity",""
"2957","2/10/2015","StoreKing","Unknown","Unknown","Unknown","Mangrove Capital Partners","Private Equity",""
"2958","2/11/2015","Capital Float","Unknown","Unknown","Unknown","SAIF Partners, Sequoia Capital, Aspada","Private Equity","13000000.0"
"2959","2/11/2015","Nimble Wireless","Unknown","Unknown","Unknown","AngelPrime","Seed\\nFunding","3000000.0"
"2960","2/11/2015","Townscript","Unknown","Unknown","Unknown","Group of Angel Investors","Seed\\nFunding",""
"2961","2/11/2015","FindYahan","Unknown","Unknown","Unknown","Karan Bajwa, Parvesh Bareja , Sunjay Kapur, Amanpreet Bajaj","Seed\\nFunding",""
"2962","2/12/2015","Stayzilla","Unknown","Unknown","Unknown","Nexus Venture Partners, Matrix Partners","Private Equity","20000000.0"
"2963","2/12/2015","Practo","Unknown","Unknown","Unknown","Sequoia Capital, Matrix Partners","Private Equity","30000000.0"
"2964","2/13/2015","CimplyFive","Unknown","Unknown","Unknown","Suresh Senapaty, TV Mohandas Pai","Seed\\nFunding",""
"2965","2/13/2015","20Dresses","Unknown","Unknown","Unknown","Srinivas Aluri, Srinivas Modukury, BS Nagesh","Seed\\nFunding","1000000.0"
"2966","2/13/2015","Itzcash","Unknown","Unknown","Unknown","Ashok Goel (promoter)","Private Equity","16500000.0"
"2967","2/16/2015","NewsInShorts","Unknown","Unknown","Unknown","Tiger Global, Rebright Partners, Sachin and Binny Bansal","Private Equity","4150000.0"
"2968","2/16/2015","iTraveller.com","Unknown","Unknown","Unknown","ah! Ventures","Private Equity","1000000.0"
"2969","2/17/2015","NextGen","Unknown","Unknown","Unknown","Mumbai Angels & Group of other investors","Seed\\nFunding",""
"2970","2/18/2015","Wooplr.com","Unknown","Unknown","Unknown","Helion Venture Partners","Private Equity","5000000.0"
"2971","5/19/2015","Springleap","Unknown","Unknown","Unknown","Cross Border Angels","Seed\\nFunding","800000.0"
"2972","2/20/2015","Klip.in","Unknown","Unknown","Unknown","Calcutta Angels, Venture Nursery Angels Mumbai Angels","Seed\\nFunding","500000.0"
"2973","2/20/2015","Renderlogy","Unknown","Unknown","Unknown","Brick Eagle","Private Equity","1600000.0"
"2974","2/21/2015","Appbase","Unknown","Unknown","Unknown","DA-IICT, Techstars, Carnegie Mellon University, Startup Brasil program","Seed\\nFunding","290000.0"
"2975","2/23/2015","HomeLane","Unknown","Unknown","Unknown","Sequoia Capital, Ranjan Pai, Mohandas Pai & others","Private Equity","4500000.0"
"2976","2/23/2015","Trip38","Unknown","Unknown","Unknown","InterGlobe Technology Quotient, Lantern Capital","Private Equity","1000000.0"
"2977","2/23/2015","Smartairtrip.com","Unknown","Unknown","Unknown","Undisclosed","Private Equity","10000000.0"
"2978","2/23/2015","NoBroker","Unknown","Unknown","Unknown","SAIF Partners, Fulcrum Ventures","Private Equity","3000000.0"
"2979","2/24/2015","Caravan Craft Retail","Unknown","Unknown","Unknown","Unitus Seed Fund\\nNarayan Ramachandran, Bijou Kurien","Seed\\nFunding","500000.0"
"2980","2/25/2015","SquadRun","Unknown","Unknown","Unknown","Amit Ranjan, Deepinder Goyal, Zishaan Hayath, Powai Lake Ventures","Seed\\nFunding",""
"2981","2/25/2015","Clonect Solutions","Unknown","Unknown","Unknown","V Balakrishnan, T V Mohandas Pai, BC Prabhakar","Seed\\nFunding","250000.0"
"2982","2/25/2015","TaxSutra","Unknown","Unknown","Unknown","V Balakrishnan, T V Mohandas Pai","Seed\\nFunding","160000.0"
"2983","2/25/2015","PepperTap","Unknown","Unknown","Unknown","Sequoia Capital","Seed\\nFunding",""
"2984","2/25/2015","Sattviko","Unknown","Unknown","Unknown","Sumit Jain, Rajat Jain, Sanjay Bhasin","Seed\\nFunding","320000.0"
"2985","2/25/2015","IndustryBuying","Unknown","Unknown","Unknown","SAIF Partners","Private Equity","2000000.0"
"2986","2/26/2015","FreshWorld","Unknown","Unknown","Unknown","Kris Gopalakrishnan, Nagaraja Prakasam","Seed\\nFunding",""
"2987","2/26/2015","TinyOwl","Unknown","Unknown","Unknown","Matrix Partners, Sequoia Capital, Nexus Venture Partners","Private Equity","16000000.0"
"2988","2/27/2015","Momoe","Unknown","Unknown","Unknown","IDG Ventures India, Jungle Ventures, India Quotient.","Seed\\nFunding","1200000.0"
"2989","2/27/2015","Grofers","Unknown","Unknown","Unknown","Tiger Global Management, Sequoia Capital India","Private Equity","10000000.0"
"2990","1/2/2015","LensKart","Unknown","Unknown","Unknown","TPG Growth, TR Capital, IDG Ventures","Private Equity","2150000.0"
"2991","1/2/2015","VioletStreet","Unknown","Unknown","Unknown","Venkat Vallabhneni, Sudhakar Reddy, Srinivasa Rao Paturi","Seed\\nFunding","315000.0"
"2992","1/5/2015","Lookup","Unknown","Unknown","Unknown","DeNA Co., Japan & Teruhide Sato (in Addition to MKS Switzerland & Kris GopalKrishnan)","Seed\\nFunding","380000.0"
"2993","1/5/2015","#Fame","Unknown","Unknown","Unknown","TO THE NEW Ventures","Private Equity","10000000.0"
"2994","1/5/2015","Gympik","Unknown","Unknown","Unknown","Tom Clausen, Rohan Ajila, Haldyn Glass","Seed Funding","135000.0"
"2995","1/6/2015","Near.in","Unknown","Unknown","Unknown","Anupam Mittal, Manish Vij, Prashant Tandon, Gaurav Agarwal, Akash Agarwal, Himanshu Aggarwal, Kevin Parikh","Seed Funding","285000.0"
"2996","1/6/2015","Purplle.com","Unknown","Unknown","Unknown","IvyCap Ventures","Private Equity",""
"2997","1/6/2015","NumberMall","Unknown","Unknown","Unknown","SRI Capital","Private Equity","10000000.0"
"2998","1/6/2015","Tookitaki","Unknown","Unknown","Unknown","Jungle Ventures, Redbright Partners, Blume Ventures","Private\\nEquity","1000000.0"
"2999","1/6/2015","Frankly","Unknown","Unknown","Unknown","Matrix Partners","Seed Funding","600000.0"
"3000","1/7/2015","Faircent","Unknown","Unknown","Unknown","Devesh Sachdev, Ashish Tiwari","Seed Funding",""
"3001","1/7/2015","Nurturey","Unknown","Unknown","Unknown","Seedrs Crowd funding platform","Crowd funding","125000.0"
"3002","1/7/2015","Bewakoof","Unknown","Unknown","Unknown","Rohit Bansal, Kunal Bahl, Nikhil Vora","Seed Funding",""
"3003","1/7/2015","Stridalyzer","Unknown","Unknown","Unknown","Kickstarter","Crowd Funding","30768.0"
"3004","1/7/2015","Commonfloor","Unknown","Unknown","Unknown","Google Capital","Private Equity","5000000.0"
"3005","1/9/2015","Sokrati","Unknown","Unknown","Unknown","IvyCap Ventures, Inventus Capital","Private Equity",""
"3006","1/9/2015","YepMe","Unknown","Unknown","Unknown","JS Capital, Helion Venture Partners, Capricorn Investment Group","Private Equity","13000000.0"
"3007","1/9/2015","TapCibo","Unknown","Unknown","Unknown","Alok Goel","Seed Funding",""
"3008","1/12/2015","Verayu","Unknown","Unknown","Unknown","GWB Group, Blume Ventures","Private Equity",""
"3009","1/12/2015","MyDreamStore","Unknown","Unknown","Unknown","Undisclosed Investors","Seed Funding","290000.0"
"3010","1/13/2015","AppVirality","Unknown","Unknown","Unknown","Rajan Anandan, Mike Galgon, Ashim Mehra, Mohit Saxena, Ravi Gururaj, TNN Capital & IIG","Seed Funding",""
"3011","1/14/2015","RateGain","Unknown","Unknown","Unknown","TA Associates","Private Equity","50000000.0"
"3012","1/15/2015","Wishberry","Unknown","Unknown","Unknown","Rajan Anandan, Shankar Mahadevan, Deep Kalra & Others","Seed Funding","650000.0"
"3013","1/16/2015","eKincare","Unknown","Unknown","Unknown","Adroitent Pvt. Ltd.","Seed Funding","161000.0"
"3014","1/18/2015","ShopClues","Unknown","Unknown","Unknown","Tiger Global & Other investors","Private Equity","100000000.0"
"3015","1/19/2015","Refiral","Unknown","Unknown","Unknown","Cogent E Services","Seed Funding","330000.0"
"3016","1/19/2015","Ping Digital","Unknown","Unknown","Unknown","Consortium of Angel Investors","Seed Funding",""
"3017","1/19/2015","HealthyWorld.in","Unknown","Unknown","Unknown","Group of Angel Investors","Seed Funding","200000.0"
"3018","1/19/2015","Hostel Dunia","Unknown","Unknown","Unknown","Hyderabad Angels (at Startup Heroes event)","Seed Funding","16000.0"
"3019","1/19/2015","Play your sport","Unknown","Unknown","Unknown","Hyderabad Angels (at Startup Heroes event)","Seed Funding","16000.0"
"3020","1/19/2015","Yo Grad","Unknown","Unknown","Unknown","Hyderabad Angels (at Startup Heroes event)","Seed Funding","16000.0"
"3021","1/19/2015","Enabli","Unknown","Unknown","Unknown","Hyderabad Angels (at Startup Heroes event)","Seed Funding","16000.0"
"3022","1/19/2015","CBS","Unknown","Unknown","Unknown","Hyderabad Angels (at Startup Heroes event)","Seed Funding","16000.0"
"3023","1/20/2015","Hopscotch","Unknown","Unknown","Unknown","Eduardo Saverin & Velos Capital","Private Equity","11000000.0"
"3024","1/20/2015","Amagi Media Labs","Unknown","Unknown","Unknown","Premji Invest & Mayfield Fund","Private Equity",""
"3025","1/20/2015","HealthyWorld.in","Unknown","Unknown","Unknown","Group of Angel Investors","Seed Funding","200000.0"
"3026","1/21/2015","Simplilearn","Unknown","Unknown","Unknown","Mayfield India, Kalaari Capital, Helion Ventures","Private Equity","14750000.0"
"3027","1/21/2015","MyDreamStore","Unknown","Unknown","Unknown","Undisclosed Investors","Seed Funding","325000.0"
"3028","5/21/2015","Knit","Unknown","Unknown","Unknown","Rohit Jain, Amit Rambhia & Others","Seed Funding",""
"3029","5/21/2015","Villgro","Unknown","Unknown","Unknown","Michael & Susan Dell Foundation","Seed Funding","3250000.0"
"3030","1/22/2015","Corporate360","Unknown","Unknown","Unknown","Group of Angel Investors","Seed Funding","200000.0"
"3031","1/22/2015","Freshmonk","Unknown","Unknown","Unknown","August Capital Partners, Michael Blakey","Seed Funding",""
"3032","1/22/2015","Englishleap.com","Unknown","Unknown","Unknown","ANALEC","Private Equity",""
"3033","1/22/2015","Antuit","Unknown","Unknown","Unknown","Goldman Sachs, Zodius Capital","Private Equity","56000000.0"
"3034","1/22/2015","Caratlane.com","Unknown","Unknown","Unknown","Tiger Global","Private Equity","31000000.0"
"3035","1/24/2015","Aasaanjobs","Unknown","Unknown","Unknown","Inventus Capital Partners, IDG Ventures","Seed Funding","1500000.0"
"3036","1/24/2015","Impartus","Unknown","Unknown","Unknown","Kaizen Private Equity","Private Equity",""
"3037","1/25/2015","Thrill App","Unknown","Unknown","Unknown","People Group (Shaadi.com)","Private Equity","1000000.0"
"3038","1/27/2015","CarDekho.com","Unknown","Unknown","Unknown","Hillhouse Capital, Tybourne Capital","Private Equity","50000000.0"
"3039","1/28/2015","Grabhouse.com","Unknown","Unknown","Unknown","Kalaari Capital, Sequoia Capital","Private Equity","2500000.0"
"3040","1/29/2015","Printvenue","Unknown","Unknown","Unknown","Asia Pacific Internet Group","Private Equity","4500000.0"
"3041","1/29/2015","Graphene","Unknown","Unknown","Unknown","KARSEMVEN Fund","Private Equity","825000.0"
"3042","1/30/2015","Mad Street Den","Unknown","Unknown","Unknown","Exfinity Fund, GrowX Ventures.","Private Equity","1500000.0"
"3043","1/30/2015","Simplotel","Unknown","Unknown","Unknown","MakeMyTrip","Private Equity",""
"3044","1/31/2015","couponmachine.in","Unknown","Unknown","Unknown","UK based Group of Angel Investors","Seed Funding","140000.0"
